t,channel,post_id,type,value,modifier,tags,lat,lon,text,source
2026-06-30T15:16:33+00:00,kpszsu,66928,область,Дніпропетровська,захід,БпЛА,48.4647,35.0462,"🛵 Реактивний БпЛА на заході Дніпропетровщини, курс північно західний (повз н.п.Широке)",https://t.me/kpszsu/66928
2026-06-30T15:19:22+00:00,kpszsu,66929,область,Дніпропетровська,південь,БпЛА,48.4647,35.0462,🛵 Реактивний БпЛА в напрямку м.Кривий Ріг з півдня.,https://t.me/kpszsu/66929
2026-06-30T15:33:27+00:00,kpszsu,66930,область,Запорізька,схід,БпЛА,47.8388,35.1396,🛵 Реактивний БпЛА в напрямку м.Запоріжжя зі сходу.,https://t.me/kpszsu/66930
2026-06-30T16:01:45+00:00,kpszsu,66931,область,Чернігівська,,БпЛА,51.4982,31.2893,"🛵 БпЛА на Чернігівщині, курс південний (повз н.п.Короп)",https://t.me/kpszsu/66931
2026-06-30T16:29:50+00:00,kpszsu,66932,область,Чернігівська,південь,БпЛА,51.4982,31.2893,"🛵 БпЛА на півдні Чернігівщини, курс на Київщину (Бровари)",https://t.me/kpszsu/66932
2026-06-30T16:29:50+00:00,kpszsu,66932,область,Київська,,БпЛА,50.4501,30.5234,"🛵 БпЛА на півдні Чернігівщини, курс на Київщину (Бровари)",https://t.me/kpszsu/66932
2026-06-30T17:04:12+00:00,kpszsu,66933,область,Сумська,північ,БпЛА,50.9077,34.7981,🛵 БпЛА в напрямку м.Суми з півночі.,https://t.me/kpszsu/66933
2026-06-30T17:24:00+00:00,kpszsu,66934,область,Сумська,,,50.9077,34.7981,🚀 Швидкісна ціль на Шостку.,https://t.me/kpszsu/66934
2026-06-30T17:25:35+00:00,kpszsu,66935,область,Одеська,,ракета,46.4825,30.7233,🚀 Ракета на Одесу,https://t.me/kpszsu/66935
2026-06-30T17:55:48+00:00,kpszsu,66940,область,Чернігівська,,БпЛА,51.4982,31.2893,🛵 Реактивні БпЛА в районі н.п.Мена Чернігівщина та  н.п.Високопілля на Херсонщині.,https://t.me/kpszsu/66940
2026-06-30T17:55:48+00:00,kpszsu,66940,область,Херсонська,,БпЛА,46.6354,32.6169,🛵 Реактивні БпЛА в районі н.п.Мена Чернігівщина та  н.п.Високопілля на Херсонщині.,https://t.me/kpszsu/66940
2026-06-30T18:23:33+00:00,kpszsu,66942,область,Сумська,,КАБ,50.9077,34.7981,КАБи на Сумщині та Донеччині.,https://t.me/kpszsu/66942
2026-06-30T18:23:33+00:00,kpszsu,66942,область,Донецька,,КАБ,48.0159,37.8029,КАБи на Сумщині та Донеччині.,https://t.me/kpszsu/66942
2026-06-30T19:19:25+00:00,kpszsu,66944,область,Миколаївська,,ракета,46.975,31.9946,🚀 Ракета на Миколаївщині,https://t.me/kpszsu/66944
2026-06-30T20:55:37+00:00,kpszsu,66946,область,Сумська,північ,БпЛА,50.9077,34.7981,🛵 БпЛА курсом на м.Суми з півночі.,https://t.me/kpszsu/66946
2026-06-30T22:39:50+00:00,kpszsu,66947,область,Чернігівська,схід,БпЛА,51.4982,31.2893,"🛵 БпЛА на сході Чернігівщини, курс південний (повз н.п.Борзна)",https://t.me/kpszsu/66947
2026-06-30T22:42:04+00:00,kpszsu,66948,область,Полтавська,,БпЛА,49.5883,34.5514,"🛵 БпЛА на Полтавщині, курс повз м.Полтава на захід. 🛵 БпЛА в напрямку м.Запоріжжя зі сходу.",https://t.me/kpszsu/66948
2026-06-30T22:42:04+00:00,kpszsu,66948,область,Полтавська,захід,БпЛА,49.5883,34.5514,"🛵 БпЛА на Полтавщині, курс повз м.Полтава на захід. 🛵 БпЛА в напрямку м.Запоріжжя зі сходу.",https://t.me/kpszsu/66948
2026-06-30T22:42:04+00:00,kpszsu,66948,область,Запорізька,захід,БпЛА,47.8388,35.1396,"🛵 БпЛА на Полтавщині, курс повз м.Полтава на захід. 🛵 БпЛА в напрямку м.Запоріжжя зі сходу.",https://t.me/kpszsu/66948
2026-06-30T22:54:56+00:00,kpszsu,66949,область,Дніпропетровська,південь,БпЛА,48.4647,35.0462,🛵 БпЛА в напрямку м.Дніпро з півдня.,https://t.me/kpszsu/66949
2026-06-30T22:56:21+00:00,kpszsu,66950,область,Полтавська,,БпЛА,49.5883,34.5514,"🛵 БпЛА на Полтавщині, курс західний повз н.п.Машівка",https://t.me/kpszsu/66950
2026-07-01T00:31:03+00:00,kpszsu,66952,область,Сумська,,КАБ,50.9077,34.7981,КАБи на Сумщині,https://t.me/kpszsu/66952
2026-07-01T00:32:01+00:00,kpszsu,66953,область,Дніпропетровська,північ,БпЛА,48.4647,35.0462,🛵 БпЛА в напрямку м.Дніпро з півночі.,https://t.me/kpszsu/66953
2026-07-01T00:47:38+00:00,kpszsu,66954,область,Донецька,,КАБ,48.0159,37.8029,КАБи на Донеччині,https://t.me/kpszsu/66954
2026-07-01T01:25:31+00:00,kpszsu,66955,область,Сумська,,БпЛА,50.9077,34.7981,"🛵 БпЛА в на Сумщині, в районі н.п. Ромни, Глухів",https://t.me/kpszsu/66955
2026-07-01T01:25:54+00:00,kpszsu,66956,область,Запорізька,,КАБ,47.8388,35.1396,КАБи на Запоріжжя,https://t.me/kpszsu/66956
2026-07-01T02:08:05+00:00,kpszsu,66957,область,Запорізька,,КАБ,47.8388,35.1396,Пуски КАБ на Запоріжжя та Донеччину,https://t.me/kpszsu/66957
2026-07-01T02:08:05+00:00,kpszsu,66957,область,Донецька,,КАБ,48.0159,37.8029,Пуски КАБ на Запоріжжя та Донеччину,https://t.me/kpszsu/66957
2026-07-01T02:10:34+00:00,kpszsu,66958,область,Херсонська,,БпЛА,46.6354,32.6169,"🛵 Реактивні БпЛА на Херсонщині, курсом на Миколаївщину  (н.п. Снігурівка)",https://t.me/kpszsu/66958
2026-07-01T02:10:34+00:00,kpszsu,66958,область,Миколаївська,,БпЛА,46.975,31.9946,"🛵 Реактивні БпЛА на Херсонщині, курсом на Миколаївщину  (н.п. Снігурівка)",https://t.me/kpszsu/66958
2026-07-01T04:05:55+00:00,kpszsu,66959,область,Сумська,північ,БпЛА,50.9077,34.7981,"🛵 БпЛА на півночі Сумщини, курс південно-західний.",https://t.me/kpszsu/66959
2026-07-01T04:29:23+00:00,kpszsu,66960,область,Запорізька,південь,БпЛА,47.8388,35.1396,🛵 БпЛА в напрямку м.Запоріжжя з півдня.,https://t.me/kpszsu/66960
2026-07-01T04:31:51+00:00,kpszsu,66961,область,Сумська,,БпЛА,50.9077,34.7981,"🛵 БпЛА на Сумщині, курс південний, повз н.п.Хотінь.",https://t.me/kpszsu/66961
2026-07-01T04:38:23+00:00,kpszsu,66963,область,Донецька,,БпЛА|збиття|ракета,48.0159,37.8029,"⚡️ ЗБИТО/ПОДАВЛЕНО РАКЕТУ Х-59 ТА 130 ВОРОЖИХ БПЛА ➖ ➖ ➖ ➖ ➖ ➖ ➖ ➖ ➖ ➖ У ніч на 1 липня (з 18:00 30 червня) противник атакував балістичною ракетою Іскандер-М із Криму, керованою авіаційною ракетою Х-59 із акваторії Чорного моря та 151 ударним БпЛА типу Shahed, Гербера, Італмас та дронами-імітаторами типу «Пародія» із напрямків Брянськ, Курськ, Міллєрово, Орел, Приморсько-Ахтарськ – рф., ТОТ Донецької обл.; Гвардійське – ТОТ АР Крим. Повітряний напад відбивали авіація, зенітні ракетні війська, підрозділи РЕБ та безпілотних систем, мобільні вогневі групи Сил оборони України. 💥 За попередніми даними, станом на 07.30, протиповітряною обороною збито/подавлено керовану авіаційну ракету Х-59 та 130 ворожих БпЛА типу Shahed, Гербера, Італмас та дронів інших типів на півночі, півдні та сході країни. Зафіксовано влучання 17 ударних БпЛА на16 локаціях, а також падіння збитих (уламки) на 4 локаціях. Інформація щодо падіння балістичної ракети уточнюється, інформація про руйнування та постраждалих не надходила. Атака триває, в повітряному просторі декілька ворожих БпЛА. Дотримуйтесь правил безпеки! ✊ Тримаймо небо! 🇺🇦 Разом – до перемоги!",https://t.me/kpszsu/66963
2026-07-01T04:53:44+00:00,kpszsu,66964,область,Полтавська,північ,БпЛА,49.5883,34.5514,🛵 БпЛА курсом на Полтаву з півночі.,https://t.me/kpszsu/66964
2026-07-01T05:40:27+00:00,kpszsu,66965,область,Миколаївська,,БпЛА,46.975,31.9946,🛵 Реактивні БпЛА курсом на Миколаївщину з акваторії Чорного моря.,https://t.me/kpszsu/66965
2026-07-01T05:58:22+00:00,kpszsu,66967,область,Полтавська,,ракета,49.5883,34.5514,🚀 Ракета на Полтаву,https://t.me/kpszsu/66967
2026-07-01T06:01:07+00:00,kpszsu,66969,область,Сумська,північ,КАБ,50.9077,34.7981,Пуски КАБ на півночі Сумщини.,https://t.me/kpszsu/66969
2026-07-01T06:20:24+00:00,kpszsu,66970,область,Харківська,північ,КАБ,49.9935,36.2304,Пуски КАБ на півночі Харківщини.,https://t.me/kpszsu/66970
2026-07-01T06:44:45+00:00,kpszsu,66972,область,Запорізька,північ,БпЛА,47.8388,35.1396,"🛵 Реактивний БпЛА західніше Миколаєва, курс північний. 🛵 БпЛА на Запоріжжі, курсом на Дніпропетровщину. 🛵 БпЛА на межі Сумщини та Чернігівщини, курс східний.",https://t.me/kpszsu/66972
2026-07-01T06:44:45+00:00,kpszsu,66972,область,Дніпропетровська,,БпЛА,48.4647,35.0462,"🛵 Реактивний БпЛА західніше Миколаєва, курс північний. 🛵 БпЛА на Запоріжжі, курсом на Дніпропетровщину. 🛵 БпЛА на межі Сумщини та Чернігівщини, курс східний.",https://t.me/kpszsu/66972
2026-07-01T06:44:45+00:00,kpszsu,66972,область,Сумська,,БпЛА,50.9077,34.7981,"🛵 Реактивний БпЛА західніше Миколаєва, курс північний. 🛵 БпЛА на Запоріжжі, курсом на Дніпропетровщину. 🛵 БпЛА на межі Сумщини та Чернігівщини, курс східний.",https://t.me/kpszsu/66972
2026-07-01T06:44:45+00:00,kpszsu,66972,область,Чернігівська,,БпЛА,51.4982,31.2893,"🛵 Реактивний БпЛА західніше Миколаєва, курс північний. 🛵 БпЛА на Запоріжжі, курсом на Дніпропетровщину. 🛵 БпЛА на межі Сумщини та Чернігівщини, курс східний.",https://t.me/kpszsu/66972
2026-07-01T07:05:02+00:00,kpszsu,66973,область,Дніпропетровська,,авіація,48.4647,35.0462,🚀 Пуски керованих авіаційних бомб ворожою тактичною авіацією на Дніпропетровщину (Синельниківський р-н).,https://t.me/kpszsu/66973
2026-07-01T08:13:19+00:00,kpszsu,66974,область,Чернігівська,північ,БпЛА,51.4982,31.2893,🛵 БпЛА курсом на Чернігів з півночі.,https://t.me/kpszsu/66974
2026-07-01T08:23:07+00:00,kpszsu,66975,область,Донецька,,КАБ,48.0159,37.8029,КАБи на Донеччину!,https://t.me/kpszsu/66975
2026-07-01T08:26:37+00:00,kpszsu,66976,область,Дніпропетровська,північно-захід,БпЛА,48.4647,35.0462,🛵 БпЛА повз Синельникове на Дніпропетровщині ➡️ північно-західним курсом,https://t.me/kpszsu/66976
2026-07-01T09:36:52+00:00,kpszsu,66977,область,Дніпропетровська,південь,БпЛА,48.4647,35.0462,"🛵 БпЛА курсом на Дніпро з півдня. 🛵 БпЛА північніше Кам'янського на Дніпропетровщині, курсом на північ.",https://t.me/kpszsu/66977
2026-07-01T09:36:52+00:00,kpszsu,66977,область,Дніпропетровська,північ,БпЛА,48.4647,35.0462,"🛵 БпЛА курсом на Дніпро з півдня. 🛵 БпЛА північніше Кам'янського на Дніпропетровщині, курсом на північ.",https://t.me/kpszsu/66977
2026-07-01T09:50:56+00:00,kpszsu,66980,область,Одеська,,,46.4825,30.7233,🚀 Швидкісна ціль у напрямку Одещини (Чорноморськ),https://t.me/kpszsu/66980
2026-07-01T10:26:08+00:00,kpszsu,66982,область,Запорізька,північ,БпЛА,47.8388,35.1396,🛵 Ударний БпЛА на м. Запоріжжя з півночі.,https://t.me/kpszsu/66982
2026-07-01T10:55:35+00:00,kpszsu,66983,область,Миколаївська,південь,БпЛА,46.975,31.9946,"🛵 БпЛА курсом на Миколаїв з півдня. 🛵 БпЛА на Дніпропетровщині, курсом на Синельникове. 🛵 БпЛА курсом на Харків з півночі. 🛵 БпЛА курсом на Суми з півночі.",https://t.me/kpszsu/66983
2026-07-01T10:55:35+00:00,kpszsu,66983,область,Дніпропетровська,південь,БпЛА,48.4647,35.0462,"🛵 БпЛА курсом на Миколаїв з півдня. 🛵 БпЛА на Дніпропетровщині, курсом на Синельникове. 🛵 БпЛА курсом на Харків з півночі. 🛵 БпЛА курсом на Суми з півночі.",https://t.me/kpszsu/66983
2026-07-01T10:55:35+00:00,kpszsu,66983,область,Харківська,північ,БпЛА,49.9935,36.2304,"🛵 БпЛА курсом на Миколаїв з півдня. 🛵 БпЛА на Дніпропетровщині, курсом на Синельникове. 🛵 БпЛА курсом на Харків з півночі. 🛵 БпЛА курсом на Суми з півночі.",https://t.me/kpszsu/66983
2026-07-01T10:55:35+00:00,kpszsu,66983,область,Сумська,північ,БпЛА,50.9077,34.7981,"🛵 БпЛА курсом на Миколаїв з півдня. 🛵 БпЛА на Дніпропетровщині, курсом на Синельникове. 🛵 БпЛА курсом на Харків з півночі. 🛵 БпЛА курсом на Суми з півночі.",https://t.me/kpszsu/66983
2026-07-01T11:58:24+00:00,kpszsu,66984,область,Харківська,північ,БпЛА|КАБ,49.9935,36.2304,КАБи на північ Харківщини!,https://t.me/kpszsu/66984
2026-07-01T12:19:49+00:00,kpszsu,66985,область,Дніпропетровська,південь,БпЛА,48.4647,35.0462,🛵 БпЛА курсом на Дніпро з півдня.,https://t.me/kpszsu/66985
2026-07-01T12:29:50+00:00,kpszsu,66986,область,Дніпропетровська,,авіація,48.4647,35.0462,🚀 Пуски керованих авіаційних бомб ворожою тактичною авіацією на Дніпропетровщину (Синельниківський р-н) та Донеччину.,https://t.me/kpszsu/66986
2026-07-01T12:29:50+00:00,kpszsu,66986,область,Донецька,,авіація,48.0159,37.8029,🚀 Пуски керованих авіаційних бомб ворожою тактичною авіацією на Дніпропетровщину (Синельниківський р-н) та Донеччину.,https://t.me/kpszsu/66986
2026-07-01T12:55:25+00:00,kpszsu,66987,область,Запорізька,,авіація,47.8388,35.1396,🚀 Пуски керованих авіаційних бомб ворожою тактичною авіацією на Запорізьку область та Харківщину.,https://t.me/kpszsu/66987
2026-07-01T12:55:25+00:00,kpszsu,66987,область,Харківська,,авіація,49.9935,36.2304,🚀 Пуски керованих авіаційних бомб ворожою тактичною авіацією на Запорізьку область та Харківщину.,https://t.me/kpszsu/66987
2026-07-01T13:18:44+00:00,kpszsu,66988,область,Сумська,,БпЛА,50.9077,34.7981,"🛵 Групи БпЛА в Конотопському районі Сумщини, курсом на Чернігівщину. 🛵 БпЛА в Корюківському районі Чернігівщини, курс західний. 🛵 БпЛА східніше Чернігова, курс південний. 🛵 БпЛА в південній частині Харківщини, курс західний. 🛵 БпЛА в Бериславському районі Херсонщини, курс північний. 🛵 БпЛА курсом на Кривий Ріг зі сходу.",https://t.me/kpszsu/66988
2026-07-01T13:18:44+00:00,kpszsu,66988,область,Чернігівська,,БпЛА,51.4982,31.2893,"🛵 Групи БпЛА в Конотопському районі Сумщини, курсом на Чернігівщину. 🛵 БпЛА в Корюківському районі Чернігівщини, курс західний. 🛵 БпЛА східніше Чернігова, курс південний. 🛵 БпЛА в південній частині Харківщини, курс західний. 🛵 БпЛА в Бериславському районі Херсонщини, курс північний. 🛵 БпЛА курсом на Кривий Ріг зі сходу.",https://t.me/kpszsu/66988
2026-07-01T13:18:44+00:00,kpszsu,66988,область,Харківська,південь,БпЛА,49.9935,36.2304,"🛵 Групи БпЛА в Конотопському районі Сумщини, курсом на Чернігівщину. 🛵 БпЛА в Корюківському районі Чернігівщини, курс західний. 🛵 БпЛА східніше Чернігова, курс південний. 🛵 БпЛА в південній частині Харківщини, курс західний. 🛵 БпЛА в Бериславському районі Херсонщини, курс північний. 🛵 БпЛА курсом на Кривий Ріг зі сходу.",https://t.me/kpszsu/66988
2026-07-01T13:18:44+00:00,kpszsu,66988,область,Херсонська,,БпЛА,46.6354,32.6169,"🛵 Групи БпЛА в Конотопському районі Сумщини, курсом на Чернігівщину. 🛵 БпЛА в Корюківському районі Чернігівщини, курс західний. 🛵 БпЛА східніше Чернігова, курс південний. 🛵 БпЛА в південній частині Харківщини, курс західний. 🛵 БпЛА в Бериславському районі Херсонщини, курс північний. 🛵 БпЛА курсом на Кривий Ріг зі сходу.",https://t.me/kpszsu/66988
2026-07-01T13:18:44+00:00,kpszsu,66988,область,Дніпропетровська,північ,БпЛА,48.4647,35.0462,"🛵 Групи БпЛА в Конотопському районі Сумщини, курсом на Чернігівщину. 🛵 БпЛА в Корюківському районі Чернігівщини, курс західний. 🛵 БпЛА східніше Чернігова, курс південний. 🛵 БпЛА в південній частині Харківщини, курс західний. 🛵 БпЛА в Бериславському районі Херсонщини, курс північний. 🛵 БпЛА курсом на Кривий Ріг зі сходу.",https://t.me/kpszsu/66988
2026-07-01T13:24:19+00:00,kpszsu,66990,область,Донецька,,КАБ,48.0159,37.8029,КАБи на Донеччину!,https://t.me/kpszsu/66990
2026-07-01T13:57:22+00:00,kpszsu,66991,область,Миколаївська,південно-схід,БпЛА,46.975,31.9946,🛵 БпЛА курсом на Миколаїв з південно-східного напрямку.,https://t.me/kpszsu/66991
2026-07-01T14:46:30+00:00,kpszsu,66992,область,Полтавська,схід,БпЛА,49.5883,34.5514,🛵 БпЛА курсом на Кременчук зі сходу.,https://t.me/kpszsu/66992
2026-07-01T14:47:40+00:00,kpszsu,66993,область,Запорізька,південь,БпЛА,47.8388,35.1396,"🛵 БпЛА курсом на Запоріжжя з півдня. 🛵 Групи БпЛА в Конотопському районі Сумщини, курс західний.",https://t.me/kpszsu/66993
2026-07-01T14:47:40+00:00,kpszsu,66993,область,Сумська,південь,БпЛА,50.9077,34.7981,"🛵 БпЛА курсом на Запоріжжя з півдня. 🛵 Групи БпЛА в Конотопському районі Сумщини, курс західний.",https://t.me/kpszsu/66993
2026-07-01T14:47:40+00:00,kpszsu,66993,область,Сумська,,БпЛА,50.9077,34.7981,"🛵 БпЛА курсом на Запоріжжя з півдня. 🛵 Групи БпЛА в Конотопському районі Сумщини, курс західний.",https://t.me/kpszsu/66993
2026-07-01T15:30:46+00:00,kpszsu,66994,область,Сумська,захід,БпЛА,50.9077,34.7981,🛵 Група ударних БпЛА на заході Сумщини курсом на Чернігівщину.,https://t.me/kpszsu/66994
2026-07-01T15:30:46+00:00,kpszsu,66994,область,Чернігівська,,БпЛА,51.4982,31.2893,🛵 Група ударних БпЛА на заході Сумщини курсом на Чернігівщину.,https://t.me/kpszsu/66994
2026-07-01T16:27:57+00:00,kpszsu,66996,область,Сумська,захід,БпЛА,50.9077,34.7981,🛵 БпЛА на заході Сумщини курсом на Чернігівщину західним курсом. 🛵 БпЛА на півночі Чернігівщини курсом на Київщину; 🛵 БпЛА на Полтавщині курсом на Полтаву з півночі та Кременчук зі сходу.,https://t.me/kpszsu/66996
2026-07-01T16:27:57+00:00,kpszsu,66996,область,Чернігівська,захід,БпЛА,51.4982,31.2893,🛵 БпЛА на заході Сумщини курсом на Чернігівщину західним курсом. 🛵 БпЛА на півночі Чернігівщини курсом на Київщину; 🛵 БпЛА на Полтавщині курсом на Полтаву з півночі та Кременчук зі сходу.,https://t.me/kpszsu/66996
2026-07-01T16:27:57+00:00,kpszsu,66996,область,Чернігівська,північ,БпЛА,51.4982,31.2893,🛵 БпЛА на заході Сумщини курсом на Чернігівщину західним курсом. 🛵 БпЛА на півночі Чернігівщини курсом на Київщину; 🛵 БпЛА на Полтавщині курсом на Полтаву з півночі та Кременчук зі сходу.,https://t.me/kpszsu/66996
2026-07-01T16:27:57+00:00,kpszsu,66996,область,Київська,,БпЛА,50.4501,30.5234,🛵 БпЛА на заході Сумщини курсом на Чернігівщину західним курсом. 🛵 БпЛА на півночі Чернігівщини курсом на Київщину; 🛵 БпЛА на Полтавщині курсом на Полтаву з півночі та Кременчук зі сходу.,https://t.me/kpszsu/66996
2026-07-01T16:27:57+00:00,kpszsu,66996,область,Полтавська,північ,БпЛА,49.5883,34.5514,🛵 БпЛА на заході Сумщини курсом на Чернігівщину західним курсом. 🛵 БпЛА на півночі Чернігівщини курсом на Київщину; 🛵 БпЛА на Полтавщині курсом на Полтаву з півночі та Кременчук зі сходу.,https://t.me/kpszsu/66996
2026-07-01T16:30:35+00:00,kpszsu,66997,область,Дніпропетровська,південь,БпЛА,48.4647,35.0462,🛵 Ударні БпЛА на Кривий Ріг з півдня.,https://t.me/kpszsu/66997
2026-07-01T16:32:24+00:00,kpszsu,66998,область,Харківська,південь,БпЛА,49.9935,36.2304,🛵 Ударні БпЛА на Харків з півдня та заходу.,https://t.me/kpszsu/66998
2026-07-01T16:47:01+00:00,kpszsu,67000,область,Полтавська,схід,БпЛА,49.5883,34.5514,🛵 БпЛА курсом на Кременчук зі сходу.,https://t.me/kpszsu/67000
2026-07-01T16:54:16+00:00,kpszsu,67001,область,Київська,,БпЛА,50.4501,30.5234,"🛵 Реактивні БпЛА в Бориспільському районі, курсом на Київ.",https://t.me/kpszsu/67001
2026-07-01T17:16:31+00:00,kpszsu,67002,область,Київська,,БпЛА,50.4501,30.5234,🛵 Реактивний БпЛА курсом на Вишневе/Київ.,https://t.me/kpszsu/67002
2026-07-01T17:29:29+00:00,kpszsu,67003,область,Київська,схід,БпЛА,50.4501,30.5234,🛵 Реактивний БпЛА курсом на Київ зі сходу.,https://t.me/kpszsu/67003
2026-07-01T17:55:27+00:00,kpszsu,67004,область,Київська,,БпЛА,50.4501,30.5234,"🛵 Реактивний БпЛА повз Димер, курсом на Київ.",https://t.me/kpszsu/67004
2026-07-01T18:00:08+00:00,kpszsu,67005,область,Харківська,північ,КАБ,49.9935,36.2304,КАБи на північ Харківщини!,https://t.me/kpszsu/67005
2026-07-01T18:11:10+00:00,kpszsu,67006,область,Дніпропетровська,південно-схід,БпЛА,48.4647,35.0462,🛵 БпЛА курсом на Кривий Ріг з південно-східного напрямку.,https://t.me/kpszsu/67006
2026-07-01T18:33:19+00:00,kpszsu,67007,область,Київська,північ,БпЛА,50.4501,30.5234,"🛵 БпЛА східніше Миколаєва, курс північно-західний. 🛵 Реактивні БпЛА на півночі Київщини та на заході Чернігівщини, курс південний (Київ). 🛵 Групи БпЛА в Конотопському районі Сумщини, курс західний. 🛵 БпЛА в Бериславському районі Херсонщини, курс північний.",https://t.me/kpszsu/67007
2026-07-01T18:33:19+00:00,kpszsu,67007,область,Чернігівська,захід,БпЛА,51.4982,31.2893,"🛵 БпЛА східніше Миколаєва, курс північно-західний. 🛵 Реактивні БпЛА на півночі Київщини та на заході Чернігівщини, курс південний (Київ). 🛵 Групи БпЛА в Конотопському районі Сумщини, курс західний. 🛵 БпЛА в Бериславському районі Херсонщини, курс північний.",https://t.me/kpszsu/67007
2026-07-01T18:33:19+00:00,kpszsu,67007,область,Київська,південь,БпЛА,50.4501,30.5234,"🛵 БпЛА східніше Миколаєва, курс північно-західний. 🛵 Реактивні БпЛА на півночі Київщини та на заході Чернігівщини, курс південний (Київ). 🛵 Групи БпЛА в Конотопському районі Сумщини, курс західний. 🛵 БпЛА в Бериславському районі Херсонщини, курс північний.",https://t.me/kpszsu/67007
2026-07-01T18:33:19+00:00,kpszsu,67007,область,Сумська,,БпЛА,50.9077,34.7981,"🛵 БпЛА східніше Миколаєва, курс північно-західний. 🛵 Реактивні БпЛА на півночі Київщини та на заході Чернігівщини, курс південний (Київ). 🛵 Групи БпЛА в Конотопському районі Сумщини, курс західний. 🛵 БпЛА в Бериславському районі Херсонщини, курс північний.",https://t.me/kpszsu/67007
2026-07-01T18:33:19+00:00,kpszsu,67007,область,Херсонська,,БпЛА,46.6354,32.6169,"🛵 БпЛА східніше Миколаєва, курс північно-західний. 🛵 Реактивні БпЛА на півночі Київщини та на заході Чернігівщини, курс південний (Київ). 🛵 Групи БпЛА в Конотопському районі Сумщини, курс західний. 🛵 БпЛА в Бериславському районі Херсонщини, курс північний.",https://t.me/kpszsu/67007
2026-07-01T19:22:13+00:00,kpszsu,67008,область,Київська,північ,БпЛА,50.4501,30.5234,🛵 Реактивні БпЛА курсом на Київ з півночі.,https://t.me/kpszsu/67008
2026-07-01T19:47:53+00:00,kpszsu,67010,область,Миколаївська,,БпЛА,46.975,31.9946,"🛵 Ударні БпЛА на Миколаївщині в р-ні. н.п.  Веселинове, Доманівка, Криве Озеро північно-західним курсом у напрямку Вінниччини; 🛵 БпЛА  з Херсонщини у напрямку Миколаєва; 🛵 БпЛА у напрямку Кривого Рогу з півдня; 🛵 Ударні БпЛА західним курсом на Полтаву зі сходу; 🛵 БпЛА на Харків з півночі; 🛵 Групи БпЛА повз Путивль (Сумщина) на Чернігівщину; 🛵 Група БпЛА повз  Славутич (Чернігівщина) південним курсом на Київщину; 🛵 БпЛА в р-ні. н.п. Олександрівка (Кіровоградщина) у напрямку Черкас.",https://t.me/kpszsu/67010
2026-07-01T19:47:53+00:00,kpszsu,67010,область,Вінницька,захід,БпЛА,49.2331,28.4682,"🛵 Ударні БпЛА на Миколаївщині в р-ні. н.п.  Веселинове, Доманівка, Криве Озеро північно-західним курсом у напрямку Вінниччини; 🛵 БпЛА  з Херсонщини у напрямку Миколаєва; 🛵 БпЛА у напрямку Кривого Рогу з півдня; 🛵 Ударні БпЛА західним курсом на Полтаву зі сходу; 🛵 БпЛА на Харків з півночі; 🛵 Групи БпЛА повз Путивль (Сумщина) на Чернігівщину; 🛵 Група БпЛА повз  Славутич (Чернігівщина) південним курсом на Київщину; 🛵 БпЛА в р-ні. н.п. Олександрівка (Кіровоградщина) у напрямку Черкас.",https://t.me/kpszsu/67010
2026-07-01T19:47:53+00:00,kpszsu,67010,область,Полтавська,захід,БпЛА,49.5883,34.5514,"🛵 Ударні БпЛА на Миколаївщині в р-ні. н.п.  Веселинове, Доманівка, Криве Озеро північно-західним курсом у напрямку Вінниччини; 🛵 БпЛА  з Херсонщини у напрямку Миколаєва; 🛵 БпЛА у напрямку Кривого Рогу з півдня; 🛵 Ударні БпЛА західним курсом на Полтаву зі сходу; 🛵 БпЛА на Харків з півночі; 🛵 Групи БпЛА повз Путивль (Сумщина) на Чернігівщину; 🛵 Група БпЛА повз  Славутич (Чернігівщина) південним курсом на Київщину; 🛵 БпЛА в р-ні. н.п. Олександрівка (Кіровоградщина) у напрямку Черкас.",https://t.me/kpszsu/67010
2026-07-01T19:47:53+00:00,kpszsu,67010,область,Харківська,схід,БпЛА,49.9935,36.2304,"🛵 Ударні БпЛА на Миколаївщині в р-ні. н.п.  Веселинове, Доманівка, Криве Озеро північно-західним курсом у напрямку Вінниччини; 🛵 БпЛА  з Херсонщини у напрямку Миколаєва; 🛵 БпЛА у напрямку Кривого Рогу з півдня; 🛵 Ударні БпЛА західним курсом на Полтаву зі сходу; 🛵 БпЛА на Харків з півночі; 🛵 Групи БпЛА повз Путивль (Сумщина) на Чернігівщину; 🛵 Група БпЛА повз  Славутич (Чернігівщина) південним курсом на Київщину; 🛵 БпЛА в р-ні. н.п. Олександрівка (Кіровоградщина) у напрямку Черкас.",https://t.me/kpszsu/67010
2026-07-01T19:47:53+00:00,kpszsu,67010,область,Сумська,,БпЛА,50.9077,34.7981,"🛵 Ударні БпЛА на Миколаївщині в р-ні. н.п.  Веселинове, Доманівка, Криве Озеро північно-західним курсом у напрямку Вінниччини; 🛵 БпЛА  з Херсонщини у напрямку Миколаєва; 🛵 БпЛА у напрямку Кривого Рогу з півдня; 🛵 Ударні БпЛА західним курсом на Полтаву зі сходу; 🛵 БпЛА на Харків з півночі; 🛵 Групи БпЛА повз Путивль (Сумщина) на Чернігівщину; 🛵 Група БпЛА повз  Славутич (Чернігівщина) південним курсом на Київщину; 🛵 БпЛА в р-ні. н.п. Олександрівка (Кіровоградщина) у напрямку Черкас.",https://t.me/kpszsu/67010
2026-07-01T19:47:53+00:00,kpszsu,67010,область,Чернігівська,,БпЛА,51.4982,31.2893,"🛵 Ударні БпЛА на Миколаївщині в р-ні. н.п.  Веселинове, Доманівка, Криве Озеро північно-західним курсом у напрямку Вінниччини; 🛵 БпЛА  з Херсонщини у напрямку Миколаєва; 🛵 БпЛА у напрямку Кривого Рогу з півдня; 🛵 Ударні БпЛА західним курсом на Полтаву зі сходу; 🛵 БпЛА на Харків з півночі; 🛵 Групи БпЛА повз Путивль (Сумщина) на Чернігівщину; 🛵 Група БпЛА повз  Славутич (Чернігівщина) південним курсом на Київщину; 🛵 БпЛА в р-ні. н.п. Олександрівка (Кіровоградщина) у напрямку Черкас.",https://t.me/kpszsu/67010
2026-07-01T19:47:53+00:00,kpszsu,67010,область,Чернігівська,південь,БпЛА,51.4982,31.2893,"🛵 Ударні БпЛА на Миколаївщині в р-ні. н.п.  Веселинове, Доманівка, Криве Озеро північно-західним курсом у напрямку Вінниччини; 🛵 БпЛА  з Херсонщини у напрямку Миколаєва; 🛵 БпЛА у напрямку Кривого Рогу з півдня; 🛵 Ударні БпЛА західним курсом на Полтаву зі сходу; 🛵 БпЛА на Харків з півночі; 🛵 Групи БпЛА повз Путивль (Сумщина) на Чернігівщину; 🛵 Група БпЛА повз  Славутич (Чернігівщина) південним курсом на Київщину; 🛵 БпЛА в р-ні. н.п. Олександрівка (Кіровоградщина) у напрямку Черкас.",https://t.me/kpszsu/67010
2026-07-01T19:47:53+00:00,kpszsu,67010,область,Київська,південь,БпЛА,50.4501,30.5234,"🛵 Ударні БпЛА на Миколаївщині в р-ні. н.п.  Веселинове, Доманівка, Криве Озеро північно-західним курсом у напрямку Вінниччини; 🛵 БпЛА  з Херсонщини у напрямку Миколаєва; 🛵 БпЛА у напрямку Кривого Рогу з півдня; 🛵 Ударні БпЛА західним курсом на Полтаву зі сходу; 🛵 БпЛА на Харків з півночі; 🛵 Групи БпЛА повз Путивль (Сумщина) на Чернігівщину; 🛵 Група БпЛА повз  Славутич (Чернігівщина) південним курсом на Київщину; 🛵 БпЛА в р-ні. н.п. Олександрівка (Кіровоградщина) у напрямку Черкас.",https://t.me/kpszsu/67010
2026-07-01T19:47:53+00:00,kpszsu,67010,область,Кіровоградська,,БпЛА,48.5079,32.2623,"🛵 Ударні БпЛА на Миколаївщині в р-ні. н.п.  Веселинове, Доманівка, Криве Озеро північно-західним курсом у напрямку Вінниччини; 🛵 БпЛА  з Херсонщини у напрямку Миколаєва; 🛵 БпЛА у напрямку Кривого Рогу з півдня; 🛵 Ударні БпЛА західним курсом на Полтаву зі сходу; 🛵 БпЛА на Харків з півночі; 🛵 Групи БпЛА повз Путивль (Сумщина) на Чернігівщину; 🛵 Група БпЛА повз  Славутич (Чернігівщина) південним курсом на Київщину; 🛵 БпЛА в р-ні. н.п. Олександрівка (Кіровоградщина) у напрямку Черкас.",https://t.me/kpszsu/67010
2026-07-01T19:47:53+00:00,kpszsu,67010,область,Черкаська,,БпЛА,49.4444,32.0598,"🛵 Ударні БпЛА на Миколаївщині в р-ні. н.п.  Веселинове, Доманівка, Криве Озеро північно-західним курсом у напрямку Вінниччини; 🛵 БпЛА  з Херсонщини у напрямку Миколаєва; 🛵 БпЛА у напрямку Кривого Рогу з півдня; 🛵 Ударні БпЛА західним курсом на Полтаву зі сходу; 🛵 БпЛА на Харків з півночі; 🛵 Групи БпЛА повз Путивль (Сумщина) на Чернігівщину; 🛵 Група БпЛА повз  Славутич (Чернігівщина) південним курсом на Київщину; 🛵 БпЛА в р-ні. н.п. Олександрівка (Кіровоградщина) у напрямку Черкас.",https://t.me/kpszsu/67010
2026-07-01T19:49:24+00:00,kpszsu,67012,область,Запорізька,,авіація,47.8388,35.1396,🚀 Пуски керованих авіаційних бомб ворожою тактичною авіацією на м. Запоріжжя.,https://t.me/kpszsu/67012
2026-07-01T19:55:37+00:00,kpszsu,67014,область,Запорізька,,авіація,47.8388,35.1396,🚀 Повторні пуски керованих авіаційних бомб ворожою тактичною авіацією на м. Запоріжжя.,https://t.me/kpszsu/67014
2026-07-01T20:01:07+00:00,kpszsu,67016,область,Київська,північ,БпЛА,50.4501,30.5234,🛵 Ще ударні БпЛА на Київ з півночі.,https://t.me/kpszsu/67016
2026-07-01T20:50:16+00:00,kpszsu,67018,область,Чернігівська,північ,БпЛА,51.4982,31.2893,🛵 Групи ударних БпЛА на півночі Чернігівщини вздовж державного кордону у напрямку Київщини; 🛵 Групи ударних БпЛА зі сходу Сумщини на захід (Чернігівщина); 🛵 Групи ударних БпЛА  південніше Харкова західним курсом у напрямку Полтави; 🛵 Ударні БпЛА  на Кривий Ріг з півдня; 🛵 Ударні БпЛА р-ні. н.п Кам'янець (Кіровоградщина) курс північний; 🛵 Ударні БпЛА  у напрямку Черкас з півночі; 🛵 БпЛА в р-ні. Білої Церкви курсом на Київ; 🛵 Реактивний БпЛА на заході Київщини курсом на Житомирщину; 🛵 Ударний БпЛА в р-ні Ольшанське (Миколаївщина) курс північно-західний. 🛵 Ударні БпЛА в р-ні. Затоки/Сергіївки.,https://t.me/kpszsu/67018
2026-07-01T20:50:16+00:00,kpszsu,67018,область,Київська,,БпЛА,50.4501,30.5234,🛵 Групи ударних БпЛА на півночі Чернігівщини вздовж державного кордону у напрямку Київщини; 🛵 Групи ударних БпЛА зі сходу Сумщини на захід (Чернігівщина); 🛵 Групи ударних БпЛА  південніше Харкова західним курсом у напрямку Полтави; 🛵 Ударні БпЛА  на Кривий Ріг з півдня; 🛵 Ударні БпЛА р-ні. н.п Кам'янець (Кіровоградщина) курс північний; 🛵 Ударні БпЛА  у напрямку Черкас з півночі; 🛵 БпЛА в р-ні. Білої Церкви курсом на Київ; 🛵 Реактивний БпЛА на заході Київщини курсом на Житомирщину; 🛵 Ударний БпЛА в р-ні Ольшанське (Миколаївщина) курс північно-західний. 🛵 Ударні БпЛА в р-ні. Затоки/Сергіївки.,https://t.me/kpszsu/67018
2026-07-01T20:50:16+00:00,kpszsu,67018,область,Сумська,схід,БпЛА,50.9077,34.7981,🛵 Групи ударних БпЛА на півночі Чернігівщини вздовж державного кордону у напрямку Київщини; 🛵 Групи ударних БпЛА зі сходу Сумщини на захід (Чернігівщина); 🛵 Групи ударних БпЛА  південніше Харкова західним курсом у напрямку Полтави; 🛵 Ударні БпЛА  на Кривий Ріг з півдня; 🛵 Ударні БпЛА р-ні. н.п Кам'янець (Кіровоградщина) курс північний; 🛵 Ударні БпЛА  у напрямку Черкас з півночі; 🛵 БпЛА в р-ні. Білої Церкви курсом на Київ; 🛵 Реактивний БпЛА на заході Київщини курсом на Житомирщину; 🛵 Ударний БпЛА в р-ні Ольшанське (Миколаївщина) курс північно-західний. 🛵 Ударні БпЛА в р-ні. Затоки/Сергіївки.,https://t.me/kpszsu/67018
2026-07-01T20:50:16+00:00,kpszsu,67018,область,Чернігівська,захід,БпЛА,51.4982,31.2893,🛵 Групи ударних БпЛА на півночі Чернігівщини вздовж державного кордону у напрямку Київщини; 🛵 Групи ударних БпЛА зі сходу Сумщини на захід (Чернігівщина); 🛵 Групи ударних БпЛА  південніше Харкова західним курсом у напрямку Полтави; 🛵 Ударні БпЛА  на Кривий Ріг з півдня; 🛵 Ударні БпЛА р-ні. н.п Кам'янець (Кіровоградщина) курс північний; 🛵 Ударні БпЛА  у напрямку Черкас з півночі; 🛵 БпЛА в р-ні. Білої Церкви курсом на Київ; 🛵 Реактивний БпЛА на заході Київщини курсом на Житомирщину; 🛵 Ударний БпЛА в р-ні Ольшанське (Миколаївщина) курс північно-західний. 🛵 Ударні БпЛА в р-ні. Затоки/Сергіївки.,https://t.me/kpszsu/67018
2026-07-01T20:50:16+00:00,kpszsu,67018,область,Полтавська,захід,БпЛА,49.5883,34.5514,🛵 Групи ударних БпЛА на півночі Чернігівщини вздовж державного кордону у напрямку Київщини; 🛵 Групи ударних БпЛА зі сходу Сумщини на захід (Чернігівщина); 🛵 Групи ударних БпЛА  південніше Харкова західним курсом у напрямку Полтави; 🛵 Ударні БпЛА  на Кривий Ріг з півдня; 🛵 Ударні БпЛА р-ні. н.п Кам'янець (Кіровоградщина) курс північний; 🛵 Ударні БпЛА  у напрямку Черкас з півночі; 🛵 БпЛА в р-ні. Білої Церкви курсом на Київ; 🛵 Реактивний БпЛА на заході Київщини курсом на Житомирщину; 🛵 Ударний БпЛА в р-ні Ольшанське (Миколаївщина) курс північно-західний. 🛵 Ударні БпЛА в р-ні. Затоки/Сергіївки.,https://t.me/kpszsu/67018
2026-07-01T20:50:16+00:00,kpszsu,67018,область,Дніпропетровська,південь,БпЛА,48.4647,35.0462,🛵 Групи ударних БпЛА на півночі Чернігівщини вздовж державного кордону у напрямку Київщини; 🛵 Групи ударних БпЛА зі сходу Сумщини на захід (Чернігівщина); 🛵 Групи ударних БпЛА  південніше Харкова західним курсом у напрямку Полтави; 🛵 Ударні БпЛА  на Кривий Ріг з півдня; 🛵 Ударні БпЛА р-ні. н.п Кам'янець (Кіровоградщина) курс північний; 🛵 Ударні БпЛА  у напрямку Черкас з півночі; 🛵 БпЛА в р-ні. Білої Церкви курсом на Київ; 🛵 Реактивний БпЛА на заході Київщини курсом на Житомирщину; 🛵 Ударний БпЛА в р-ні Ольшанське (Миколаївщина) курс північно-західний. 🛵 Ударні БпЛА в р-ні. Затоки/Сергіївки.,https://t.me/kpszsu/67018
2026-07-01T20:50:16+00:00,kpszsu,67018,область,Кіровоградська,північ,БпЛА,48.5079,32.2623,🛵 Групи ударних БпЛА на півночі Чернігівщини вздовж державного кордону у напрямку Київщини; 🛵 Групи ударних БпЛА зі сходу Сумщини на захід (Чернігівщина); 🛵 Групи ударних БпЛА  південніше Харкова західним курсом у напрямку Полтави; 🛵 Ударні БпЛА  на Кривий Ріг з півдня; 🛵 Ударні БпЛА р-ні. н.п Кам'янець (Кіровоградщина) курс північний; 🛵 Ударні БпЛА  у напрямку Черкас з півночі; 🛵 БпЛА в р-ні. Білої Церкви курсом на Київ; 🛵 Реактивний БпЛА на заході Київщини курсом на Житомирщину; 🛵 Ударний БпЛА в р-ні Ольшанське (Миколаївщина) курс північно-західний. 🛵 Ударні БпЛА в р-ні. Затоки/Сергіївки.,https://t.me/kpszsu/67018
2026-07-01T20:50:16+00:00,kpszsu,67018,область,Черкаська,північ,БпЛА,49.4444,32.0598,🛵 Групи ударних БпЛА на півночі Чернігівщини вздовж державного кордону у напрямку Київщини; 🛵 Групи ударних БпЛА зі сходу Сумщини на захід (Чернігівщина); 🛵 Групи ударних БпЛА  південніше Харкова західним курсом у напрямку Полтави; 🛵 Ударні БпЛА  на Кривий Ріг з півдня; 🛵 Ударні БпЛА р-ні. н.п Кам'янець (Кіровоградщина) курс північний; 🛵 Ударні БпЛА  у напрямку Черкас з півночі; 🛵 БпЛА в р-ні. Білої Церкви курсом на Київ; 🛵 Реактивний БпЛА на заході Київщини курсом на Житомирщину; 🛵 Ударний БпЛА в р-ні Ольшанське (Миколаївщина) курс північно-західний. 🛵 Ударні БпЛА в р-ні. Затоки/Сергіївки.,https://t.me/kpszsu/67018
2026-07-01T20:50:16+00:00,kpszsu,67018,область,Київська,захід,БпЛА,50.4501,30.5234,🛵 Групи ударних БпЛА на півночі Чернігівщини вздовж державного кордону у напрямку Київщини; 🛵 Групи ударних БпЛА зі сходу Сумщини на захід (Чернігівщина); 🛵 Групи ударних БпЛА  південніше Харкова західним курсом у напрямку Полтави; 🛵 Ударні БпЛА  на Кривий Ріг з півдня; 🛵 Ударні БпЛА р-ні. н.п Кам'янець (Кіровоградщина) курс північний; 🛵 Ударні БпЛА  у напрямку Черкас з півночі; 🛵 БпЛА в р-ні. Білої Церкви курсом на Київ; 🛵 Реактивний БпЛА на заході Київщини курсом на Житомирщину; 🛵 Ударний БпЛА в р-ні Ольшанське (Миколаївщина) курс північно-західний. 🛵 Ударні БпЛА в р-ні. Затоки/Сергіївки.,https://t.me/kpszsu/67018
2026-07-01T20:50:16+00:00,kpszsu,67018,область,Житомирська,,БпЛА,50.2547,28.6587,🛵 Групи ударних БпЛА на півночі Чернігівщини вздовж державного кордону у напрямку Київщини; 🛵 Групи ударних БпЛА зі сходу Сумщини на захід (Чернігівщина); 🛵 Групи ударних БпЛА  південніше Харкова західним курсом у напрямку Полтави; 🛵 Ударні БпЛА  на Кривий Ріг з півдня; 🛵 Ударні БпЛА р-ні. н.п Кам'янець (Кіровоградщина) курс північний; 🛵 Ударні БпЛА  у напрямку Черкас з півночі; 🛵 БпЛА в р-ні. Білої Церкви курсом на Київ; 🛵 Реактивний БпЛА на заході Київщини курсом на Житомирщину; 🛵 Ударний БпЛА в р-ні Ольшанське (Миколаївщина) курс північно-західний. 🛵 Ударні БпЛА в р-ні. Затоки/Сергіївки.,https://t.me/kpszsu/67018
2026-07-01T20:50:16+00:00,kpszsu,67018,область,Миколаївська,північно-захід,БпЛА,46.975,31.9946,🛵 Групи ударних БпЛА на півночі Чернігівщини вздовж державного кордону у напрямку Київщини; 🛵 Групи ударних БпЛА зі сходу Сумщини на захід (Чернігівщина); 🛵 Групи ударних БпЛА  південніше Харкова західним курсом у напрямку Полтави; 🛵 Ударні БпЛА  на Кривий Ріг з півдня; 🛵 Ударні БпЛА р-ні. н.п Кам'янець (Кіровоградщина) курс північний; 🛵 Ударні БпЛА  у напрямку Черкас з півночі; 🛵 БпЛА в р-ні. Білої Церкви курсом на Київ; 🛵 Реактивний БпЛА на заході Київщини курсом на Житомирщину; 🛵 Ударний БпЛА в р-ні Ольшанське (Миколаївщина) курс північно-західний. 🛵 Ударні БпЛА в р-ні. Затоки/Сергіївки.,https://t.me/kpszsu/67018
2026-07-01T21:12:23+00:00,kpszsu,67020,область,Миколаївська,північно-захід,БпЛА,46.975,31.9946,🛵 Групи ударних БпЛА з південного сходу на північний захід Миколаївщини.,https://t.me/kpszsu/67020
2026-07-01T21:50:48+00:00,kpszsu,67021,область,Чернігівська,,БпЛА,51.4982,31.2893,🛵 Групи ударних БпЛА (у тому числі реактивні) по усій території Чернігівської області  рухаються переважно у напрямку Київщини. 🛵 Ще групи ударних БпЛА на Сумщині рухаються західним курсом у напрямку Чернігівщини.,https://t.me/kpszsu/67021
2026-07-01T21:50:48+00:00,kpszsu,67021,область,Київська,,БпЛА,50.4501,30.5234,🛵 Групи ударних БпЛА (у тому числі реактивні) по усій території Чернігівської області  рухаються переважно у напрямку Київщини. 🛵 Ще групи ударних БпЛА на Сумщині рухаються західним курсом у напрямку Чернігівщини.,https://t.me/kpszsu/67021
2026-07-01T21:50:48+00:00,kpszsu,67021,область,Сумська,захід,БпЛА,50.9077,34.7981,🛵 Групи ударних БпЛА (у тому числі реактивні) по усій території Чернігівської області  рухаються переважно у напрямку Київщини. 🛵 Ще групи ударних БпЛА на Сумщині рухаються західним курсом у напрямку Чернігівщини.,https://t.me/kpszsu/67021
2026-07-01T21:50:48+00:00,kpszsu,67021,область,Чернігівська,захід,БпЛА,51.4982,31.2893,🛵 Групи ударних БпЛА (у тому числі реактивні) по усій території Чернігівської області  рухаються переважно у напрямку Київщини. 🛵 Ще групи ударних БпЛА на Сумщині рухаються західним курсом у напрямку Чернігівщини.,https://t.me/kpszsu/67021
2026-07-01T21:52:59+00:00,kpszsu,67022,область,Миколаївська,північ,БпЛА,46.975,31.9946,🛵 Ударні БпЛА на півночі Миколаївщини у північному напрямку.,https://t.me/kpszsu/67022
2026-07-01T21:54:51+00:00,kpszsu,67023,область,Харківська,північно-схід,БпЛА,49.9935,36.2304,🛵 Ударні БпЛА на північному сході  Харківщини у напрямку Сумщини.,https://t.me/kpszsu/67023
2026-07-01T21:54:51+00:00,kpszsu,67023,область,Сумська,,БпЛА,50.9077,34.7981,🛵 Ударні БпЛА на північному сході  Харківщини у напрямку Сумщини.,https://t.me/kpszsu/67023
2026-07-01T22:07:54+00:00,kpszsu,67025,область,Полтавська,схід,БпЛА,49.5883,34.5514,🛵 БпЛА на Кременчук зі сходу.,https://t.me/kpszsu/67025
2026-07-01T22:19:36+00:00,kpszsu,67027,область,Київська,північ,БпЛА,50.4501,30.5234,🛵 Реактивний БпЛА на Київ з півночі.,https://t.me/kpszsu/67027
2026-07-01T22:53:32+00:00,kpszsu,67028,область,Київська,північ,ракета,50.4501,30.5234,🚀 Ракета на Київ з півночі,https://t.me/kpszsu/67028
2026-07-01T22:54:17+00:00,kpszsu,67029,область,Сумська,,ракета,50.9077,34.7981,🚀 Ракета через Сумщину на Київ,https://t.me/kpszsu/67029
2026-07-01T22:54:17+00:00,kpszsu,67029,область,Київська,,ракета,50.4501,30.5234,🚀 Ракета через Сумщину на Київ,https://t.me/kpszsu/67029
2026-07-01T22:54:40+00:00,kpszsu,67030,область,Київська,північ,ракета,50.4501,30.5234,🚀 Ще ракета на Київ з півночі,https://t.me/kpszsu/67030
2026-07-01T22:55:51+00:00,kpszsu,67031,область,Сумська,,ракета,50.9077,34.7981,🚀 Ще ракета через Сумщину у напрямку Києва.,https://t.me/kpszsu/67031
2026-07-01T22:58:00+00:00,kpszsu,67032,область,Сумська,,ракета,50.9077,34.7981,🚀 Балістична ракета з Курської області через Сумщину та Чернігівщину у напрямку Києва,https://t.me/kpszsu/67032
2026-07-01T22:58:00+00:00,kpszsu,67032,область,Чернігівська,,ракета,51.4982,31.2893,🚀 Балістична ракета з Курської області через Сумщину та Чернігівщину у напрямку Києва,https://t.me/kpszsu/67032
2026-07-01T22:58:38+00:00,kpszsu,67033,область,Сумська,,ракета,50.9077,34.7981,🚀 Ще одна балістична ракета з Курської області через Сумщину та Чернігівщину у напрямку Києва,https://t.me/kpszsu/67033
2026-07-01T22:58:38+00:00,kpszsu,67033,область,Чернігівська,,ракета,51.4982,31.2893,🚀 Ще одна балістична ракета з Курської області через Сумщину та Чернігівщину у напрямку Києва,https://t.me/kpszsu/67033
2026-07-01T23:04:38+00:00,kpszsu,67035,область,Київська,північ,ракета,50.4501,30.5234,🚀 Балістична ракета на Київ з півночі,https://t.me/kpszsu/67035
2026-07-01T23:12:40+00:00,kpszsu,67037,область,Запорізька,схід,БпЛА,47.8388,35.1396,🛵 Ударні БпЛА зі сходу на Запоріжжя.,https://t.me/kpszsu/67037
2026-07-01T23:17:09+00:00,kpszsu,67039,область,Чернігівська,,ракета,51.4982,31.2893,🚀 Балістична ракета з Брянської області через Чернігівщину у напрямку Києва.,https://t.me/kpszsu/67039
2026-07-01T23:17:43+00:00,kpszsu,67040,область,Чернігівська,,ракета,51.4982,31.2893,🚀 Ще балістична ракета з Брянської області через Чернігівщину у напрямку Києва.,https://t.me/kpszsu/67040
2026-07-01T23:18:59+00:00,kpszsu,67041,область,Чернігівська,,ракета,51.4982,31.2893,🚀 Ще одна балістична ракета з Брянської області через Чернігівщину у напрямку Києва.,https://t.me/kpszsu/67041
2026-07-01T23:20:14+00:00,kpszsu,67042,область,Чернігівська,,ракета,51.4982,31.2893,🚀 Ще балістична ракета з Брянської області через Чернігівщину у напрямку Києва.,https://t.me/kpszsu/67042
2026-07-01T23:21:44+00:00,kpszsu,67043,область,Чернігівська,,ракета,51.4982,31.2893,🚀 Балістична ракета з Брянської області через Чернігівщину у напрямку Києва.,https://t.me/kpszsu/67043
2026-07-01T23:28:46+00:00,kpszsu,67044,область,Київська,схід,,50.4501,30.5234,🚀 Раккета зі сходу на Київ.,https://t.me/kpszsu/67044
2026-07-01T23:30:43+00:00,kpszsu,67045,область,Київська,схід,БпЛА,50.4501,30.5234,🛵 Реактивні та ударні БпЛА на Київ зі сходу.,https://t.me/kpszsu/67045
2026-07-01T23:31:15+00:00,kpszsu,67046,область,Київська,північ,,50.4501,30.5234,🚀 Раккета з півночі на Київ.,https://t.me/kpszsu/67046
2026-07-01T23:36:22+00:00,kpszsu,67047,область,Чернігівська,,ракета,51.4982,31.2893,🚀 Ще ракети через Чернігівщину у напрямку Києва.,https://t.me/kpszsu/67047
2026-07-01T23:37:39+00:00,kpszsu,67048,область,Запорізька,,ракета,47.8388,35.1396,🚀 Ракета на Запоріжжі у напрямку Дніпра.,https://t.me/kpszsu/67048
2026-07-01T23:37:39+00:00,kpszsu,67048,область,Дніпропетровська,,ракета,48.4647,35.0462,🚀 Ракета на Запоріжжі у напрямку Дніпра.,https://t.me/kpszsu/67048
2026-07-01T23:39:00+00:00,kpszsu,67049,область,Запорізька,,ракета,47.8388,35.1396,🚀 Ракета на Запоріжжі у напрямку Кривого Рогу.,https://t.me/kpszsu/67049
2026-07-01T23:43:01+00:00,kpszsu,67050,область,Київська,північ,ракета,50.4501,30.5234,🚀 Ракета на Київ з півночі,https://t.me/kpszsu/67050
2026-07-01T23:46:28+00:00,kpszsu,67052,область,Київська,північ,БпЛА,50.4501,30.5234,🛵 Реактивний БпЛА на Київ з півночі.,https://t.me/kpszsu/67052
2026-07-01T23:48:57+00:00,kpszsu,67053,область,Сумська,,ракета,50.9077,34.7981,🚀 Ракети на Сумщині в р-ні. Кролевець курс південно-західний.,https://t.me/kpszsu/67053
2026-07-01T23:56:14+00:00,kpszsu,67054,область,Сумська,,ракета,50.9077,34.7981,"🚀 Групи крилатих ракет на Сумщині на Чернігівщину, курс західний.",https://t.me/kpszsu/67054
2026-07-01T23:56:14+00:00,kpszsu,67054,область,Чернігівська,,ракета,51.4982,31.2893,"🚀 Групи крилатих ракет на Сумщині на Чернігівщину, курс західний.",https://t.me/kpszsu/67054
2026-07-02T00:00:31+00:00,kpszsu,67056,область,Київська,схід,ракета,50.4501,30.5234,🚀 Балістична ракета на Київ зі сходу.,https://t.me/kpszsu/67056
2026-07-02T00:01:50+00:00,kpszsu,67057,область,Чернігівська,південь,ракета,51.4982,31.2893,🚀 Групи крилатих ракет через південь Чернігівщини у напрямку Києва.,https://t.me/kpszsu/67057
2026-07-02T00:03:16+00:00,kpszsu,67058,область,Кіровоградська,захід,ракета,48.5079,32.2623,🚀 Ракети на заході Кіровоградщини у напрямку Вінниччини.,https://t.me/kpszsu/67058
2026-07-02T00:03:16+00:00,kpszsu,67058,область,Вінницька,,ракета,49.2331,28.4682,🚀 Ракети на заході Кіровоградщини у напрямку Вінниччини.,https://t.me/kpszsu/67058
2026-07-02T00:05:23+00:00,kpszsu,67059,область,Чернігівська,південь,ракета,51.4982,31.2893,🚀 Групи крилатих ракет через південь Чернігівщини у напрямку Києва.,https://t.me/kpszsu/67059
2026-07-02T00:22:51+00:00,kpszsu,67062,область,Чернігівська,південь,ракета,51.4982,31.2893,🚀 Крилата ракета через південь Чернігівщини у напрямку Києва.,https://t.me/kpszsu/67062
2026-07-02T00:25:17+00:00,kpszsu,67063,область,Чернігівська,південь,ракета,51.4982,31.2893,🚀 Ще крилата ракета через південь Чернігівщини у напрямку Києва.,https://t.me/kpszsu/67063
2026-07-02T00:25:57+00:00,kpszsu,67064,область,Київська,схід,ракета,50.4501,30.5234,🚀 Київ крилата ракета зі сходу.,https://t.me/kpszsu/67064
2026-07-02T00:29:40+00:00,kpszsu,67065,область,Київська,схід,ракета,50.4501,30.5234,🚀 Київ ще крилата ракета зі сходу.,https://t.me/kpszsu/67065
2026-07-02T00:35:59+00:00,kpszsu,67066,область,Чернігівська,південь,ракета,51.4982,31.2893,🚀 Крилата ракета через південь Чернігівщини у напрямку Києва.,https://t.me/kpszsu/67066
2026-07-02T00:49:07+00:00,kpszsu,67067,область,Сумська,,ракета,50.9077,34.7981,🚀 Крилата ракета на Сумщині вектором руху через Чернігівщину на Київщину.,https://t.me/kpszsu/67067
2026-07-02T00:49:07+00:00,kpszsu,67067,область,Чернігівська,,ракета,51.4982,31.2893,🚀 Крилата ракета на Сумщині вектором руху через Чернігівщину на Київщину.,https://t.me/kpszsu/67067
2026-07-02T00:49:07+00:00,kpszsu,67067,область,Київська,,ракета,50.4501,30.5234,🚀 Крилата ракета на Сумщині вектором руху через Чернігівщину на Київщину.,https://t.me/kpszsu/67067
2026-07-02T00:49:50+00:00,kpszsu,67068,область,Київська,північ,БпЛА,50.4501,30.5234,🛵 БпЛА на Київ з півночі.,https://t.me/kpszsu/67068
2026-07-02T00:58:49+00:00,kpszsu,67069,область,Київська,північ,БпЛА,50.4501,30.5234,🛵 Реактивний БпЛА курсом на Київ з півночі.,https://t.me/kpszsu/67069
2026-07-02T00:59:04+00:00,kpszsu,67070,область,Київська,,ракета,50.4501,30.5234,Балістика на Київ!,https://t.me/kpszsu/67070
2026-07-02T01:02:03+00:00,kpszsu,67071,область,Сумська,,КАБ,50.9077,34.7981,Пуски КАБ на Сумщину та Донеччину.,https://t.me/kpszsu/67071
2026-07-02T01:02:03+00:00,kpszsu,67071,область,Донецька,,КАБ,48.0159,37.8029,Пуски КАБ на Сумщину та Донеччину.,https://t.me/kpszsu/67071
2026-07-02T01:06:02+00:00,kpszsu,67072,область,Київська,схід,,50.4501,30.5234,"Баражуючий боєприпас ""Бандероль"" курсом на Київ зі східного напрямку.",https://t.me/kpszsu/67072
2026-07-02T01:17:23+00:00,kpszsu,67073,область,Житомирська,захід,БпЛА,50.2547,28.6587,🛵 Реактивний БпЛа з Київщини на Житомирщину західним курсом,https://t.me/kpszsu/67073
2026-07-02T01:21:14+00:00,kpszsu,67074,область,Чернігівська,,,51.4982,31.2893,"Баражуючий боєприпас ""Бандероль"" на Чернігівщині курсом на Київ .",https://t.me/kpszsu/67074
2026-07-02T01:21:14+00:00,kpszsu,67074,область,Київська,,,50.4501,30.5234,"Баражуючий боєприпас ""Бандероль"" на Чернігівщині курсом на Київ .",https://t.me/kpszsu/67074
2026-07-02T01:22:00+00:00,kpszsu,67075,область,Київська,північ,БпЛА,50.4501,30.5234,🛵 Реактивний БпЛА на Київ з півночі.,https://t.me/kpszsu/67075
2026-07-02T01:28:00+00:00,kpszsu,67076,область,Чернігівська,північ,БпЛА,51.4982,31.2893,🛵 Група реактивних БпЛА на півночі Чернігівщини південним курсом у напрямку Києва.,https://t.me/kpszsu/67076
2026-07-02T02:07:39+00:00,kpszsu,67079,область,Київська,,БпЛА,50.4501,30.5234,"🛵 Реактивний БпЛА в західній частині Києва. 🛵 Реактивні БпЛА з Чернігівщини, курсом на Київ. 🛵 БпЛА курсом на Запоріжжя з півдня.",https://t.me/kpszsu/67079
2026-07-02T02:07:39+00:00,kpszsu,67079,область,Запорізька,південь,БпЛА,47.8388,35.1396,"🛵 Реактивний БпЛА в західній частині Києва. 🛵 Реактивні БпЛА з Чернігівщини, курсом на Київ. 🛵 БпЛА курсом на Запоріжжя з півдня.",https://t.me/kpszsu/67079
2026-07-02T02:21:21+00:00,kpszsu,67080,область,Київська,північ,БпЛА,50.4501,30.5234,🛵 Реактивні БпЛА курсом на Київ з півночі!,https://t.me/kpszsu/67080
2026-07-02T02:36:41+00:00,kpszsu,67081,область,Київська,,БпЛА,50.4501,30.5234,"🛵 Реактивний БпЛА в районі Київського водосховища, курс південний (Київ).",https://t.me/kpszsu/67081
2026-07-02T02:36:41+00:00,kpszsu,67081,область,Київська,південь,БпЛА,50.4501,30.5234,"🛵 Реактивний БпЛА в районі Київського водосховища, курс південний (Київ).",https://t.me/kpszsu/67081
2026-07-02T03:17:58+00:00,kpszsu,67082,область,Київська,,БпЛА,50.4501,30.5234,"🛵 Реактивний БпЛА повз Коцюбинське, курсом на Київ.",https://t.me/kpszsu/67082
2026-07-02T03:30:56+00:00,kpszsu,67083,область,Київська,,БпЛА,50.4501,30.5234,"🛵 Реактивний БпЛА в районі Київського водосховища, курс південний (Київ). 🛵 БпЛА курсом на Суми з півночі.",https://t.me/kpszsu/67083
2026-07-02T03:30:56+00:00,kpszsu,67083,область,Київська,південь,БпЛА,50.4501,30.5234,"🛵 Реактивний БпЛА в районі Київського водосховища, курс південний (Київ). 🛵 БпЛА курсом на Суми з півночі.",https://t.me/kpszsu/67083
2026-07-02T03:30:56+00:00,kpszsu,67083,область,Сумська,північ,БпЛА,50.9077,34.7981,"🛵 Реактивний БпЛА в районі Київського водосховища, курс південний (Київ). 🛵 БпЛА курсом на Суми з півночі.",https://t.me/kpszsu/67083
2026-07-02T03:39:33+00:00,kpszsu,67084,область,Київська,,БпЛА,50.4501,30.5234,"🛵 Реактивні БпЛА повз Коцюбинське, курсом на Київ.",https://t.me/kpszsu/67084
2026-07-02T04:05:07+00:00,kpszsu,67085,область,Миколаївська,південь,БпЛА,46.975,31.9946,"🛵 Реактивний БпЛА на півдні Миколаївщини, курсом на Одещину. 🛵 Реактивні БпЛа на півночі Чернігівщини, курс південно-західний. 🛵 БпЛА в Дніпровському районі, курс північно-західний. 🛵 БпЛА курсом на Запоріжжя з півдня. 🛵 БпЛА на півдні Сумщини, курсом на Полтавщину.",https://t.me/kpszsu/67085
2026-07-02T04:05:07+00:00,kpszsu,67085,область,Одеська,,БпЛА,46.4825,30.7233,"🛵 Реактивний БпЛА на півдні Миколаївщини, курсом на Одещину. 🛵 Реактивні БпЛа на півночі Чернігівщини, курс південно-західний. 🛵 БпЛА в Дніпровському районі, курс північно-західний. 🛵 БпЛА курсом на Запоріжжя з півдня. 🛵 БпЛА на півдні Сумщини, курсом на Полтавщину.",https://t.me/kpszsu/67085
2026-07-02T04:05:07+00:00,kpszsu,67085,область,Чернігівська,північ,БпЛА,51.4982,31.2893,"🛵 Реактивний БпЛА на півдні Миколаївщини, курсом на Одещину. 🛵 Реактивні БпЛа на півночі Чернігівщини, курс південно-західний. 🛵 БпЛА в Дніпровському районі, курс північно-західний. 🛵 БпЛА курсом на Запоріжжя з півдня. 🛵 БпЛА на півдні Сумщини, курсом на Полтавщину.",https://t.me/kpszsu/67085
2026-07-02T04:05:07+00:00,kpszsu,67085,область,Дніпропетровська,південно-захід,БпЛА,48.4647,35.0462,"🛵 Реактивний БпЛА на півдні Миколаївщини, курсом на Одещину. 🛵 Реактивні БпЛа на півночі Чернігівщини, курс південно-західний. 🛵 БпЛА в Дніпровському районі, курс північно-західний. 🛵 БпЛА курсом на Запоріжжя з півдня. 🛵 БпЛА на півдні Сумщини, курсом на Полтавщину.",https://t.me/kpszsu/67085
2026-07-02T04:05:07+00:00,kpszsu,67085,область,Запорізька,захід,БпЛА,47.8388,35.1396,"🛵 Реактивний БпЛА на півдні Миколаївщини, курсом на Одещину. 🛵 Реактивні БпЛа на півночі Чернігівщини, курс південно-західний. 🛵 БпЛА в Дніпровському районі, курс північно-західний. 🛵 БпЛА курсом на Запоріжжя з півдня. 🛵 БпЛА на півдні Сумщини, курсом на Полтавщину.",https://t.me/kpszsu/67085
2026-07-02T04:05:07+00:00,kpszsu,67085,область,Сумська,південь,БпЛА,50.9077,34.7981,"🛵 Реактивний БпЛА на півдні Миколаївщини, курсом на Одещину. 🛵 Реактивні БпЛа на півночі Чернігівщини, курс південно-західний. 🛵 БпЛА в Дніпровському районі, курс північно-західний. 🛵 БпЛА курсом на Запоріжжя з півдня. 🛵 БпЛА на півдні Сумщини, курсом на Полтавщину.",https://t.me/kpszsu/67085
2026-07-02T04:05:07+00:00,kpszsu,67085,область,Полтавська,,БпЛА,49.5883,34.5514,"🛵 Реактивний БпЛА на півдні Миколаївщини, курсом на Одещину. 🛵 Реактивні БпЛа на півночі Чернігівщини, курс південно-західний. 🛵 БпЛА в Дніпровському районі, курс північно-західний. 🛵 БпЛА курсом на Запоріжжя з півдня. 🛵 БпЛА на півдні Сумщини, курсом на Полтавщину.",https://t.me/kpszsu/67085
2026-07-02T05:20:49+00:00,kpszsu,67086,область,Київська,,БпЛА,50.4501,30.5234,"🛵 Реактивний БпЛА в районі Київського водосховища, курс південний.",https://t.me/kpszsu/67086
2026-07-02T05:41:29+00:00,kpszsu,67087,область,Харківська,південь,БпЛА,49.9935,36.2304,🛵 Харківщина: БпЛА повз Золочів південно-східним курсом.,https://t.me/kpszsu/67087
2026-07-02T05:48:54+00:00,kpszsu,67088,область,Миколаївська,,БпЛА,46.975,31.9946,"🛵 БпЛА в Первомайському районі Миколаївщини, курсом на Одещину.",https://t.me/kpszsu/67088
2026-07-02T05:48:54+00:00,kpszsu,67088,область,Одеська,,БпЛА,46.4825,30.7233,"🛵 БпЛА в Первомайському районі Миколаївщини, курсом на Одещину.",https://t.me/kpszsu/67088
2026-07-02T05:59:03+00:00,kpszsu,67089,область,Сумська,,БпЛА,50.9077,34.7981,🛵 Сумщина: реактивний БпЛА в напрямку Охтирки з південного сходу; 🛵 Чернігівщина: реактивний БпЛА уздовж кордону з Білоруссю у західному напрямку; 🛵 Реактивний БпЛА на межі Дніпропетровщини і Донеччини курсом на Харківщину.,https://t.me/kpszsu/67089
2026-07-02T05:59:03+00:00,kpszsu,67089,область,Чернігівська,південно-схід,БпЛА,51.4982,31.2893,🛵 Сумщина: реактивний БпЛА в напрямку Охтирки з південного сходу; 🛵 Чернігівщина: реактивний БпЛА уздовж кордону з Білоруссю у західному напрямку; 🛵 Реактивний БпЛА на межі Дніпропетровщини і Донеччини курсом на Харківщину.,https://t.me/kpszsu/67089
2026-07-02T05:59:03+00:00,kpszsu,67089,область,Дніпропетровська,,БпЛА,48.4647,35.0462,🛵 Сумщина: реактивний БпЛА в напрямку Охтирки з південного сходу; 🛵 Чернігівщина: реактивний БпЛА уздовж кордону з Білоруссю у західному напрямку; 🛵 Реактивний БпЛА на межі Дніпропетровщини і Донеччини курсом на Харківщину.,https://t.me/kpszsu/67089
2026-07-02T05:59:03+00:00,kpszsu,67089,область,Донецька,,БпЛА,48.0159,37.8029,🛵 Сумщина: реактивний БпЛА в напрямку Охтирки з південного сходу; 🛵 Чернігівщина: реактивний БпЛА уздовж кордону з Білоруссю у західному напрямку; 🛵 Реактивний БпЛА на межі Дніпропетровщини і Донеччини курсом на Харківщину.,https://t.me/kpszsu/67089
2026-07-02T05:59:03+00:00,kpszsu,67089,область,Харківська,,БпЛА,49.9935,36.2304,🛵 Сумщина: реактивний БпЛА в напрямку Охтирки з південного сходу; 🛵 Чернігівщина: реактивний БпЛА уздовж кордону з Білоруссю у західному напрямку; 🛵 Реактивний БпЛА на межі Дніпропетровщини і Донеччини курсом на Харківщину.,https://t.me/kpszsu/67089
2026-07-02T06:03:42+00:00,kpszsu,67091,область,Харківська,схід,КАБ,49.9935,36.2304,Пуски КАБ на Харківщину зі сходу.,https://t.me/kpszsu/67091
2026-07-02T06:11:37+00:00,kpszsu,67092,область,Дніпропетровська,,БпЛА,48.4647,35.0462,"🛵 Реактивний БпЛА в Нікопольському районі Дніпропетровщини, курс - північно-східний; 🛵 Харківщина: БпЛА в напрямку Балаклії з південного сходу; 🛵 Реактивний БпЛА на заході Чернігівщини, курс - південний/південно-західний.",https://t.me/kpszsu/67092
2026-07-02T06:11:37+00:00,kpszsu,67092,область,Харківська,північно-схід,БпЛА,49.9935,36.2304,"🛵 Реактивний БпЛА в Нікопольському районі Дніпропетровщини, курс - північно-східний; 🛵 Харківщина: БпЛА в напрямку Балаклії з південного сходу; 🛵 Реактивний БпЛА на заході Чернігівщини, курс - південний/південно-західний.",https://t.me/kpszsu/67092
2026-07-02T06:11:37+00:00,kpszsu,67092,область,Чернігівська,захід,БпЛА,51.4982,31.2893,"🛵 Реактивний БпЛА в Нікопольському районі Дніпропетровщини, курс - північно-східний; 🛵 Харківщина: БпЛА в напрямку Балаклії з південного сходу; 🛵 Реактивний БпЛА на заході Чернігівщини, курс - південний/південно-західний.",https://t.me/kpszsu/67092
2026-07-02T06:17:05+00:00,kpszsu,67093,область,Київська,,БпЛА,50.4501,30.5234,🛵 Реактивний БпЛА повз Славутич ➡️ курсом на Київське водосховище.,https://t.me/kpszsu/67093
2026-07-02T06:20:26+00:00,kpszsu,67094,область,Чернігівська,,БпЛА,51.4982,31.2893,🛵 Чернігівщина: реактивний БпЛА ➡️ курсом на Прилуки.,https://t.me/kpszsu/67094
2026-07-02T06:20:52+00:00,kpszsu,67095,область,Київська,,БпЛА|збиття|ракета,50.4501,30.5234,"⚡️ ЗБИТО/ПОДАВЛЕНО 524 ЦІЛІ: 48 РАКЕТ ТА 476 ВОРОЖИХ БПЛА ➖ ➖ ➖ ➖ ➖ ➖ ➖ ➖ ➖ ➖ У ніч на 02 липня (з 18:00 01 липня), противник завдав масованого комбінованого удару по Україні із застосуванням ударних БпЛА, ракет повітряного, наземного та морського базування різних типів. ❗️ Основний напрямок удару – Київ. Особливість масованої атаки - одночасне застосування засобів повітряного нападу різних типів із різних напрямків, застосування великої кількості балістики та реактивних БпЛА. Усього радіотехнічними військами Повітряних Сил зафіксовано 570 засобів повітряного нападу – 74 ракети і 496 БпЛА різних типів: - 4 протикорабельні ракети 3М22 ""Циркон"" (район пуску – Курська обл., - рф); - 24 балістичні ракети Іскандер-М/С-400 (райони пуску – Брянська, Курська обл., - рф); - 34 крилаті ракети Х-101 (район пуску – Вологодська обл., - рф); - 8 крилатих ракет Калібр (район пуску – Новоросійськ, - рф); - 4 керовані авіаційні ракети Х-59/69 (район пуску – Воронезька обл., - рф); - 496 ударних БпЛА типу Shahed, Гербера, Італмас, баражуючих боєприпасів ""Бандероль"", дронів-імітаторів типу ""Пародія"" (із напрямків: Брянськ, Курськ, Орел, Міллерово, Приморсько-Ахтарськ – рф., ТОТ Донецьк, Гвардійське ТОТ АР Крим). Повітряний напад відбивали авіація, зенітні ракетні війська, підрозділи РЕБ та безпілотних систем, мобільні вогневі групи Сил оборони України. 💥 За попередніми даними, станом на 09:00, протиповітряною обороною збито/подавлено 524 цілі – 48 ракет та 476 безпілотників різних типів: - 4 балістичні ракети Іскандер-М/С-400; - 32 крилаті ракети Х-101; - 8 крилатих ракет Калібр; - 4 керовані авіаційні ракети Х-59/69; - 476 ворожих БпЛА різних типів. За попередньою інформацією, станом на 09.00 зафіксовано влучання 25 балістичних ракет та 12 ударних БпЛА на 33 локаціях, а також падіння збитих (уламки) БпЛА на 18 локаціях. Інформація щодо кількох ракет уточнюється. Атака триває! В повітряному просторі України декілька ударних БпЛА. Не ігноруйте тривогу. Висловлюємо співчуття всім постраждалим, родинам, хто втратив своїх рідних та близьких у цій страшній терористичній атаці. Помстимося! ✊ Тримаймо небо! 🇺🇦 Разом – до перемоги!",https://t.me/kpszsu/67095
2026-07-02T06:20:52+00:00,kpszsu,67095,область,Донецька,,БпЛА|збиття|ракета,48.0159,37.8029,"⚡️ ЗБИТО/ПОДАВЛЕНО 524 ЦІЛІ: 48 РАКЕТ ТА 476 ВОРОЖИХ БПЛА ➖ ➖ ➖ ➖ ➖ ➖ ➖ ➖ ➖ ➖ У ніч на 02 липня (з 18:00 01 липня), противник завдав масованого комбінованого удару по Україні із застосуванням ударних БпЛА, ракет повітряного, наземного та морського базування різних типів. ❗️ Основний напрямок удару – Київ. Особливість масованої атаки - одночасне застосування засобів повітряного нападу різних типів із різних напрямків, застосування великої кількості балістики та реактивних БпЛА. Усього радіотехнічними військами Повітряних Сил зафіксовано 570 засобів повітряного нападу – 74 ракети і 496 БпЛА різних типів: - 4 протикорабельні ракети 3М22 ""Циркон"" (район пуску – Курська обл., - рф); - 24 балістичні ракети Іскандер-М/С-400 (райони пуску – Брянська, Курська обл., - рф); - 34 крилаті ракети Х-101 (район пуску – Вологодська обл., - рф); - 8 крилатих ракет Калібр (район пуску – Новоросійськ, - рф); - 4 керовані авіаційні ракети Х-59/69 (район пуску – Воронезька обл., - рф); - 496 ударних БпЛА типу Shahed, Гербера, Італмас, баражуючих боєприпасів ""Бандероль"", дронів-імітаторів типу ""Пародія"" (із напрямків: Брянськ, Курськ, Орел, Міллерово, Приморсько-Ахтарськ – рф., ТОТ Донецьк, Гвардійське ТОТ АР Крим). Повітряний напад відбивали авіація, зенітні ракетні війська, підрозділи РЕБ та безпілотних систем, мобільні вогневі групи Сил оборони України. 💥 За попередніми даними, станом на 09:00, протиповітряною обороною збито/подавлено 524 цілі – 48 ракет та 476 безпілотників різних типів: - 4 балістичні ракети Іскандер-М/С-400; - 32 крилаті ракети Х-101; - 8 крилатих ракет Калібр; - 4 керовані авіаційні ракети Х-59/69; - 476 ворожих БпЛА різних типів. За попередньою інформацією, станом на 09.00 зафіксовано влучання 25 балістичних ракет та 12 ударних БпЛА на 33 локаціях, а також падіння збитих (уламки) БпЛА на 18 локаціях. Інформація щодо кількох ракет уточнюється. Атака триває! В повітряному просторі України декілька ударних БпЛА. Не ігноруйте тривогу. Висловлюємо співчуття всім постраждалим, родинам, хто втратив своїх рідних та близьких у цій страшній терористичній атаці. Помстимося! ✊ Тримаймо небо! 🇺🇦 Разом – до перемоги!",https://t.me/kpszsu/67095
2026-07-02T06:40:16+00:00,kpszsu,67096,область,Чернігівська,,БпЛА,51.4982,31.2893,🛵 Чернігівщина: група БпЛА вздовж кордону з Білоруссю ➡️ в напрямку Славутича.,https://t.me/kpszsu/67096
2026-07-02T06:53:13+00:00,kpszsu,67097,область,Полтавська,,БпЛА,49.5883,34.5514,🛵 Полтавщина: реактивний БпЛА ➡️ в районі Миргорода. 🛵 Вінниччина: БпЛА ➡️ в напрямку Джурина. 🛵 Чернігівщина: група реактивних БпЛА ➡️ повз Славутич.,https://t.me/kpszsu/67097
2026-07-02T06:53:13+00:00,kpszsu,67097,область,Вінницька,,БпЛА,49.2331,28.4682,🛵 Полтавщина: реактивний БпЛА ➡️ в районі Миргорода. 🛵 Вінниччина: БпЛА ➡️ в напрямку Джурина. 🛵 Чернігівщина: група реактивних БпЛА ➡️ повз Славутич.,https://t.me/kpszsu/67097
2026-07-02T06:53:13+00:00,kpszsu,67097,область,Чернігівська,,БпЛА,51.4982,31.2893,🛵 Полтавщина: реактивний БпЛА ➡️ в районі Миргорода. 🛵 Вінниччина: БпЛА ➡️ в напрямку Джурина. 🛵 Чернігівщина: група реактивних БпЛА ➡️ повз Славутич.,https://t.me/kpszsu/67097
2026-07-02T07:04:50+00:00,kpszsu,67098,область,Запорізька,,КАБ,47.8388,35.1396,"Пуски КАБ на Запоріжжя, Сумщину, Донеччину.",https://t.me/kpszsu/67098
2026-07-02T07:04:50+00:00,kpszsu,67098,область,Сумська,,КАБ,50.9077,34.7981,"Пуски КАБ на Запоріжжя, Сумщину, Донеччину.",https://t.me/kpszsu/67098
2026-07-02T07:04:50+00:00,kpszsu,67098,область,Донецька,,КАБ,48.0159,37.8029,"Пуски КАБ на Запоріжжя, Сумщину, Донеччину.",https://t.me/kpszsu/67098
2026-07-02T07:16:04+00:00,kpszsu,67099,область,Миколаївська,,БпЛА,46.975,31.9946,🛵 Миколаївщина: група БпЛА ➡️ в напрямку Снігурівки.,https://t.me/kpszsu/67099
2026-07-02T07:30:48+00:00,kpszsu,67100,область,Чернігівська,,БпЛА,51.4982,31.2893,🛵 Нові групи реактивних БпЛА з Брянщини (рф) ➡️ на Чернігівщину.,https://t.me/kpszsu/67100
2026-07-02T07:41:41+00:00,kpszsu,67102,область,Дніпропетровська,,,48.4647,35.0462,🚀 Швидкісна ціль на Дніпро,https://t.me/kpszsu/67102
2026-07-02T07:45:21+00:00,kpszsu,67103,область,Запорізька,захід,БпЛА,47.8388,35.1396,🛵 БпЛА на Запоріжжя ➡️ із західного напрямку. 🛵 БпЛА на південно-західному напрямку Чернігівщини ➡️ курс на Київщину.,https://t.me/kpszsu/67103
2026-07-02T07:45:21+00:00,kpszsu,67103,область,Чернігівська,південно-захід,БпЛА,51.4982,31.2893,🛵 БпЛА на Запоріжжя ➡️ із західного напрямку. 🛵 БпЛА на південно-західному напрямку Чернігівщини ➡️ курс на Київщину.,https://t.me/kpszsu/67103
2026-07-02T07:45:21+00:00,kpszsu,67103,область,Київська,,БпЛА,50.4501,30.5234,🛵 БпЛА на Запоріжжя ➡️ із західного напрямку. 🛵 БпЛА на південно-західному напрямку Чернігівщини ➡️ курс на Київщину.,https://t.me/kpszsu/67103
2026-07-02T07:49:54+00:00,kpszsu,67104,область,Дніпропетровська,південно-схід,БпЛА|КАБ,48.4647,35.0462,КАБи на південно-східний напрямок Дніпропетровщини.,https://t.me/kpszsu/67104
2026-07-02T08:06:38+00:00,kpszsu,67106,область,Київська,північ,БпЛА,50.4501,30.5234,🛵 Ворожі БпЛА на Київщині: - з півночі на н.п. Красятичі; - на сході від Київського водосховища в напрямку столиці.,https://t.me/kpszsu/67106
2026-07-02T08:06:38+00:00,kpszsu,67106,область,Київська,схід,БпЛА,50.4501,30.5234,🛵 Ворожі БпЛА на Київщині: - з півночі на н.п. Красятичі; - на сході від Київського водосховища в напрямку столиці.,https://t.me/kpszsu/67106
2026-07-02T08:13:12+00:00,kpszsu,67107,область,Запорізька,,БпЛА|КАБ,47.8388,35.1396,КАБи на Запоріжжя.,https://t.me/kpszsu/67107
2026-07-02T08:17:29+00:00,kpszsu,67109,область,Житомирська,північ,БпЛА,50.2547,28.6587,🛵 Реактивний БпЛА з півночі в напрямку Житомира.,https://t.me/kpszsu/67109
2026-07-02T08:26:33+00:00,kpszsu,67110,область,Сумська,північ,БпЛА,50.9077,34.7981,"🛵 БпЛА на півночі Сумщини, курс на Чернігівщину. 🛵 БпЛА на Дніпропетровщині, курс на н.п.Божедарівка. 🛵 БпЛА на півдні від Житомира, курс на південь.",https://t.me/kpszsu/67110
2026-07-02T08:26:33+00:00,kpszsu,67110,область,Чернігівська,,БпЛА,51.4982,31.2893,"🛵 БпЛА на півночі Сумщини, курс на Чернігівщину. 🛵 БпЛА на Дніпропетровщині, курс на н.п.Божедарівка. 🛵 БпЛА на півдні від Житомира, курс на південь.",https://t.me/kpszsu/67110
2026-07-02T08:26:33+00:00,kpszsu,67110,область,Дніпропетровська,,БпЛА,48.4647,35.0462,"🛵 БпЛА на півночі Сумщини, курс на Чернігівщину. 🛵 БпЛА на Дніпропетровщині, курс на н.п.Божедарівка. 🛵 БпЛА на півдні від Житомира, курс на південь.",https://t.me/kpszsu/67110
2026-07-02T08:26:33+00:00,kpszsu,67110,область,Житомирська,південь,БпЛА,50.2547,28.6587,"🛵 БпЛА на півночі Сумщини, курс на Чернігівщину. 🛵 БпЛА на Дніпропетровщині, курс на н.п.Божедарівка. 🛵 БпЛА на півдні від Житомира, курс на південь.",https://t.me/kpszsu/67110
2026-07-02T08:31:17+00:00,kpszsu,67111,область,Запорізька,південь,БпЛА,47.8388,35.1396,🛵 Ворожі БпЛА в напрямку Запоріжжя з півдня. 🛵 БпЛА в напрямку Харкова з півночі.,https://t.me/kpszsu/67111
2026-07-02T09:19:13+00:00,kpszsu,67113,область,Харківська,північ,БпЛА,49.9935,36.2304,🛵 БпЛА на Харків з півночі. 🛵 БпЛА на Запоріжжя.,https://t.me/kpszsu/67113
2026-07-02T09:19:13+00:00,kpszsu,67113,область,Запорізька,північ,БпЛА,47.8388,35.1396,🛵 БпЛА на Харків з півночі. 🛵 БпЛА на Запоріжжя.,https://t.me/kpszsu/67113
2026-07-02T10:08:39+00:00,kpszsu,67114,область,Харківська,південь,БпЛА,49.9935,36.2304,"🛵 БпЛА на півдні Харківщини, курс на захід. 🛸 На заході Сумщини робота розвідувального БпЛА противника.",https://t.me/kpszsu/67114
2026-07-02T10:08:39+00:00,kpszsu,67114,область,Сумська,захід,БпЛА,50.9077,34.7981,"🛵 БпЛА на півдні Харківщини, курс на захід. 🛸 На заході Сумщини робота розвідувального БпЛА противника.",https://t.me/kpszsu/67114
2026-07-02T10:22:27+00:00,kpszsu,67115,область,Сумська,південь,БпЛА,50.9077,34.7981,🛵 Ворожі БпЛА в напрямку Кривого Рогу з півдня. 🛵 БпЛА на Суми з півночі.,https://t.me/kpszsu/67115
2026-07-02T10:36:17+00:00,kpszsu,67116,область,Запорізька,південно-захід,БпЛА,47.8388,35.1396,🛵 БпЛА на Запоріжжя з південного заходу,https://t.me/kpszsu/67116
2026-07-02T12:12:14+00:00,kpszsu,67117,область,Донецька,,КАБ,48.0159,37.8029,КАБи на Донеччину!,https://t.me/kpszsu/67117
2026-07-02T12:14:12+00:00,kpszsu,67118,область,Сумська,схід,КАБ,50.9077,34.7981,КАБи на схід Сумщини!,https://t.me/kpszsu/67118
2026-07-02T12:17:40+00:00,kpszsu,67120,область,Сумська,,КАБ,50.9077,34.7981,КАБи на Суми!,https://t.me/kpszsu/67120
2026-07-02T12:20:03+00:00,kpszsu,67121,область,Дніпропетровська,південно-захід,БпЛА,48.4647,35.0462,🛵 БпЛА у напрямку Межової на Дніпропетровщині з південного заходу,https://t.me/kpszsu/67121
2026-07-02T12:26:43+00:00,kpszsu,67122,область,Сумська,північ,БпЛА,50.9077,34.7981,🛵 БпЛА на півночі Сумщини ➡️ південним напрямком,https://t.me/kpszsu/67122
2026-07-02T12:32:24+00:00,kpszsu,67123,область,Харківська,,БпЛА,49.9935,36.2304,🛵 БпЛА на межі між Харківською та Сумською областями ➡️ у південно-західному напрямку,https://t.me/kpszsu/67123
2026-07-02T12:32:24+00:00,kpszsu,67123,область,Сумська,південно-захід,БпЛА,50.9077,34.7981,🛵 БпЛА на межі між Харківською та Сумською областями ➡️ у південно-західному напрямку,https://t.me/kpszsu/67123
2026-07-02T12:42:36+00:00,kpszsu,67124,область,Сумська,північ,БпЛА,50.9077,34.7981,🛵 БпЛА на Ямпіль на Сумщині з півночі,https://t.me/kpszsu/67124
2026-07-02T12:45:30+00:00,kpszsu,67125,область,Запорізька,південь,БпЛА,47.8388,35.1396,🛵 БпЛА на Запоріжжя з півдня,https://t.me/kpszsu/67125
2026-07-02T12:49:20+00:00,kpszsu,67126,область,Харківська,північ,БпЛА,49.9935,36.2304,🛵 БпЛА на Харків з півночі,https://t.me/kpszsu/67126
2026-07-02T12:50:35+00:00,kpszsu,67127,область,Донецька,,КАБ,48.0159,37.8029,КАБи на Донеччину!,https://t.me/kpszsu/67127
2026-07-02T12:53:17+00:00,kpszsu,67128,область,Харківська,північно-схід,БпЛА|КАБ,49.9935,36.2304,КАБи на північний схід Харківщини!,https://t.me/kpszsu/67128
2026-07-02T12:57:43+00:00,kpszsu,67129,область,Харківська,південно-захід,,49.9935,36.2304,Ціль повз Краснокутськ на Харківщині південно-західним напрямком,https://t.me/kpszsu/67129
2026-07-02T12:59:08+00:00,kpszsu,67130,область,Харківська,південно-захід,,49.9935,36.2304,Ціль повз Краснокутськ на Харківщині південно-західним напрямком,https://t.me/kpszsu/67130
2026-07-02T13:01:33+00:00,kpszsu,67131,область,Полтавська,південно-захід,,49.5883,34.5514,Ціль продовжує рух на Полтавщині повз Опішню у південно-західному напрямку,https://t.me/kpszsu/67131
2026-07-02T13:10:30+00:00,kpszsu,67132,область,Миколаївська,північно-захід,БпЛА,46.975,31.9946,🛵 БпЛА повз Чемерлієве на Миколаївщині північно-західним курсом,https://t.me/kpszsu/67132
2026-07-02T13:12:09+00:00,kpszsu,67133,область,Херсонська,південно-захід,БпЛА,46.6354,32.6169,🛵 БпЛА на Херсон із південно-західного напрямку,https://t.me/kpszsu/67133
2026-07-02T13:17:34+00:00,kpszsu,67134,область,Запорізька,,КАБ,47.8388,35.1396,КАБи на Запорізьку область!,https://t.me/kpszsu/67134
2026-07-02T13:22:46+00:00,kpszsu,67137,область,Херсонська,північно-схід,БпЛА,46.6354,32.6169,🛵 БпЛА у напрямку Херсона з північного сходу,https://t.me/kpszsu/67137
2026-07-02T13:37:12+00:00,kpszsu,67138,область,Донецька,,БпЛА|КАБ,48.0159,37.8029,КАБи на Донеччину!,https://t.me/kpszsu/67138
2026-07-02T13:38:48+00:00,kpszsu,67139,область,Дніпропетровська,,КАБ,48.4647,35.0462,КАБи на Дніпропетровщину!,https://t.me/kpszsu/67139
2026-07-02T15:01:38+00:00,kpszsu,67140,область,Запорізька,,БпЛА,47.8388,35.1396,🛵 Реактивний БпЛА ➡️ у напрямку Запоріжжя.,https://t.me/kpszsu/67140
2026-07-02T15:02:47+00:00,kpszsu,67141,область,Харківська,,БпЛА,49.9935,36.2304,🛵 Харківщина: група БпЛА ➡️ курсом на Ізюм.,https://t.me/kpszsu/67141
2026-07-02T15:42:44+00:00,kpszsu,67142,область,Херсонська,захід,БпЛА,46.6354,32.6169,🛵 БпЛА на захід Херсонщини з півдня,https://t.me/kpszsu/67142
2026-07-02T15:43:38+00:00,kpszsu,67143,область,Сумська,північ,БпЛА,50.9077,34.7981,🛵 БпЛА на Суми з півночі,https://t.me/kpszsu/67143
2026-07-02T16:47:46+00:00,kpszsu,67144,область,Сумська,південь,БпЛА,50.9077,34.7981,🛵 БпЛА на Суми з півдня 🛵 Реактивний БпЛА на Запоріжжя з півдня,https://t.me/kpszsu/67144
2026-07-02T16:47:46+00:00,kpszsu,67144,область,Запорізька,південь,БпЛА,47.8388,35.1396,🛵 БпЛА на Суми з півдня 🛵 Реактивний БпЛА на Запоріжжя з півдня,https://t.me/kpszsu/67144
2026-07-02T16:50:27+00:00,kpszsu,67145,область,Миколаївська,південь,БпЛА,46.975,31.9946,🛵 Група БпЛА на Миколаївщину з півдня,https://t.me/kpszsu/67145
2026-07-02T17:45:50+00:00,kpszsu,67146,область,Сумська,,БпЛА,50.9077,34.7981,🛵 Сумщина: БпЛА курсом на Конотоп.,https://t.me/kpszsu/67146
2026-07-02T18:23:22+00:00,kpszsu,67147,область,Сумська,,КАБ,50.9077,34.7981,КАБи на Сумщину та Донеччину!,https://t.me/kpszsu/67147
2026-07-02T18:23:22+00:00,kpszsu,67147,область,Донецька,,КАБ,48.0159,37.8029,КАБи на Сумщину та Донеччину!,https://t.me/kpszsu/67147
2026-07-02T18:44:44+00:00,kpszsu,67148,область,Донецька,,БпЛА,48.0159,37.8029,🛵 Декілька груп БпЛА на межі Донеччини та Харківщини ➡️ у напрямку Барвінкового.,https://t.me/kpszsu/67148
2026-07-02T18:44:44+00:00,kpszsu,67148,область,Харківська,,БпЛА,49.9935,36.2304,🛵 Декілька груп БпЛА на межі Донеччини та Харківщини ➡️ у напрямку Барвінкового.,https://t.me/kpszsu/67148
2026-07-02T19:26:04+00:00,kpszsu,67151,область,Херсонська,,ракета,46.6354,32.6169,Ракета через Херсонщину! Курс на Кривий Ріг!,https://t.me/kpszsu/67151
2026-07-02T19:26:04+00:00,kpszsu,67151,область,Дніпропетровська,,ракета,48.4647,35.0462,Ракета через Херсонщину! Курс на Кривий Ріг!,https://t.me/kpszsu/67151
2026-07-02T19:32:08+00:00,kpszsu,67153,область,Запорізька,,КАБ,47.8388,35.1396,КАБи на Запоріжжя!,https://t.me/kpszsu/67153
2026-07-02T20:33:36+00:00,kpszsu,67154,область,Миколаївська,,БпЛА,46.975,31.9946,🛵 Миколаївщина: БпЛА із моря ➡️ у напрямку Очакова.,https://t.me/kpszsu/67154
2026-07-02T21:22:09+00:00,kpszsu,67155,область,Сумська,,БпЛА,50.9077,34.7981,🛵 Сумщина: БпЛА повз Лебедин ➡️ курсом на Полтавщину.,https://t.me/kpszsu/67155
2026-07-02T21:22:09+00:00,kpszsu,67155,область,Полтавська,,БпЛА,49.5883,34.5514,🛵 Сумщина: БпЛА повз Лебедин ➡️ курсом на Полтавщину.,https://t.me/kpszsu/67155
2026-07-02T22:09:15+00:00,kpszsu,67156,область,Сумська,,БпЛА,50.9077,34.7981,🛵 Сумщина: БпЛА повз Лебедин ➡️ курсом на Полтавщину.,https://t.me/kpszsu/67156
2026-07-02T22:09:15+00:00,kpszsu,67156,область,Полтавська,,БпЛА,49.5883,34.5514,🛵 Сумщина: БпЛА повз Лебедин ➡️ курсом на Полтавщину.,https://t.me/kpszsu/67156
2026-07-02T23:16:49+00:00,kpszsu,67157,область,Дніпропетровська,схід,БпЛА,48.4647,35.0462,🛵 БпЛА на сході Дніпропетровщини ➡️ курсом на Шахтарське.,https://t.me/kpszsu/67157
2026-07-03T00:07:36+00:00,kpszsu,67158,область,Сумська,північ,БпЛА,50.9077,34.7981,🛵 БпЛА на Суми з півночі,https://t.me/kpszsu/67158
2026-07-03T00:09:24+00:00,kpszsu,67159,область,Донецька,захід,БпЛА,48.0159,37.8029,🛵 Група БпЛА на заході Донеччини ➡️ північно-західним курсом,https://t.me/kpszsu/67159
2026-07-03T00:11:10+00:00,kpszsu,67160,область,Запорізька,південь,БпЛА,47.8388,35.1396,🛵 БпЛА у напрямку Новомиколаївки Запорізької області із півдня,https://t.me/kpszsu/67160
2026-07-03T00:25:46+00:00,kpszsu,67161,область,Донецька,,КАБ,48.0159,37.8029,КАБи на Донеччину!,https://t.me/kpszsu/67161
2026-07-03T00:32:38+00:00,kpszsu,67162,область,Харківська,південь,БпЛА,49.9935,36.2304,🛵 БпЛА на Лозову на Харківщині з півдня,https://t.me/kpszsu/67162
2026-07-03T00:54:43+00:00,kpszsu,67163,область,Харківська,північ,КАБ,49.9935,36.2304,КАБи на північ Харківщини!,https://t.me/kpszsu/67163
2026-07-03T01:10:06+00:00,kpszsu,67164,область,Дніпропетровська,,КАБ,48.4647,35.0462,КАБи на Дніпропетровщину!,https://t.me/kpszsu/67164
2026-07-03T01:11:47+00:00,kpszsu,67165,область,Харківська,північ,КАБ,49.9935,36.2304,КАБи на північ Харківщини!,https://t.me/kpszsu/67165
2026-07-03T01:12:48+00:00,kpszsu,67166,область,Донецька,,КАБ,48.0159,37.8029,КАБи на Донеччину!,https://t.me/kpszsu/67166
2026-07-03T01:53:44+00:00,kpszsu,67167,область,Дніпропетровська,,КАБ,48.4647,35.0462,КАБи на Дніпропетровщину та Запорізьку область!,https://t.me/kpszsu/67167
2026-07-03T01:53:44+00:00,kpszsu,67167,область,Запорізька,,КАБ,47.8388,35.1396,КАБи на Дніпропетровщину та Запорізьку область!,https://t.me/kpszsu/67167
2026-07-03T01:58:55+00:00,kpszsu,67168,область,Запорізька,,КАБ,47.8388,35.1396,КАБ на місто Запоріжжя!,https://t.me/kpszsu/67168
2026-07-03T02:03:43+00:00,kpszsu,67169,область,Запорізька,південь,БпЛА,47.8388,35.1396,🛵 БпЛА на Запоріжжя з півдня,https://t.me/kpszsu/67169
2026-07-03T02:10:49+00:00,kpszsu,67170,область,Полтавська,північно-схід,БпЛА,49.5883,34.5514,🛵 БпЛА на північному сході від Полтави у напрямку Диканьки,https://t.me/kpszsu/67170
2026-07-03T02:37:34+00:00,kpszsu,67171,область,Дніпропетровська,,БпЛА,48.4647,35.0462,🛵 БпЛА у Нікопольському районі Дніпропетровщини ➡️ у північному напрямку 🛵 БпЛА на Суми з півночі,https://t.me/kpszsu/67171
2026-07-03T02:37:34+00:00,kpszsu,67171,область,Дніпропетровська,північ,БпЛА,48.4647,35.0462,🛵 БпЛА у Нікопольському районі Дніпропетровщини ➡️ у північному напрямку 🛵 БпЛА на Суми з півночі,https://t.me/kpszsu/67171
2026-07-03T02:37:34+00:00,kpszsu,67171,область,Сумська,північ,БпЛА,50.9077,34.7981,🛵 БпЛА у Нікопольському районі Дніпропетровщини ➡️ у північному напрямку 🛵 БпЛА на Суми з півночі,https://t.me/kpszsu/67171
2026-07-03T02:38:49+00:00,kpszsu,67172,область,Полтавська,північно-схід,БпЛА,49.5883,34.5514,🛵 БпЛА на північному сході від Полтави у напрямку Диканьки,https://t.me/kpszsu/67172
2026-07-03T02:40:37+00:00,kpszsu,67173,область,Дніпропетровська,,КАБ,48.4647,35.0462,КАБи на Дніпропетровщину!,https://t.me/kpszsu/67173
2026-07-03T02:51:08+00:00,kpszsu,67174,область,Дніпропетровська,південно-схід,БпЛА,48.4647,35.0462,🛵 БпЛА у напрямку Божедарівки на Дніпропетровщині із південного сходу,https://t.me/kpszsu/67174
2026-07-03T03:04:51+00:00,kpszsu,67175,область,Чернігівська,схід,БпЛА,51.4982,31.2893,🛵 БпЛА на Чернігів зі сходу,https://t.me/kpszsu/67175
2026-07-03T03:26:00+00:00,kpszsu,67176,область,Запорізька,південь,БпЛА,47.8388,35.1396,🛵 БпЛА на Запоріжжя із півдня,https://t.me/kpszsu/67176
2026-07-03T03:34:47+00:00,kpszsu,67177,область,Харківська,північ,БпЛА,49.9935,36.2304,🛵 БпЛА на Харків з півночі 🛵 Реактивний  БпЛА у Нікопольському районі Дніпропетровщині ➡️ у північному напрямку 🛵 Реактивний БпЛА у Криворізькому районі Дніпропетровщини ➡️ у південному напрямку,https://t.me/kpszsu/67177
2026-07-03T03:34:47+00:00,kpszsu,67177,область,Дніпропетровська,північ,БпЛА,48.4647,35.0462,🛵 БпЛА на Харків з півночі 🛵 Реактивний  БпЛА у Нікопольському районі Дніпропетровщині ➡️ у північному напрямку 🛵 Реактивний БпЛА у Криворізькому районі Дніпропетровщини ➡️ у південному напрямку,https://t.me/kpszsu/67177
2026-07-03T03:34:47+00:00,kpszsu,67177,область,Дніпропетровська,,БпЛА,48.4647,35.0462,🛵 БпЛА на Харків з півночі 🛵 Реактивний  БпЛА у Нікопольському районі Дніпропетровщині ➡️ у північному напрямку 🛵 Реактивний БпЛА у Криворізькому районі Дніпропетровщини ➡️ у південному напрямку,https://t.me/kpszsu/67177
2026-07-03T03:34:47+00:00,kpszsu,67177,область,Дніпропетровська,південь,БпЛА,48.4647,35.0462,🛵 БпЛА на Харків з півночі 🛵 Реактивний  БпЛА у Нікопольському районі Дніпропетровщині ➡️ у північному напрямку 🛵 Реактивний БпЛА у Криворізькому районі Дніпропетровщини ➡️ у південному напрямку,https://t.me/kpszsu/67177
2026-07-03T03:43:58+00:00,kpszsu,67178,область,Сумська,північно-схід,БпЛА,50.9077,34.7981,🛵 Реактивний БпЛА у напрямку Конотопа з північного сходу,https://t.me/kpszsu/67178
2026-07-03T03:48:45+00:00,kpszsu,67179,область,Сумська,північно-захід,БпЛА,50.9077,34.7981,🛵 Реактивний БпЛА у напрямку Бурині на Сумщині з північного заходу 🛵 Реактивний БпЛА у напрямку Путивля на Сумщині з північного сходу,https://t.me/kpszsu/67179
2026-07-03T03:48:45+00:00,kpszsu,67179,область,Сумська,північно-схід,БпЛА,50.9077,34.7981,🛵 Реактивний БпЛА у напрямку Бурині на Сумщині з північного заходу 🛵 Реактивний БпЛА у напрямку Путивля на Сумщині з північного сходу,https://t.me/kpszsu/67179
2026-07-03T04:25:07+00:00,kpszsu,67180,область,Донецька,південно-захід,БпЛА,48.0159,37.8029,🛵 БпЛА у напрямку Слов'янська на Донеччині з південного заходу,https://t.me/kpszsu/67180
2026-07-03T05:17:30+00:00,kpszsu,67181,область,Миколаївська,південь,БпЛА,46.975,31.9946,🛵 БпЛА на південь Миколаївщини з Чорного моря,https://t.me/kpszsu/67181
2026-07-03T05:29:22+00:00,kpszsu,67182,область,Сумська,північно-захід,БпЛА,50.9077,34.7981,🛵 Реактивний БпЛА на Суми з північного заходу,https://t.me/kpszsu/67182
2026-07-03T05:33:37+00:00,kpszsu,67183,область,Запорізька,,БпЛА|збиття|ракета,47.8388,35.1396,"⚡️ ЗБИТО/ПОДАВЛЕНО 83 ЦІЛІ ➖ ➖ ➖ ➖ ➖ ➖ ➖ ➖ ➖ ➖ У ніч на 3 липня (з 18:00 2 липня) противник атакував двома керованими авіаційними ракетами Х-59/69 із ТОТ Запорізької області та 105 ударними БпЛА типу Shahed (в т.ч. реактивними), Гербера, Італмас та дронами-імітаторами типу «Пародія» із напрямків: Курськ, Орел, Брянськ, Приморсько-Ахтарськ, Міллерове – рф., Донецьк – ТОТ. Повітряний напад відбивали авіація, зенітні ракетні війська, підрозділи РЕБ та безпілотних систем, мобільні вогневі групи Сил оборони України. 💥 За попередніми даними, станом на 08:30, протиповітряною обороною збито/подавлено 83 цілі – 1 керовану авіаційну ракету Х-59/69 та 82 ворожі БпЛА типу Shahed, Гербера, Італмас та дрони інших типів на півночі, півдні та сході країни. Зафіксовано влучання 1 керованої авіаційної ракети Х-59/69 та 21 ударного БпЛА на 16 локаціях, а також падіння збитих (уламки) на 5 локаціях. Атака триває, в повітряному просторі декілька ворожих БпЛА. Дотримуйтесь правил безпеки! ✊ Тримаймо небо! 🇺🇦 Разом – до перемоги!",https://t.me/kpszsu/67183
2026-07-03T05:33:37+00:00,kpszsu,67183,область,Донецька,,БпЛА|збиття|ракета,48.0159,37.8029,"⚡️ ЗБИТО/ПОДАВЛЕНО 83 ЦІЛІ ➖ ➖ ➖ ➖ ➖ ➖ ➖ ➖ ➖ ➖ У ніч на 3 липня (з 18:00 2 липня) противник атакував двома керованими авіаційними ракетами Х-59/69 із ТОТ Запорізької області та 105 ударними БпЛА типу Shahed (в т.ч. реактивними), Гербера, Італмас та дронами-імітаторами типу «Пародія» із напрямків: Курськ, Орел, Брянськ, Приморсько-Ахтарськ, Міллерове – рф., Донецьк – ТОТ. Повітряний напад відбивали авіація, зенітні ракетні війська, підрозділи РЕБ та безпілотних систем, мобільні вогневі групи Сил оборони України. 💥 За попередніми даними, станом на 08:30, протиповітряною обороною збито/подавлено 83 цілі – 1 керовану авіаційну ракету Х-59/69 та 82 ворожі БпЛА типу Shahed, Гербера, Італмас та дрони інших типів на півночі, півдні та сході країни. Зафіксовано влучання 1 керованої авіаційної ракети Х-59/69 та 21 ударного БпЛА на 16 локаціях, а також падіння збитих (уламки) на 5 локаціях. Атака триває, в повітряному просторі декілька ворожих БпЛА. Дотримуйтесь правил безпеки! ✊ Тримаймо небо! 🇺🇦 Разом – до перемоги!",https://t.me/kpszsu/67183
2026-07-03T05:50:42+00:00,kpszsu,67184,область,Полтавська,північ,БпЛА,49.5883,34.5514,🛵 БпЛА в Кременчуцькому районі Полтавщини ➡️ у північно-західному  напрямку,https://t.me/kpszsu/67184
2026-07-03T05:50:42+00:00,kpszsu,67184,область,Полтавська,північно-захід,БпЛА,49.5883,34.5514,🛵 БпЛА в Кременчуцькому районі Полтавщини ➡️ у північно-західному  напрямку,https://t.me/kpszsu/67184
2026-07-03T05:51:24+00:00,kpszsu,67185,область,Запорізька,південь,БпЛА,47.8388,35.1396,🛵 БпЛА на Запоріжжя з півдня,https://t.me/kpszsu/67185
2026-07-03T06:06:42+00:00,kpszsu,67186,область,Сумська,південь,БпЛА,50.9077,34.7981,🛵 БпЛА на Сумщині повз Степанівку у південному напрямку.,https://t.me/kpszsu/67186
2026-07-03T06:15:59+00:00,kpszsu,67187,область,Сумська,,,50.9077,34.7981,ЦІль на прикордоння Сумщини (Білопілля).,https://t.me/kpszsu/67187
2026-07-03T06:21:10+00:00,kpszsu,67188,область,Запорізька,південь,БпЛА,47.8388,35.1396,🛵 🛸 БпЛА на Запоріжжя з півдня.,https://t.me/kpszsu/67188
2026-07-03T06:24:06+00:00,kpszsu,67189,область,Полтавська,,БпЛА,49.5883,34.5514,🛵 Полтавщина: БпЛА в напрямку Миргорода з півдня.,https://t.me/kpszsu/67189
2026-07-03T06:30:55+00:00,kpszsu,67190,область,Херсонська,,БпЛА|збиття,46.6354,32.6169,🛵 🛸 БпЛА на Херсонщині в напрямку Великої Олександрівки. Залучено засоби для збиття.,https://t.me/kpszsu/67190
2026-07-03T06:36:12+00:00,kpszsu,67191,область,Сумська,,КАБ,50.9077,34.7981,Пуски КАБ на Сумщину!,https://t.me/kpszsu/67191
2026-07-03T06:40:32+00:00,kpszsu,67192,область,Донецька,,КАБ,48.0159,37.8029,Пуски КАБ на Донеччину!,https://t.me/kpszsu/67192
2026-07-03T06:41:27+00:00,kpszsu,67193,область,Сумська,північ,БпЛА,50.9077,34.7981,🛵 БпЛА в напрямку Сум з півночі.,https://t.me/kpszsu/67193
2026-07-03T06:59:16+00:00,kpszsu,67194,область,Харківська,північ,КАБ,49.9935,36.2304,Пуски КАБ на північ Харківщини.,https://t.me/kpszsu/67194
2026-07-03T07:09:51+00:00,kpszsu,67195,область,Дніпропетровська,північ,БпЛА,48.4647,35.0462,🛵 БпЛА в напрямку н.п.Божедарівка та Нікополь з півночі.,https://t.me/kpszsu/67195
2026-07-03T07:37:55+00:00,kpszsu,67196,область,Миколаївська,південь,БпЛА,46.975,31.9946,"🛵 Миколаївщина: реактивний БпЛА на півдні області, курс - північний.",https://t.me/kpszsu/67196
2026-07-03T07:45:19+00:00,kpszsu,67197,область,Миколаївська,південь,БпЛА,46.975,31.9946,"🛵 Миколаївщина: реактивний БпЛА на півдні області, курс - північний.",https://t.me/kpszsu/67197
2026-07-03T07:46:52+00:00,kpszsu,67198,область,Харківська,,БпЛА,49.9935,36.2304,🛵 Харківщина: БпЛА повз Старий Салтів в напрямку Харкова.,https://t.me/kpszsu/67198
2026-07-03T07:49:03+00:00,kpszsu,67199,область,Харківська,схід,КАБ,49.9935,36.2304,КАБи ➡️ на Харківщину зі сходу.,https://t.me/kpszsu/67199
2026-07-03T07:53:30+00:00,kpszsu,67200,область,Сумська,,БпЛА,50.9077,34.7981,🛵 Сумщина: реактивний БпЛА ➡️ на/повз Путивль з північного сходу.,https://t.me/kpszsu/67200
2026-07-03T07:55:55+00:00,kpszsu,67201,область,Запорізька,,БпЛА,47.8388,35.1396,🛵 Запорізька область: БпЛА в напрямку Запоріжжя з південного заходу.,https://t.me/kpszsu/67201
2026-07-03T07:55:55+00:00,kpszsu,67201,область,Запорізька,південно-захід,БпЛА,47.8388,35.1396,🛵 Запорізька область: БпЛА в напрямку Запоріжжя з південного заходу.,https://t.me/kpszsu/67201
2026-07-03T08:02:55+00:00,kpszsu,67202,область,Сумська,,БпЛА,50.9077,34.7981,🛵 Сумщина: реактивний БпЛА ➡️ на/повз Путивль з північного сходу.,https://t.me/kpszsu/67202
2026-07-03T08:05:57+00:00,kpszsu,67203,область,Дніпропетровська,схід,КАБ,48.4647,35.0462,КАБи ➡️ на схід Дніпропетровщини!,https://t.me/kpszsu/67203
2026-07-03T08:12:35+00:00,kpszsu,67204,область,Запорізька,,КАБ,47.8388,35.1396,КАБи ➡️ на Запорізьку область!,https://t.me/kpszsu/67204
2026-07-03T08:31:52+00:00,kpszsu,67205,область,Сумська,,БпЛА,50.9077,34.7981,🛵 Реактивний БпЛА  на Сумщині ➡️ курсом на/повз Конотоп в напрямку Чернігівщини.,https://t.me/kpszsu/67205
2026-07-03T08:31:52+00:00,kpszsu,67205,область,Чернігівська,,БпЛА,51.4982,31.2893,🛵 Реактивний БпЛА  на Сумщині ➡️ курсом на/повз Конотоп в напрямку Чернігівщини.,https://t.me/kpszsu/67205
2026-07-03T08:46:12+00:00,kpszsu,67206,область,Запорізька,південно-захід,БпЛА,47.8388,35.1396,"🛵 🛸 БпЛА на південному заході м,Запоріжжя, курс - змінний; 🛵 Дніпропетровщина: БпЛА в Нікопольському районі, курс - північно-західний.",https://t.me/kpszsu/67206
2026-07-03T08:46:12+00:00,kpszsu,67206,область,Дніпропетровська,,БпЛА,48.4647,35.0462,"🛵 🛸 БпЛА на південному заході м,Запоріжжя, курс - змінний; 🛵 Дніпропетровщина: БпЛА в Нікопольському районі, курс - північно-західний.",https://t.me/kpszsu/67206
2026-07-03T08:58:57+00:00,kpszsu,67207,область,Дніпропетровська,,БпЛА,48.4647,35.0462,🛵 Дніпропетровщина: БпЛА на/повз Томаківку з південного заходу.,https://t.me/kpszsu/67207
2026-07-03T08:59:31+00:00,kpszsu,67208,область,Дніпропетровська,схід,КАБ,48.4647,35.0462,КАБи ➡️ на схід Дніпропетровщини!,https://t.me/kpszsu/67208
2026-07-03T09:02:38+00:00,kpszsu,67209,область,Харківська,,БпЛА,49.9935,36.2304,🛵 🛸 Харківщина: БпЛА ➡️ повз Вільшани південно-східним курсом.,https://t.me/kpszsu/67209
2026-07-03T09:03:45+00:00,kpszsu,67210,область,Сумська,,БпЛА,50.9077,34.7981,"🛵 🛸 БпЛА ➡️ курсом на Суми, Харків з півночі.",https://t.me/kpszsu/67210
2026-07-03T09:03:45+00:00,kpszsu,67210,область,Харківська,північ,БпЛА,49.9935,36.2304,"🛵 🛸 БпЛА ➡️ курсом на Суми, Харків з півночі.",https://t.me/kpszsu/67210
2026-07-03T09:10:16+00:00,kpszsu,67211,область,Запорізька,південь,БпЛА,47.8388,35.1396,🛵 🛸 БпЛА на Запоріжжя з півдня.,https://t.me/kpszsu/67211
2026-07-03T09:11:58+00:00,kpszsu,67212,область,Дніпропетровська,,БпЛА,48.4647,35.0462,"🛵 Дніпропетровщина: БпЛА на/повз Солоне з південного заходу, курс - північно-східний (вектор - м.Дніпро/Кам'янське).",https://t.me/kpszsu/67212
2026-07-03T09:11:58+00:00,kpszsu,67212,область,Дніпропетровська,північно-схід,БпЛА,48.4647,35.0462,"🛵 Дніпропетровщина: БпЛА на/повз Солоне з південного заходу, курс - північно-східний (вектор - м.Дніпро/Кам'янське).",https://t.me/kpszsu/67212
2026-07-03T09:33:34+00:00,kpszsu,67213,область,Запорізька,південь,БпЛА,47.8388,35.1396,🛵 Реактивний БпЛА ➡️ на м. Запоріжжя з півдня.,https://t.me/kpszsu/67213
2026-07-03T09:36:57+00:00,kpszsu,67214,область,Миколаївська,південь,БпЛА,46.975,31.9946,"🛵 Миколаївщина: БпЛА на півдні області, курс - північний.",https://t.me/kpszsu/67214
2026-07-03T09:45:07+00:00,kpszsu,67215,область,Запорізька,північ,,47.8388,35.1396,"Ціль на півночі Запорізької області, курс - Дніпропетровщина.",https://t.me/kpszsu/67215
2026-07-03T09:45:07+00:00,kpszsu,67215,область,Дніпропетровська,,,48.4647,35.0462,"Ціль на півночі Запорізької області, курс - Дніпропетровщина.",https://t.me/kpszsu/67215
2026-07-03T09:45:57+00:00,kpszsu,67216,область,Запорізька,північ,,47.8388,35.1396,"Ціль на півночі Запорізької області, курс - Дніпропетровщина.",https://t.me/kpszsu/67216
2026-07-03T09:45:57+00:00,kpszsu,67216,область,Дніпропетровська,,,48.4647,35.0462,"Ціль на півночі Запорізької області, курс - Дніпропетровщина.",https://t.me/kpszsu/67216
2026-07-03T09:47:20+00:00,kpszsu,67217,область,Дніпропетровська,,БпЛА,48.4647,35.0462,🛵 Реактивний БпЛА повз Солоне в напрямку м.Дніпро.,https://t.me/kpszsu/67217
2026-07-03T10:01:44+00:00,kpszsu,67218,область,Харківська,південь,БпЛА,49.9935,36.2304,🛵 Харківщина: БпЛА повз Богодухів південним курсом.,https://t.me/kpszsu/67218
2026-07-03T10:17:13+00:00,kpszsu,67219,область,Миколаївська,південь,БпЛА,46.975,31.9946,"🛵 Миколаївщина: БпЛА на півдні області, курс - північний.",https://t.me/kpszsu/67219
2026-07-03T10:25:08+00:00,kpszsu,67220,область,Запорізька,південно-схід,БпЛА,47.8388,35.1396,🛵 🛸 БпЛА на м. Запоріжжя з південного сходу.,https://t.me/kpszsu/67220
2026-07-03T11:40:50+00:00,kpszsu,67221,область,Дніпропетровська,,БпЛА,48.4647,35.0462,"🛵 БпЛА на Дніпропетровщині, курс на Кам'янське.",https://t.me/kpszsu/67221
2026-07-03T11:55:12+00:00,kpszsu,67222,область,Дніпропетровська,схід,БпЛА,48.4647,35.0462,"🛵 БпЛА на сході Дніпропетровщини, курс на м.Павлоград.",https://t.me/kpszsu/67222
2026-07-03T11:55:12+00:00,kpszsu,67222,область,Дніпропетровська,,БпЛА,48.4647,35.0462,"🛵 БпЛА на сході Дніпропетровщини, курс на м.Павлоград.",https://t.me/kpszsu/67222
2026-07-03T11:58:21+00:00,kpszsu,67223,область,Запорізька,південь,БпЛА,47.8388,35.1396,🛵 БпЛА на м.Запоріжжя з півдня,https://t.me/kpszsu/67223
2026-07-03T12:14:44+00:00,kpszsu,67224,область,Харківська,,БпЛА,49.9935,36.2304,"🛵 Реактивний БпЛА на Харківщині, повз н.п.Лозова курс північно-західний.",https://t.me/kpszsu/67224
2026-07-03T12:38:49+00:00,kpszsu,67225,область,Сумська,,КАБ,50.9077,34.7981,КАБи на Сумщині.,https://t.me/kpszsu/67225
2026-07-03T12:40:24+00:00,kpszsu,67226,область,Харківська,,КАБ,49.9935,36.2304,КАБи на Харківщині.,https://t.me/kpszsu/67226
2026-07-03T12:42:46+00:00,kpszsu,67227,область,Чернігівська,,БпЛА,51.4982,31.2893,"🛵 БпЛА на Чернігівщині, курс південно-східний (н.п.Корюківка)",https://t.me/kpszsu/67227
2026-07-03T13:12:25+00:00,kpszsu,67229,область,Херсонська,,КАБ,46.6354,32.6169,КАБи ➡️ на Херсонщину (вектор - Херсон)!,https://t.me/kpszsu/67229
2026-07-03T13:16:36+00:00,kpszsu,67230,область,Сумська,південь,КАБ,50.9077,34.7981,КАБи ➡️ на південь Сумщини!,https://t.me/kpszsu/67230
2026-07-03T13:23:28+00:00,kpszsu,67231,область,Харківська,схід,КАБ,49.9935,36.2304,КАБи на Харківщину зі сходу!,https://t.me/kpszsu/67231
2026-07-03T13:27:49+00:00,kpszsu,67232,область,Миколаївська,південь,БпЛА,46.975,31.9946,"🛵 🛸 БпЛА на півночі від Чернігова, курс - змінний; 🛵 БпЛА на півдні Миколаївщини в напрямку Очакова.",https://t.me/kpszsu/67232
2026-07-03T13:33:56+00:00,kpszsu,67233,область,Запорізька,,КАБ,47.8388,35.1396,КАБи ➡️ на Запорізьку область (вектор - н.п.Кушугум)!,https://t.me/kpszsu/67233
2026-07-03T13:35:44+00:00,kpszsu,67234,область,Харківська,північно-схід,КАБ,49.9935,36.2304,КАБи ➡️ на північний схід Харківщини!,https://t.me/kpszsu/67234
2026-07-03T13:36:57+00:00,kpszsu,67235,область,Запорізька,,КАБ,47.8388,35.1396,КАБи ➡️ на Запорізьку область (вектор - н.п.Кушугум)!,https://t.me/kpszsu/67235
2026-07-03T13:42:20+00:00,kpszsu,67236,область,Сумська,,БпЛА,50.9077,34.7981,🛵 Сумщина: реактивний БпЛА ➡️ на/повз Улянівку південно-західним курсом.,https://t.me/kpszsu/67236
2026-07-03T13:50:41+00:00,kpszsu,67237,область,Донецька,,КАБ,48.0159,37.8029,КАБи ➡️ на Донеччину!,https://t.me/kpszsu/67237
2026-07-03T13:57:56+00:00,kpszsu,67238,область,Полтавська,,БпЛА,49.5883,34.5514,🛵 Реактивні БпЛА на Полтавщині на/повз Чорнухи в напрямку Пирятина.,https://t.me/kpszsu/67238
2026-07-03T13:58:40+00:00,kpszsu,67239,область,Дніпропетровська,схід,КАБ,48.4647,35.0462,КАБи ➡️ на схід Дніпропетровщини!,https://t.me/kpszsu/67239
2026-07-03T14:10:39+00:00,kpszsu,67240,область,Запорізька,,КАБ,47.8388,35.1396,КАБи ➡️ на Запорізьку область!,https://t.me/kpszsu/67240
2026-07-03T14:12:11+00:00,kpszsu,67241,область,Сумська,,БпЛА,50.9077,34.7981,🛵 Сумщина: БпЛА в районі Глухова та Липової Долини.,https://t.me/kpszsu/67241
2026-07-03T14:15:32+00:00,kpszsu,67242,область,Херсонська,північ,БпЛА,46.6354,32.6169,🛵 Херсонщина: реактивний БпЛА на півночі області ➡️ в напрямку Архангельського/Високопілля.,https://t.me/kpszsu/67242
2026-07-03T14:32:44+00:00,kpszsu,67244,область,Запорізька,,БпЛА,47.8388,35.1396,🛵 БпЛА ➡️ курсом на м.Запоріжжя.,https://t.me/kpszsu/67244
2026-07-03T14:50:41+00:00,kpszsu,67245,область,Дніпропетровська,захід,БпЛА,48.4647,35.0462,🛵 Реактивний БпЛА ➡️ курсом на Кривий Ріг із заходу.,https://t.me/kpszsu/67245
2026-07-03T14:55:24+00:00,kpszsu,67246,область,Харківська,,БпЛА,49.9935,36.2304,🛵 🛸 Харківщина: БпЛА ➡️ на/повз Вільшани південно-східним курсом.,https://t.me/kpszsu/67246
2026-07-03T15:03:37+00:00,kpszsu,67247,область,Запорізька,,БпЛА,47.8388,35.1396,🛵 БпЛА ➡️ курсом на м.Запоріжжя.,https://t.me/kpszsu/67247
2026-07-03T15:11:02+00:00,kpszsu,67248,область,Сумська,північ,БпЛА,50.9077,34.7981,🛵 БпЛА ➡️ в напрямку Сум з півночі.,https://t.me/kpszsu/67248
2026-07-03T15:15:42+00:00,kpszsu,67249,область,Харківська,схід,КАБ,49.9935,36.2304,КАБи ➡️ на Харківщину зі сходу.,https://t.me/kpszsu/67249
2026-07-03T15:21:56+00:00,kpszsu,67250,область,Запорізька,,БпЛА,47.8388,35.1396,🛵 БпЛА ➡️ курсом на м.Запоріжжя.,https://t.me/kpszsu/67250
2026-07-03T15:23:05+00:00,kpszsu,67251,область,Сумська,північно-захід,БпЛА,50.9077,34.7981,🛵 БпЛА на Сумщині повз Ромни на півночі західним курсом.,https://t.me/kpszsu/67251
2026-07-03T15:46:46+00:00,kpszsu,67252,область,Полтавська,північ,БпЛА,49.5883,34.5514,"🛵 БпЛА на півночі Полтавщини, курс південний (повз н.п.Лохвиця)",https://t.me/kpszsu/67252
2026-07-03T15:50:13+00:00,kpszsu,67253,область,Сумська,північ,БпЛА,50.9077,34.7981,🛵 БпЛА на м.Суми з півночі.,https://t.me/kpszsu/67253
2026-07-03T16:29:31+00:00,kpszsu,67254,область,Херсонська,північ,БпЛА,46.6354,32.6169,"🛵 🛸 БпЛА на півночі від Харкова, курс - змінний; 🛵 Реактивний БпЛА ➡️ на північ Херсонщини з ТОТ.",https://t.me/kpszsu/67254
2026-07-03T16:30:40+00:00,kpszsu,67255,область,Сумська,,БпЛА,50.9077,34.7981,🛵 Сумщина: БпЛА в напрямку Шостки та Недригайлова.,https://t.me/kpszsu/67255
2026-07-03T16:39:25+00:00,kpszsu,67256,область,Запорізька,південь,БпЛА,47.8388,35.1396,🛵 БпЛА ➡️ курсом на м.Запоріжжя з півдня.,https://t.me/kpszsu/67256
2026-07-03T16:45:04+00:00,kpszsu,67257,область,Дніпропетровська,північ,БпЛА,48.4647,35.0462,🛵 Реактивний БпЛА ➡️ на/повз Кривий Ріг в північному напрямку.,https://t.me/kpszsu/67257
2026-07-03T16:50:21+00:00,kpszsu,67258,область,Сумська,,БпЛА,50.9077,34.7981,"🛵 Сумщина: БпЛА в напрямку Сум, н.п. Миколаївки, Липової Долини; 🛵 Чернігівщина: БпЛА на південному заході від Чернігова, курс - змінний, та в напрямку Ічні зі сходу; 🛵 БпЛА в напрямку Харкова з північного сходу.",https://t.me/kpszsu/67258
2026-07-03T16:50:21+00:00,kpszsu,67258,область,Миколаївська,,БпЛА,46.975,31.9946,"🛵 Сумщина: БпЛА в напрямку Сум, н.п. Миколаївки, Липової Долини; 🛵 Чернігівщина: БпЛА на південному заході від Чернігова, курс - змінний, та в напрямку Ічні зі сходу; 🛵 БпЛА в напрямку Харкова з північного сходу.",https://t.me/kpszsu/67258
2026-07-03T16:50:21+00:00,kpszsu,67258,область,Чернігівська,південно-захід,БпЛА,51.4982,31.2893,"🛵 Сумщина: БпЛА в напрямку Сум, н.п. Миколаївки, Липової Долини; 🛵 Чернігівщина: БпЛА на південному заході від Чернігова, курс - змінний, та в напрямку Ічні зі сходу; 🛵 БпЛА в напрямку Харкова з північного сходу.",https://t.me/kpszsu/67258
2026-07-03T17:03:52+00:00,kpszsu,67259,область,Харківська,схід,БпЛА,49.9935,36.2304,🛵 БпЛА ➡️ курсом на Харків зі сходу та півночі.,https://t.me/kpszsu/67259
2026-07-03T17:09:30+00:00,kpszsu,67260,область,Полтавська,,БпЛА,49.5883,34.5514,🛵 Полтавщина: БпЛА ➡️ на/повз Заводське з півночі; 🛵 Кіровоградщина: БпЛА повз Долинську в північному/північно-східному напрямку. 🛵 БпЛА в районі Сум!,https://t.me/kpszsu/67260
2026-07-03T17:09:30+00:00,kpszsu,67260,область,Кіровоградська,північ,БпЛА,48.5079,32.2623,🛵 Полтавщина: БпЛА ➡️ на/повз Заводське з півночі; 🛵 Кіровоградщина: БпЛА повз Долинську в північному/північно-східному напрямку. 🛵 БпЛА в районі Сум!,https://t.me/kpszsu/67260
2026-07-03T17:09:30+00:00,kpszsu,67260,область,Сумська,,БпЛА,50.9077,34.7981,🛵 Полтавщина: БпЛА ➡️ на/повз Заводське з півночі; 🛵 Кіровоградщина: БпЛА повз Долинську в північному/північно-східному напрямку. 🛵 БпЛА в районі Сум!,https://t.me/kpszsu/67260
2026-07-03T17:26:02+00:00,kpszsu,67261,область,Полтавська,,БпЛА,49.5883,34.5514,"🛵 Полтавщина: БпЛА ➡️ на/повз Лохвицю, Комишню. 🛵 🛸 БпЛА ➡️ в напрямку м.Запоріжжя з північного заходу; 🛵 БпЛА ➡️ курсом на Суми з півночі.",https://t.me/kpszsu/67261
2026-07-03T17:26:02+00:00,kpszsu,67261,область,Запорізька,північно-захід,БпЛА,47.8388,35.1396,"🛵 Полтавщина: БпЛА ➡️ на/повз Лохвицю, Комишню. 🛵 🛸 БпЛА ➡️ в напрямку м.Запоріжжя з північного заходу; 🛵 БпЛА ➡️ курсом на Суми з півночі.",https://t.me/kpszsu/67261
2026-07-03T17:26:02+00:00,kpszsu,67261,область,Сумська,захід,БпЛА,50.9077,34.7981,"🛵 Полтавщина: БпЛА ➡️ на/повз Лохвицю, Комишню. 🛵 🛸 БпЛА ➡️ в напрямку м.Запоріжжя з північного заходу; 🛵 БпЛА ➡️ курсом на Суми з півночі.",https://t.me/kpszsu/67261
2026-07-03T17:48:06+00:00,kpszsu,67262,область,Сумська,,БпЛА,50.9077,34.7981,"🛵 БпЛА по межі Сумщини і Чернігівщини ➡️ курсом на Полтавщину; 🛵 Полтавщина: БпЛА ➡️ на півдні від Пирятина, курс - західний; 🛵 Реактивний БпЛА на північному заході Дніпропетровщини, курс - північний.",https://t.me/kpszsu/67262
2026-07-03T17:48:06+00:00,kpszsu,67262,область,Чернігівська,,БпЛА,51.4982,31.2893,"🛵 БпЛА по межі Сумщини і Чернігівщини ➡️ курсом на Полтавщину; 🛵 Полтавщина: БпЛА ➡️ на півдні від Пирятина, курс - західний; 🛵 Реактивний БпЛА на північному заході Дніпропетровщини, курс - північний.",https://t.me/kpszsu/67262
2026-07-03T17:48:06+00:00,kpszsu,67262,область,Полтавська,,БпЛА,49.5883,34.5514,"🛵 БпЛА по межі Сумщини і Чернігівщини ➡️ курсом на Полтавщину; 🛵 Полтавщина: БпЛА ➡️ на півдні від Пирятина, курс - західний; 🛵 Реактивний БпЛА на північному заході Дніпропетровщини, курс - північний.",https://t.me/kpszsu/67262
2026-07-03T17:48:06+00:00,kpszsu,67262,область,Полтавська,південь,БпЛА,49.5883,34.5514,"🛵 БпЛА по межі Сумщини і Чернігівщини ➡️ курсом на Полтавщину; 🛵 Полтавщина: БпЛА ➡️ на півдні від Пирятина, курс - західний; 🛵 Реактивний БпЛА на північному заході Дніпропетровщини, курс - північний.",https://t.me/kpszsu/67262
2026-07-03T17:48:06+00:00,kpszsu,67262,область,Дніпропетровська,північно-захід,БпЛА,48.4647,35.0462,"🛵 БпЛА по межі Сумщини і Чернігівщини ➡️ курсом на Полтавщину; 🛵 Полтавщина: БпЛА ➡️ на півдні від Пирятина, курс - західний; 🛵 Реактивний БпЛА на північному заході Дніпропетровщини, курс - північний.",https://t.me/kpszsu/67262
2026-07-03T17:56:28+00:00,kpszsu,67264,область,Миколаївська,,,46.975,31.9946,🚀 Швидкісна ціль на Миколаївщині повз Баштанку в напрямку Кіровоградщини.,https://t.me/kpszsu/67264
2026-07-03T17:56:28+00:00,kpszsu,67264,область,Кіровоградська,,,48.5079,32.2623,🚀 Швидкісна ціль на Миколаївщині повз Баштанку в напрямку Кіровоградщини.,https://t.me/kpszsu/67264
2026-07-03T18:00:59+00:00,kpszsu,67265,область,Запорізька,південно-захід,БпЛА,47.8388,35.1396,🛵 БпЛА в напрямку м.Запоріжжя з південного заходу.,https://t.me/kpszsu/67265
2026-07-03T18:10:29+00:00,kpszsu,67266,область,Полтавська,північ,БпЛА,49.5883,34.5514,🛵 БпЛА на півночі Полтавщини в напрямку Пирятина.,https://t.me/kpszsu/67266
2026-07-03T18:28:09+00:00,kpszsu,67267,область,Донецька,,КАБ,48.0159,37.8029,КАБи на Донеччину.,https://t.me/kpszsu/67267
2026-07-03T18:33:59+00:00,kpszsu,67269,область,Сумська,,КАБ,50.9077,34.7981,КАБи на Сумщині.,https://t.me/kpszsu/67269
2026-07-03T18:58:19+00:00,kpszsu,67270,область,Запорізька,,КАБ,47.8388,35.1396,КАБи на Запоріжжі.,https://t.me/kpszsu/67270
2026-07-03T19:10:10+00:00,kpszsu,67271,область,Сумська,північ,БпЛА,50.9077,34.7981,🛵 БпЛА в напрямку м.Суми з півночі.,https://t.me/kpszsu/67271
2026-07-03T19:36:13+00:00,kpszsu,67272,область,Харківська,,КАБ,49.9935,36.2304,КАБи на Харківщині.,https://t.me/kpszsu/67272
2026-07-03T19:42:56+00:00,kpszsu,67273,область,Чернігівська,північ,БпЛА,51.4982,31.2893,"🛵 БпЛА на півночі Чернігівщини, біля н.п.Сновськ, курс південний.",https://t.me/kpszsu/67273
2026-07-03T19:55:46+00:00,kpszsu,67274,область,Дніпропетровська,,КАБ,48.4647,35.0462,КАБи на Дніпропетровщині.,https://t.me/kpszsu/67274
2026-07-03T20:55:53+00:00,kpszsu,67275,область,Харківська,північ,БпЛА,49.9935,36.2304,🛵 БпЛА в напрямку м.Харків з півночі.,https://t.me/kpszsu/67275
2026-07-03T21:05:09+00:00,kpszsu,67276,область,Сумська,,БпЛА,50.9077,34.7981,🛵 Сумщина: БпЛА в напрямку м.Суми з півночі,https://t.me/kpszsu/67276
2026-07-03T21:05:09+00:00,kpszsu,67276,область,Сумська,північ,БпЛА,50.9077,34.7981,🛵 Сумщина: БпЛА в напрямку м.Суми з півночі,https://t.me/kpszsu/67276
2026-07-03T22:30:02+00:00,kpszsu,67277,область,Чернігівська,північ,БпЛА,51.4982,31.2893,🛵 БпЛА в напрямку м.Чернігів з півночі.,https://t.me/kpszsu/67277
2026-07-03T22:57:16+00:00,kpszsu,67278,область,Дніпропетровська,схід,БпЛА,48.4647,35.0462,"🛵 БпЛА на сході Дніпропетровщини, курс північно-західний.",https://t.me/kpszsu/67278
2026-07-03T23:14:51+00:00,kpszsu,67279,область,Харківська,,БпЛА,49.9935,36.2304,"🛵 Реактивний БпЛА на Харківщині, повз н.п.Кегичівка, курс північний.",https://t.me/kpszsu/67279
2026-07-03T23:52:24+00:00,kpszsu,67280,область,Харківська,,КАБ,49.9935,36.2304,КАБи на Харківщині.,https://t.me/kpszsu/67280
2026-07-04T00:04:06+00:00,kpszsu,67282,область,Запорізька,,БпЛА,47.8388,35.1396,🛵 Запорізька область: БпЛА в напрямку Запоріжжя та Вільнянська.,https://t.me/kpszsu/67282
2026-07-04T00:07:27+00:00,kpszsu,67283,область,Сумська,північ,БпЛА,50.9077,34.7981,🛵 🛸 БпЛА в напрямку Сум з півночі.,https://t.me/kpszsu/67283
2026-07-04T00:23:50+00:00,kpszsu,67284,область,Чернігівська,,БпЛА,51.4982,31.2893,🛵 🛸 БпЛА на Чернігівщині маневрує в районі н.п.Ріпки.,https://t.me/kpszsu/67284
2026-07-04T00:25:24+00:00,kpszsu,67285,область,Одеська,південь,,46.4825,30.7233,🚀 🚀 Ціль в акваторії Чорного моря ➡️ курсом на Одещину (Південне).,https://t.me/kpszsu/67285
2026-07-04T00:29:39+00:00,kpszsu,67286,область,Одеська,південь,,46.4825,30.7233,🚀 🚀 Ціль в акваторії Чорного моря ➡️ курсом на Одещину (Південне).,https://t.me/kpszsu/67286
2026-07-04T00:31:40+00:00,kpszsu,67287,область,Донецька,,КАБ,48.0159,37.8029,КАБи ➡️ на Донеччину!,https://t.me/kpszsu/67287
2026-07-04T00:37:05+00:00,kpszsu,67288,область,Харківська,,БпЛА,49.9935,36.2304,"🛵 Харківщина: - БпЛА ➡️ на/повз Пересічне, курс - південний/південно-східний, - БпЛА ➡️ на/повз Шевченкове зі сходу. 🛵 Дніпропетровщина: БпЛА ➡️ в напрямку Петропавлівки/Шахтарського зі сходу.",https://t.me/kpszsu/67288
2026-07-04T00:37:05+00:00,kpszsu,67288,область,Дніпропетровська,схід,БпЛА,48.4647,35.0462,"🛵 Харківщина: - БпЛА ➡️ на/повз Пересічне, курс - південний/південно-східний, - БпЛА ➡️ на/повз Шевченкове зі сходу. 🛵 Дніпропетровщина: БпЛА ➡️ в напрямку Петропавлівки/Шахтарського зі сходу.",https://t.me/kpszsu/67288
2026-07-04T00:45:30+00:00,kpszsu,67289,область,Чернігівська,захід,БпЛА,51.4982,31.2893,"🛵 🛸 Чернігівщина: БпЛА на заході від Новгород-Сіверського, курс - змінний.",https://t.me/kpszsu/67289
2026-07-04T01:00:11+00:00,kpszsu,67290,область,Харківська,,БпЛА,49.9935,36.2304,🛵 Харківщина: БпЛА ➡️ в напрямку Лозової/Близнюків з південного сходу.,https://t.me/kpszsu/67290
2026-07-04T01:01:11+00:00,kpszsu,67291,область,Харківська,схід,КАБ,49.9935,36.2304,КАБи ➡️ на Харківщину зі сходу.,https://t.me/kpszsu/67291
2026-07-04T01:26:19+00:00,kpszsu,67292,область,Запорізька,,КАБ,47.8388,35.1396,КАБи ➡️ на Запорізьку та Донецьку області!,https://t.me/kpszsu/67292
2026-07-04T01:26:19+00:00,kpszsu,67292,область,Донецька,,КАБ,48.0159,37.8029,КАБи ➡️ на Запорізьку та Донецьку області!,https://t.me/kpszsu/67292
2026-07-04T01:39:21+00:00,kpszsu,67293,область,Сумська,північ,БпЛА,50.9077,34.7981,🛵 🛸 БпЛА в напрямку Сум з півночі.,https://t.me/kpszsu/67293
2026-07-04T02:07:05+00:00,kpszsu,67294,область,Дніпропетровська,схід,КАБ,48.4647,35.0462,КАБи ➡️ на схід Дніпропетровщини!,https://t.me/kpszsu/67294
2026-07-04T02:27:37+00:00,kpszsu,67295,область,Запорізька,,БпЛА|КАБ,47.8388,35.1396,КАБи ➡️ на область.,https://t.me/kpszsu/67295
2026-07-04T02:35:58+00:00,kpszsu,67296,область,Харківська,,БпЛА,49.9935,36.2304,🛵 Харківщина: БпЛА в напрямку Вільшан з півночі.,https://t.me/kpszsu/67296
2026-07-04T02:37:31+00:00,kpszsu,67297,область,Харківська,,БпЛА,49.9935,36.2304,🛵 Реактивний БпЛА з Дніпропетровщини ➡️ в напрямку Близнюків/Лозової (Харківщина).,https://t.me/kpszsu/67297
2026-07-04T03:03:33+00:00,kpszsu,67298,область,Сумська,,БпЛА,50.9077,34.7981,"- Сумщина: 🛵 БпЛА ➡️ на/повз Суми зі сходу, 🛵 реактивний БпЛА ➡️ в напрямку Кириківки/Охтирки зі сходу; - Харківщина: 🛵 реактивний БпЛА ➡️ на/повз Берестин в північно-східному напрямку, 🛵 БпЛА  на заході від Старого Салтова ➡️ в напрямку Харкова; - Дніпропетровщина: 🛵 БпЛА ➡️ в напрямку на/повз Солоне з південного заходу.",https://t.me/kpszsu/67298
2026-07-04T03:03:33+00:00,kpszsu,67298,область,Сумська,схід,БпЛА,50.9077,34.7981,"- Сумщина: 🛵 БпЛА ➡️ на/повз Суми зі сходу, 🛵 реактивний БпЛА ➡️ в напрямку Кириківки/Охтирки зі сходу; - Харківщина: 🛵 реактивний БпЛА ➡️ на/повз Берестин в північно-східному напрямку, 🛵 БпЛА  на заході від Старого Салтова ➡️ в напрямку Харкова; - Дніпропетровщина: 🛵 БпЛА ➡️ в напрямку на/повз Солоне з південного заходу.",https://t.me/kpszsu/67298
2026-07-04T03:03:33+00:00,kpszsu,67298,область,Харківська,схід,БпЛА,49.9935,36.2304,"- Сумщина: 🛵 БпЛА ➡️ на/повз Суми зі сходу, 🛵 реактивний БпЛА ➡️ в напрямку Кириківки/Охтирки зі сходу; - Харківщина: 🛵 реактивний БпЛА ➡️ на/повз Берестин в північно-східному напрямку, 🛵 БпЛА  на заході від Старого Салтова ➡️ в напрямку Харкова; - Дніпропетровщина: 🛵 БпЛА ➡️ в напрямку на/повз Солоне з південного заходу.",https://t.me/kpszsu/67298
2026-07-04T03:03:33+00:00,kpszsu,67298,область,Дніпропетровська,,БпЛА,48.4647,35.0462,"- Сумщина: 🛵 БпЛА ➡️ на/повз Суми зі сходу, 🛵 реактивний БпЛА ➡️ в напрямку Кириківки/Охтирки зі сходу; - Харківщина: 🛵 реактивний БпЛА ➡️ на/повз Берестин в північно-східному напрямку, 🛵 БпЛА  на заході від Старого Салтова ➡️ в напрямку Харкова; - Дніпропетровщина: 🛵 БпЛА ➡️ в напрямку на/повз Солоне з південного заходу.",https://t.me/kpszsu/67298
2026-07-04T03:04:19+00:00,kpszsu,67299,область,Запорізька,,КАБ,47.8388,35.1396,КАБи ➡️ на Запорізьку область!,https://t.me/kpszsu/67299
2026-07-04T03:27:49+00:00,kpszsu,67300,область,Сумська,північно-схід,БпЛА,50.9077,34.7981,🛵 БпЛА ➡️ курсом на Суми з північного сходу.,https://t.me/kpszsu/67300
2026-07-04T03:37:59+00:00,kpszsu,67301,область,Харківська,північ,БпЛА,49.9935,36.2304,🛵 БпЛА ➡️ курсом на Харків з півночі.,https://t.me/kpszsu/67301
2026-07-04T03:39:38+00:00,kpszsu,67302,область,Харківська,,БпЛА,49.9935,36.2304,🛵 БпЛА ➡️ в напрямку Лозової (Харківщина).,https://t.me/kpszsu/67302
2026-07-04T04:38:56+00:00,kpszsu,67303,область,Сумська,південь,БпЛА,50.9077,34.7981,"🛵 БпЛА на півдні Сумщини, курс - західний.",https://t.me/kpszsu/67303
2026-07-04T05:36:07+00:00,kpszsu,67304,область,Донецька,,БпЛА|збиття|ракета,48.0159,37.8029,"⚡️ ЗБИТО/ПОДАВЛЕНО 69 ЦІЛЕЙ ПРОТИВНИКА ➖ ➖ ➖ ➖ ➖ ➖ ➖ ➖ ➖ ➖ У ніч на 04 липня (з 18:00 03 липня) противник атакував однією балістичною ракетою Іскандер-М із ТОТ АР Крим, однією керованою авіаційною ракетою Х-59/69 з акваторії Чорного моря та 86 ударними БпЛА типу Shahed (в т.ч. реактивними), Гербера, Італмас та дронами-імітаторами типу “Пародія” із напрямків: Брянськ, Курськ, Приморсько-Ахтарськ, Міллєрово, Орел – рф,, Донецьк -ТОТ. Повітряний напад відбивали авіація, зенітні ракетні війська, підрозділи РЕБ та безпілотних систем, мобільні вогневі групи Сил оборони України. 💥 За попередніми даними, станом на 08:30, протиповітряною обороною збито/подавлено 69 ворожих БпЛА типу Shahed, Гербера, Італмас та дронів інших типів на півночі, півдні та сході країни. Зафіксовано влучання двох ракет та 17 ударних БпЛА на 16 локаціях, а також падіння збитих (уламки) на 5. Атака триває, в повітряному просторі декілька ворожих БпЛА. Дотримуйтесь правил безпеки! ✊ Тримаймо небо! 🇺🇦 Разом – до перемоги",https://t.me/kpszsu/67304
2026-07-04T05:45:04+00:00,kpszsu,67305,область,Сумська,,БпЛА,50.9077,34.7981,🛵 Сумщина: БпЛА в напрямку Боромлі; 🛵 Харківщина: БпЛА в районі н.п.Близнюки; 🛵 БпЛА в акваторії Чорного моря в напрямку Одещини.,https://t.me/kpszsu/67305
2026-07-04T05:45:04+00:00,kpszsu,67305,область,Харківська,,БпЛА,49.9935,36.2304,🛵 Сумщина: БпЛА в напрямку Боромлі; 🛵 Харківщина: БпЛА в районі н.п.Близнюки; 🛵 БпЛА в акваторії Чорного моря в напрямку Одещини.,https://t.me/kpszsu/67305
2026-07-04T05:45:04+00:00,kpszsu,67305,область,Одеська,,БпЛА,46.4825,30.7233,🛵 Сумщина: БпЛА в напрямку Боромлі; 🛵 Харківщина: БпЛА в районі н.п.Близнюки; 🛵 БпЛА в акваторії Чорного моря в напрямку Одещини.,https://t.me/kpszsu/67305
2026-07-04T05:46:35+00:00,kpszsu,67306,область,Запорізька,,БпЛА,47.8388,35.1396,🛵 БпЛА з ТОТ Запорізької області ➡️ курсом на Дніпропетровщину (Нікопольський р-н).,https://t.me/kpszsu/67306
2026-07-04T05:46:35+00:00,kpszsu,67306,область,Дніпропетровська,,БпЛА,48.4647,35.0462,🛵 БпЛА з ТОТ Запорізької області ➡️ курсом на Дніпропетровщину (Нікопольський р-н).,https://t.me/kpszsu/67306
2026-07-04T06:07:33+00:00,kpszsu,67307,область,Сумська,північ,КАБ,50.9077,34.7981,КАБи на північ Сумщини.,https://t.me/kpszsu/67307
2026-07-04T06:13:26+00:00,kpszsu,67308,область,Одеська,,БпЛА,46.4825,30.7233,🛵 БпЛА з Чорного моря ➡️ на Одещину (Вилкове).,https://t.me/kpszsu/67308
2026-07-04T06:26:10+00:00,kpszsu,67309,область,Сумська,,КАБ,50.9077,34.7981,КАБи на Сумщину.,https://t.me/kpszsu/67309
2026-07-04T06:33:16+00:00,kpszsu,67310,область,Донецька,,КАБ,48.0159,37.8029,Пуски КАБ на Донеччину!,https://t.me/kpszsu/67310
2026-07-04T06:35:24+00:00,kpszsu,67311,область,Харківська,північ,КАБ,49.9935,36.2304,Пуски КАБ на північ Харківщини.,https://t.me/kpszsu/67311
2026-07-04T07:11:21+00:00,kpszsu,67312,область,Сумська,схід,БпЛА,50.9077,34.7981,🛵 Ударний БпЛА у напрямку Сум зі сходу.,https://t.me/kpszsu/67312
2026-07-04T07:44:34+00:00,kpszsu,67314,область,Дніпропетровська,,,48.4647,35.0462,🚀 Швидкісна ціль на Дніпро,https://t.me/kpszsu/67314
2026-07-04T07:51:40+00:00,kpszsu,67315,область,Харківська,південь,ракета,49.9935,36.2304,🚀 Ракета на півдні Харківщини курсом на Полтавщину.,https://t.me/kpszsu/67315
2026-07-04T07:51:40+00:00,kpszsu,67315,область,Полтавська,,ракета,49.5883,34.5514,🚀 Ракета на півдні Харківщини курсом на Полтавщину.,https://t.me/kpszsu/67315
2026-07-04T08:10:05+00:00,kpszsu,67316,область,Донецька,,КАБ,48.0159,37.8029,Пуски КАБ на Донеччині та півдні Харківщини.,https://t.me/kpszsu/67316
2026-07-04T08:10:05+00:00,kpszsu,67316,область,Харківська,південь,КАБ,49.9935,36.2304,Пуски КАБ на Донеччині та півдні Харківщини.,https://t.me/kpszsu/67316
2026-07-04T08:12:38+00:00,kpszsu,67317,область,Миколаївська,,БпЛА,46.975,31.9946,🛵 Ударний БпЛА у напрямку Миколаївщини з Чорного моря.,https://t.me/kpszsu/67317
2026-07-04T08:31:31+00:00,kpszsu,67318,область,Полтавська,північ,БпЛА,49.5883,34.5514,🛵 Ударний БпЛА на півночі Полтавщини курс  південно-західний.,https://t.me/kpszsu/67318
2026-07-04T08:52:14+00:00,kpszsu,67321,область,Запорізька,південно-схід,БпЛА,47.8388,35.1396,🛵 Ударний БпЛА у напрямку м. Запоріжжя з південного сходу.,https://t.me/kpszsu/67321
2026-07-04T13:11:52+00:00,kpszsu,67322,область,Запорізька,,КАБ,47.8388,35.1396,Пуски КАБ на м. Запоріжжя.,https://t.me/kpszsu/67322
2026-07-04T13:58:20+00:00,kpszsu,67323,область,Полтавська,південь,БпЛА,49.5883,34.5514,🛵 Ударний БпЛА у напрямку Кременчука з півдня.,https://t.me/kpszsu/67323
2026-07-04T14:00:09+00:00,kpszsu,67325,область,Запорізька,,КАБ,47.8388,35.1396,Пуски КАБ на Запоріжжі.,https://t.me/kpszsu/67325
2026-07-04T15:40:28+00:00,kpszsu,67327,область,Одеська,,,46.4825,30.7233,🚀 Швидкісна ціль у напрямку Одеси з Чорного моря,https://t.me/kpszsu/67327
2026-07-04T15:41:12+00:00,kpszsu,67328,область,Одеська,,,46.4825,30.7233,🚀 Швидкісна ціль у напрямку Одеси з Чорного моря,https://t.me/kpszsu/67328
2026-07-04T15:43:53+00:00,kpszsu,67330,область,Полтавська,,БпЛА,49.5883,34.5514,🛵 Ударні БпЛА у напрямку Кременчука та Кам'янського з півдня.,https://t.me/kpszsu/67330
2026-07-04T16:39:33+00:00,kpszsu,67331,область,Полтавська,,БпЛА,49.5883,34.5514,🛵 Реактивний БпЛА з Дніпропетровщини у напрямку Кременчука.,https://t.me/kpszsu/67331
2026-07-04T17:03:33+00:00,kpszsu,67332,область,Миколаївська,,БпЛА,46.975,31.9946,🛵 Група БпЛА з Чорного моря у напрямку Миколаївщини.,https://t.me/kpszsu/67332
2026-07-04T17:29:36+00:00,kpszsu,67333,область,Миколаївська,,БпЛА,46.975,31.9946,🛵 Миколаїв - БпЛА в напрямку міста.,https://t.me/kpszsu/67333
2026-07-04T17:54:33+00:00,kpszsu,67334,область,Запорізька,,БпЛА,47.8388,35.1396,🛵 Реактивні БпЛА на Запоріжжі - курсом на Дніпропетровщину (Томаківка/Марганець).,https://t.me/kpszsu/67334
2026-07-04T17:54:33+00:00,kpszsu,67334,область,Дніпропетровська,,БпЛА,48.4647,35.0462,🛵 Реактивні БпЛА на Запоріжжі - курсом на Дніпропетровщину (Томаківка/Марганець).,https://t.me/kpszsu/67334
2026-07-04T17:55:20+00:00,kpszsu,67335,область,Харківська,північ,КАБ,49.9935,36.2304,Пуски КАБ на північ Харківщини.,https://t.me/kpszsu/67335
2026-07-04T19:05:55+00:00,kpszsu,67336,область,Запорізька,,КАБ,47.8388,35.1396,Пуски КАБ на м. Запоріжжя.,https://t.me/kpszsu/67336
2026-07-04T19:12:08+00:00,kpszsu,67337,область,Запорізька,,КАБ,47.8388,35.1396,Повторні пуски КАБ на м. Запоріжжя.,https://t.me/kpszsu/67337
2026-07-04T19:57:34+00:00,kpszsu,67338,область,Сумська,північ,БпЛА,50.9077,34.7981,🛵 Ударні БпЛА у напрямку Сум з півночі.,https://t.me/kpszsu/67338
2026-07-04T20:06:04+00:00,kpszsu,67340,область,Запорізька,,авіація,47.8388,35.1396,🚀 Пуски керованих авіаційних бомб ворожою тактичною авіацією на м. Запоріжжя.,https://t.me/kpszsu/67340
2026-07-04T20:12:57+00:00,kpszsu,67341,область,Чернігівська,північ,БпЛА,51.4982,31.2893,🛵 Ударні БпЛА на півночі Чернігівщини курс західний.,https://t.me/kpszsu/67341
2026-07-04T20:40:32+00:00,kpszsu,67342,область,Дніпропетровська,південно-схід,БпЛА,48.4647,35.0462,🛵 Ударні БпЛА у напрямку Дніпра з південного сходу.,https://t.me/kpszsu/67342
2026-07-04T21:34:34+00:00,kpszsu,67344,область,Херсонська,північ,БпЛА,46.6354,32.6169,🛵 Ударні БпЛА північніше Херсону  у напрямку Миколаєва.,https://t.me/kpszsu/67344
2026-07-04T23:50:35+00:00,kpszsu,67347,область,Полтавська,,БпЛА,49.5883,34.5514,🛵 Ударні БпЛА в р-ні. Богодухова вектором руху на Полтавщину.,https://t.me/kpszsu/67347
2026-07-05T00:04:45+00:00,kpszsu,67348,область,Одеська,,БпЛА,46.4825,30.7233,🛵 Ударний БпЛА на Одесу.,https://t.me/kpszsu/67348
2026-07-05T00:12:18+00:00,kpszsu,67349,область,Сумська,північ,КАБ,50.9077,34.7981,Пуски КАБ на північ Сумщини.,https://t.me/kpszsu/67349
2026-07-05T00:24:32+00:00,kpszsu,67350,область,Сумська,,БпЛА,50.9077,34.7981,"🛵 Сумщина - БпЛА повз Липову Долину, курсом на Полтавщину.",https://t.me/kpszsu/67350
2026-07-05T00:24:32+00:00,kpszsu,67350,область,Полтавська,,БпЛА,49.5883,34.5514,"🛵 Сумщина - БпЛА повз Липову Долину, курсом на Полтавщину.",https://t.me/kpszsu/67350
2026-07-05T00:39:26+00:00,kpszsu,67351,область,Сумська,,БпЛА,50.9077,34.7981,🛵 Суми - БпЛА в напрямку міста.,https://t.me/kpszsu/67351
2026-07-05T00:56:36+00:00,kpszsu,67352,область,Харківська,,КАБ,49.9935,36.2304,Пуски КАБ на Харківщину.,https://t.me/kpszsu/67352
2026-07-05T01:30:03+00:00,kpszsu,67353,область,Чернігівська,,БпЛА,51.4982,31.2893,🛵 БпЛА на Чернігівщині - курсом на Київщину (Згурівка).,https://t.me/kpszsu/67353
2026-07-05T01:30:03+00:00,kpszsu,67353,область,Київська,,БпЛА,50.4501,30.5234,🛵 БпЛА на Чернігівщині - курсом на Київщину (Згурівка).,https://t.me/kpszsu/67353
2026-07-05T01:58:16+00:00,kpszsu,67354,область,Дніпропетровська,північно-захід,ракета,48.4647,35.0462,Ракета на Дніпропетровщині - північно-західним курсом.,https://t.me/kpszsu/67354
2026-07-05T01:59:15+00:00,kpszsu,67355,область,Запорізька,,КАБ,47.8388,35.1396,КАБи на Запоріжжі.,https://t.me/kpszsu/67355
2026-07-05T02:46:55+00:00,kpszsu,67356,область,Харківська,,БпЛА,49.9935,36.2304,"🛵 БпЛА на Харківщині - курс на  Полтавщину. 🛵 БпЛА наХерсонщині - курс на Миколаївщину. 🛵 БпЛА на Дніпропетровщині - курсом на Павлоград, Кам'янське.",https://t.me/kpszsu/67356
2026-07-05T02:46:55+00:00,kpszsu,67356,область,Полтавська,,БпЛА,49.5883,34.5514,"🛵 БпЛА на Харківщині - курс на  Полтавщину. 🛵 БпЛА наХерсонщині - курс на Миколаївщину. 🛵 БпЛА на Дніпропетровщині - курсом на Павлоград, Кам'янське.",https://t.me/kpszsu/67356
2026-07-05T02:46:55+00:00,kpszsu,67356,область,Миколаївська,,БпЛА,46.975,31.9946,"🛵 БпЛА на Харківщині - курс на  Полтавщину. 🛵 БпЛА наХерсонщині - курс на Миколаївщину. 🛵 БпЛА на Дніпропетровщині - курсом на Павлоград, Кам'янське.",https://t.me/kpszsu/67356
2026-07-05T02:46:55+00:00,kpszsu,67356,область,Дніпропетровська,,БпЛА,48.4647,35.0462,"🛵 БпЛА на Харківщині - курс на  Полтавщину. 🛵 БпЛА наХерсонщині - курс на Миколаївщину. 🛵 БпЛА на Дніпропетровщині - курсом на Павлоград, Кам'янське.",https://t.me/kpszsu/67356
2026-07-05T03:07:22+00:00,kpszsu,67357,область,Одеська,,БпЛА,46.4825,30.7233,🛵 Група БпЛА в акваторії Чорного моря - курсом на Одещину (Чорноморське).,https://t.me/kpszsu/67357
2026-07-05T03:10:36+00:00,kpszsu,67358,область,Запорізька,,КАБ,47.8388,35.1396,КАБи на Запоріжжі та Донеччині.,https://t.me/kpszsu/67358
2026-07-05T03:10:36+00:00,kpszsu,67358,область,Донецька,,КАБ,48.0159,37.8029,КАБи на Запоріжжі та Донеччині.,https://t.me/kpszsu/67358
2026-07-05T03:14:07+00:00,kpszsu,67359,область,Одеська,,БпЛА,46.4825,30.7233,🛵 Група БпЛА в акваторії Чорного моря - курсом на Одещину (Білгород-Дністровський р-н.),https://t.me/kpszsu/67359
2026-07-05T03:37:13+00:00,kpszsu,67360,область,Дніпропетровська,,БпЛА,48.4647,35.0462,🛵 Кривий Ріг - група БпЛА в напрямку міста.,https://t.me/kpszsu/67360
2026-07-05T04:01:03+00:00,kpszsu,67361,область,Одеська,,БпЛА,46.4825,30.7233,"🛵 Група БпЛА в акваторії Чорного моря - курсом на Одещину  (Чорноморськ, Лиманка)",https://t.me/kpszsu/67361
2026-07-05T05:01:32+00:00,kpszsu,67362,область,Запорізька,,БпЛА|збиття|ракета,47.8388,35.1396,"⚡️ ЗБИТО/ПОДАВЛЕНО 115 ЦІЛЕЙ ПРОТИВНИКА ➖ ➖ ➖ ➖ ➖ ➖ ➖ ➖ ➖ ➖ У ніч на 05 липня (з 18:00 04 липня) противник атакував однією протирадіолокаційною ракетою Х-31 із акваторії Чорного моря, трьома керованими авіаційною ракетою Х-59/69 із повітряного простору ТОТ Запорізької обл., 125 ударними БпЛА типу Shahed (в т.ч. реактивними), Гербера, Італмас та дронами-імітаторами типу “Пародія” із напрямків: Брянськ, Орел, Шаталово, Приморсько-Ахтарськ,– рф., Донецьк -ТОТ, Гвардійське -ТОТ АР Крим. Повітряний напад відбивали авіація, зенітні ракетні війська, підрозділи РЕБ та безпілотних систем, мобільні вогневі групи Сил оборони України. 💥 За попередніми даними, станом на 08:00, протиповітряною обороною збито/подавлено 112 ворожих БпЛА типу Shahed, Гербера, Італмас та дронів інших типів на півночі, півдні та сході країни, 3 керовані авіаційні ракети Х-59/69, протирадіолокаційною ракетою Х-31 не досягла цілі. Зафіксовано влучання 4 ударних БпЛА на 3 локаціях, а також падіння збитих (уламки) на 8. Атака триває, в повітряному просторі декілька ворожих БпЛА. Дотримуйтесь правил безпеки! ✊ Тримаймо небо! 🇺🇦 Разом – до перемоги",https://t.me/kpszsu/67362
2026-07-05T05:01:32+00:00,kpszsu,67362,область,Донецька,,БпЛА|збиття|ракета,48.0159,37.8029,"⚡️ ЗБИТО/ПОДАВЛЕНО 115 ЦІЛЕЙ ПРОТИВНИКА ➖ ➖ ➖ ➖ ➖ ➖ ➖ ➖ ➖ ➖ У ніч на 05 липня (з 18:00 04 липня) противник атакував однією протирадіолокаційною ракетою Х-31 із акваторії Чорного моря, трьома керованими авіаційною ракетою Х-59/69 із повітряного простору ТОТ Запорізької обл., 125 ударними БпЛА типу Shahed (в т.ч. реактивними), Гербера, Італмас та дронами-імітаторами типу “Пародія” із напрямків: Брянськ, Орел, Шаталово, Приморсько-Ахтарськ,– рф., Донецьк -ТОТ, Гвардійське -ТОТ АР Крим. Повітряний напад відбивали авіація, зенітні ракетні війська, підрозділи РЕБ та безпілотних систем, мобільні вогневі групи Сил оборони України. 💥 За попередніми даними, станом на 08:00, протиповітряною обороною збито/подавлено 112 ворожих БпЛА типу Shahed, Гербера, Італмас та дронів інших типів на півночі, півдні та сході країни, 3 керовані авіаційні ракети Х-59/69, протирадіолокаційною ракетою Х-31 не досягла цілі. Зафіксовано влучання 4 ударних БпЛА на 3 локаціях, а також падіння збитих (уламки) на 8. Атака триває, в повітряному просторі декілька ворожих БпЛА. Дотримуйтесь правил безпеки! ✊ Тримаймо небо! 🇺🇦 Разом – до перемоги",https://t.me/kpszsu/67362
2026-07-05T05:11:35+00:00,kpszsu,67363,область,Одеська,,БпЛА,46.4825,30.7233,🛵 Група БпЛА в акваторії Чорного моря - курсом на Одещину (Білгород-Дністровський р-н.),https://t.me/kpszsu/67363
2026-07-05T05:34:13+00:00,kpszsu,67364,область,Одеська,,БпЛА,46.4825,30.7233,"🛵 Одещина - БпЛА повз н.п. Доброслав, в півічному напрямку. 🛵 Кривий Ріг - БпЛА в напрямку міста з півночі. 🛵 Дніпропетровщина - БпЛА на Синельникове. 🛵 Полтавщина - БпЛА на Кременчук.",https://t.me/kpszsu/67364
2026-07-05T05:34:13+00:00,kpszsu,67364,область,Дніпропетровська,,БпЛА,48.4647,35.0462,"🛵 Одещина - БпЛА повз н.п. Доброслав, в півічному напрямку. 🛵 Кривий Ріг - БпЛА в напрямку міста з півночі. 🛵 Дніпропетровщина - БпЛА на Синельникове. 🛵 Полтавщина - БпЛА на Кременчук.",https://t.me/kpszsu/67364
2026-07-05T05:34:13+00:00,kpszsu,67364,область,Дніпропетровська,північ,БпЛА,48.4647,35.0462,"🛵 Одещина - БпЛА повз н.п. Доброслав, в півічному напрямку. 🛵 Кривий Ріг - БпЛА в напрямку міста з півночі. 🛵 Дніпропетровщина - БпЛА на Синельникове. 🛵 Полтавщина - БпЛА на Кременчук.",https://t.me/kpszsu/67364
2026-07-05T05:34:13+00:00,kpszsu,67364,область,Полтавська,,БпЛА,49.5883,34.5514,"🛵 Одещина - БпЛА повз н.п. Доброслав, в півічному напрямку. 🛵 Кривий Ріг - БпЛА в напрямку міста з півночі. 🛵 Дніпропетровщина - БпЛА на Синельникове. 🛵 Полтавщина - БпЛА на Кременчук.",https://t.me/kpszsu/67364
2026-07-05T05:35:21+00:00,kpszsu,67365,область,Чернігівська,північ,БпЛА,51.4982,31.2893,"🛵 Група БпЛА на півночі Чернігівщини (Сновськ, Корюківка.",https://t.me/kpszsu/67365
2026-07-05T05:47:27+00:00,kpszsu,67366,область,Житомирська,,БпЛА,50.2547,28.6587,🛵 Житомирщина - БпЛА в напрямку н.п. Ємільчине.,https://t.me/kpszsu/67366
2026-07-05T05:51:46+00:00,kpszsu,67367,область,Дніпропетровська,,,48.4647,35.0462,Швидкісна ціль на Дніпро,https://t.me/kpszsu/67367
2026-07-05T05:54:14+00:00,kpszsu,67368,область,Дніпропетровська,,БпЛА,48.4647,35.0462,"🛵 Реактивний БпЛА на Дніпропетровщині, повз Синельникове - курсом на захід.",https://t.me/kpszsu/67368
2026-07-05T05:57:41+00:00,kpszsu,67369,область,Сумська,,КАБ,50.9077,34.7981,КАБи на Сумщину.,https://t.me/kpszsu/67369
2026-07-05T06:39:58+00:00,kpszsu,67370,область,Харківська,північ,КАБ,49.9935,36.2304,КАБи на північ Харківщини.,https://t.me/kpszsu/67370
2026-07-05T06:41:04+00:00,kpszsu,67371,область,Сумська,,БпЛА,50.9077,34.7981,🛵 БпЛА над Сумами.,https://t.me/kpszsu/67371
2026-07-05T06:57:20+00:00,kpszsu,67372,область,Одеська,,БпЛА,46.4825,30.7233,🛵 Одещина: БпЛА на Григорівку/Змієнкове з акваторії.,https://t.me/kpszsu/67372
2026-07-05T07:05:09+00:00,kpszsu,67373,область,Харківська,північ,БпЛА,49.9935,36.2304,🛵 БпЛА на Харків з півночі.,https://t.me/kpszsu/67373
2026-07-05T07:32:48+00:00,kpszsu,67376,область,Одеська,,БпЛА,46.4825,30.7233,🛵 БпЛА з Чорного моря ➡️ курсом на Одесу.,https://t.me/kpszsu/67376
2026-07-05T07:33:32+00:00,kpszsu,67377,область,Запорізька,,БпЛА,47.8388,35.1396,🛵 БпЛА в районі м.Запоріжжя.,https://t.me/kpszsu/67377
2026-07-05T07:42:11+00:00,kpszsu,67378,область,Сумська,,БпЛА,50.9077,34.7981,🛵 Сумщина: група БпЛА повз Охтирку ➡️ у напрямку Полтавщини. 🛵 БпЛА ➡️ курсом на Чернігів.,https://t.me/kpszsu/67378
2026-07-05T07:42:11+00:00,kpszsu,67378,область,Полтавська,,БпЛА,49.5883,34.5514,🛵 Сумщина: група БпЛА повз Охтирку ➡️ у напрямку Полтавщини. 🛵 БпЛА ➡️ курсом на Чернігів.,https://t.me/kpszsu/67378
2026-07-05T07:42:11+00:00,kpszsu,67378,область,Чернігівська,,БпЛА,51.4982,31.2893,🛵 Сумщина: група БпЛА повз Охтирку ➡️ у напрямку Полтавщини. 🛵 БпЛА ➡️ курсом на Чернігів.,https://t.me/kpszsu/67378
2026-07-05T08:00:37+00:00,kpszsu,67379,область,Одеська,,БпЛА,46.4825,30.7233,🛵 БпЛА ➡️ в районі Одеси.,https://t.me/kpszsu/67379
2026-07-05T08:03:15+00:00,kpszsu,67380,область,Дніпропетровська,,БпЛА,48.4647,35.0462,🛵 Дніпропетровщина: реактивний БпЛА ➡️ у напрямку Павлограда.,https://t.me/kpszsu/67380
2026-07-05T08:13:20+00:00,kpszsu,67381,область,Дніпропетровська,,БпЛА,48.4647,35.0462,🛵 Дніпропетровщина: реактивний БпЛА ➡️ у напрямку Павлограда.,https://t.me/kpszsu/67381
2026-07-05T08:17:52+00:00,kpszsu,67382,область,Харківська,,БпЛА,49.9935,36.2304,🛵 Харківщина: нова група БпЛА повз Богодухів ➡️ курсом на південь.,https://t.me/kpszsu/67382
2026-07-05T08:23:13+00:00,kpszsu,67383,область,Дніпропетровська,,КАБ,48.4647,35.0462,"КАБи на Дніпропетровщину, Харківщину, Донеччину.",https://t.me/kpszsu/67383
2026-07-05T08:23:13+00:00,kpszsu,67383,область,Харківська,,КАБ,49.9935,36.2304,"КАБи на Дніпропетровщину, Харківщину, Донеччину.",https://t.me/kpszsu/67383
2026-07-05T08:23:13+00:00,kpszsu,67383,область,Донецька,,КАБ,48.0159,37.8029,"КАБи на Дніпропетровщину, Харківщину, Донеччину.",https://t.me/kpszsu/67383
2026-07-05T08:51:19+00:00,kpszsu,67384,область,Чернігівська,,БпЛА,51.4982,31.2893,🛵 Чернігівщина: БпЛА ➡️ курсом на Ніжин. 🛵 Дніпропетровщина: реактивний БпЛА ➡️ над Павлоградом.,https://t.me/kpszsu/67384
2026-07-05T08:51:19+00:00,kpszsu,67384,область,Дніпропетровська,,БпЛА,48.4647,35.0462,🛵 Чернігівщина: БпЛА ➡️ курсом на Ніжин. 🛵 Дніпропетровщина: реактивний БпЛА ➡️ над Павлоградом.,https://t.me/kpszsu/67384
2026-07-05T09:08:28+00:00,kpszsu,67385,область,Чернігівська,,БпЛА,51.4982,31.2893,🛵 Реактивний БпЛА ➡️ курсом на Чернігів.,https://t.me/kpszsu/67385
2026-07-05T09:26:08+00:00,kpszsu,67386,область,Чернігівська,,БпЛА,51.4982,31.2893,🛵 Реактивний БпЛА ➡️ курсом на Чернігів.,https://t.me/kpszsu/67386
2026-07-05T09:41:24+00:00,kpszsu,67388,область,Чернігівська,,БпЛА,51.4982,31.2893,🛵 Чернігівщина: реактивний БпЛА повз Десну ➡️ курсом на Київщину.,https://t.me/kpszsu/67388
2026-07-05T09:41:24+00:00,kpszsu,67388,область,Київська,,БпЛА,50.4501,30.5234,🛵 Чернігівщина: реактивний БпЛА повз Десну ➡️ курсом на Київщину.,https://t.me/kpszsu/67388
2026-07-05T09:42:40+00:00,kpszsu,67389,область,Полтавська,,БпЛА,49.5883,34.5514,"🛵 Полтавщина: БпЛА ➡️ у напрямку Миргорода, Лубнів.",https://t.me/kpszsu/67389
2026-07-05T09:47:50+00:00,kpszsu,67390,область,Чернігівська,,БпЛА,51.4982,31.2893,🛵 Чернігівщина: реактивний БпЛА повз Десну ➡️ курсом на Київщину.,https://t.me/kpszsu/67390
2026-07-05T09:47:50+00:00,kpszsu,67390,область,Київська,,БпЛА,50.4501,30.5234,🛵 Чернігівщина: реактивний БпЛА повз Десну ➡️ курсом на Київщину.,https://t.me/kpszsu/67390
2026-07-05T09:52:08+00:00,kpszsu,67391,область,Одеська,,БпЛА|збиття,46.4825,30.7233,🛸 Поблизу узбережжя Одещини ➡️ ворожий розвідувальний БпЛА. Залучено засоби для збиття.,https://t.me/kpszsu/67391
2026-07-05T09:53:13+00:00,kpszsu,67392,область,Сумська,,БпЛА,50.9077,34.7981,🛵 Сумщина: група БпЛА повз Охтирку ➡️ у напрямку Полтавщини.,https://t.me/kpszsu/67392
2026-07-05T09:53:13+00:00,kpszsu,67392,область,Полтавська,,БпЛА,49.5883,34.5514,🛵 Сумщина: група БпЛА повз Охтирку ➡️ у напрямку Полтавщини.,https://t.me/kpszsu/67392
2026-07-05T09:59:54+00:00,kpszsu,67393,область,Київська,,БпЛА,50.4501,30.5234,🛵 Київщина: реактивний БпЛА ➡️ у напрямку Згурівки/Яготина.,https://t.me/kpszsu/67393
2026-07-05T10:28:21+00:00,kpszsu,67394,область,Запорізька,,БпЛА,47.8388,35.1396,🛵 Група БпЛА ➡️ курсом на Запоріжжя.,https://t.me/kpszsu/67394
2026-07-05T10:39:01+00:00,kpszsu,67395,область,Дніпропетровська,,БпЛА,48.4647,35.0462,🛵 Дніпропетровщина: БпЛА ➡️ у напрямку Кам'янського.,https://t.me/kpszsu/67395
2026-07-05T10:41:02+00:00,kpszsu,67396,область,Харківська,північ,КАБ,49.9935,36.2304,КАБи на північ Харківщини.,https://t.me/kpszsu/67396
2026-07-05T10:56:41+00:00,kpszsu,67397,область,Полтавська,,БпЛА,49.5883,34.5514,"🛵 Полтавщина: БпЛА ➡️ у напрямку Миргорода, Лубнів.",https://t.me/kpszsu/67397
2026-07-05T10:58:46+00:00,kpszsu,67398,область,Дніпропетровська,,БпЛА,48.4647,35.0462,🛵 Дніпропетровщина: реактивний БпЛА ➡️ у напрямку Синельникового/Дніпра.,https://t.me/kpszsu/67398
2026-07-05T11:32:52+00:00,kpszsu,67399,область,Одеська,південь,ракета,46.4825,30.7233,Ракета на південь Одещини!,https://t.me/kpszsu/67399
2026-07-05T12:31:21+00:00,kpszsu,67400,область,Дніпропетровська,,БпЛА,48.4647,35.0462,🛵 Дніпропетровщина: реактивний БпЛА ➡️ курсом на Дніпро/Самар.,https://t.me/kpszsu/67400
2026-07-05T13:08:27+00:00,kpszsu,67401,область,Чернігівська,північ,БпЛА,51.4982,31.2893,🛵 Нові групи БпЛА на півночі Чернігівщини ➡️ в напрямку Славутича.,https://t.me/kpszsu/67401
2026-07-05T13:13:49+00:00,kpszsu,67402,область,Чернігівська,північ,БпЛА,51.4982,31.2893,🛵 Нові групи БпЛА на півночі Чернігівщини ➡️ в напрямку Славутича.,https://t.me/kpszsu/67402
2026-07-05T13:27:59+00:00,kpszsu,67403,область,Харківська,,БпЛА,49.9935,36.2304,🛵 БпЛА ➡️ курсом на Харків. 🛵 Нові групи БпЛА із Сумщини ➡️ у напрямку Чернігівщини.,https://t.me/kpszsu/67403
2026-07-05T13:27:59+00:00,kpszsu,67403,область,Чернігівська,,БпЛА,51.4982,31.2893,🛵 БпЛА ➡️ курсом на Харків. 🛵 Нові групи БпЛА із Сумщини ➡️ у напрямку Чернігівщини.,https://t.me/kpszsu/67403
2026-07-05T13:32:00+00:00,kpszsu,67404,область,Черкаська,,БпЛА,49.4444,32.0598,🛵 Черкащина: БпЛА ➡️ курсом на Золотоношу.,https://t.me/kpszsu/67404
2026-07-05T13:33:09+00:00,kpszsu,67405,область,Дніпропетровська,,КАБ,48.4647,35.0462,КАБи на Дніпропетровщину.,https://t.me/kpszsu/67405
2026-07-05T13:43:28+00:00,kpszsu,67406,область,Харківська,,БпЛА,49.9935,36.2304,🛵 Харківщина: група БпЛА через Богодухів ➡️ курсом на південь.,https://t.me/kpszsu/67406
2026-07-05T13:45:49+00:00,kpszsu,67407,область,Запорізька,,КАБ,47.8388,35.1396,КАБи на Запорізьку область.,https://t.me/kpszsu/67407
2026-07-05T13:47:35+00:00,kpszsu,67408,область,Черкаська,північ,БпЛА,49.4444,32.0598,"🛵 Черкащина: БпЛА північніше Золотоноші, курс - західний.",https://t.me/kpszsu/67408
2026-07-05T13:48:45+00:00,kpszsu,67409,область,Миколаївська,,БпЛА,46.975,31.9946,🛵 БпЛА на Миколаївщину з акваторії.,https://t.me/kpszsu/67409
2026-07-05T14:04:19+00:00,kpszsu,67412,область,Запорізька,,БпЛА,47.8388,35.1396,🛵 БпЛА на Запоріжжя.,https://t.me/kpszsu/67412
2026-07-05T14:07:42+00:00,kpszsu,67413,область,Запорізька,південь,КАБ,47.8388,35.1396,КАБ у напрямку м. Запоріжжя з півдня.,https://t.me/kpszsu/67413
2026-07-05T14:11:17+00:00,kpszsu,67414,область,Чернігівська,,БпЛА,51.4982,31.2893,🛵 Чернігівщина: БпЛА на Ніжин.,https://t.me/kpszsu/67414
2026-07-05T14:14:39+00:00,kpszsu,67415,область,Полтавська,південно-схід,БпЛА,49.5883,34.5514,🛵 БпЛА на Полтаву з південного сходу.,https://t.me/kpszsu/67415
2026-07-05T14:15:19+00:00,kpszsu,67416,область,Запорізька,південь,КАБ,47.8388,35.1396,КАБ у напрямку м. Запоріжжя з півдня.,https://t.me/kpszsu/67416
2026-07-05T14:15:54+00:00,kpszsu,67417,область,Сумська,,БпЛА,50.9077,34.7981,🛵 БпЛА на Суми.,https://t.me/kpszsu/67417
2026-07-05T14:17:16+00:00,kpszsu,67418,область,Дніпропетровська,,БпЛА,48.4647,35.0462,🛵 Дніпропетровщина: реактивний БпЛА повз Юріївку курсом на захід.,https://t.me/kpszsu/67418
2026-07-05T14:19:55+00:00,kpszsu,67419,область,Миколаївська,,БпЛА,46.975,31.9946,🛵 Миколаївщина: БпЛА повз Березнегувате курсом на північ. БпЛА на Токарівку/Веселинове з півдня.,https://t.me/kpszsu/67419
2026-07-05T14:25:13+00:00,kpszsu,67420,область,Дніпропетровська,,БпЛА,48.4647,35.0462,🛵 Дніпропетровщина: реактивний БпЛА на Самар.,https://t.me/kpszsu/67420
2026-07-05T14:53:13+00:00,kpszsu,67421,область,Дніпропетровська,південно-схід,БпЛА,48.4647,35.0462,🛵 БпЛА на Кривий Ріг з південного сходу.,https://t.me/kpszsu/67421
2026-07-05T15:12:34+00:00,kpszsu,67422,область,Сумська,,БпЛА,50.9077,34.7981,🛵 Нові групи БпЛА з Курщини на Конотопський район Сумщини.,https://t.me/kpszsu/67422
2026-07-05T15:55:06+00:00,kpszsu,67423,область,Запорізька,,БпЛА,47.8388,35.1396,🛵 Група БпЛА на Запоріжжя.,https://t.me/kpszsu/67423
2026-07-05T16:09:30+00:00,kpszsu,67424,область,Сумська,,БпЛА,50.9077,34.7981,🛵 Нові групи БпЛА з Курщини на Конотопський район Сумщини.,https://t.me/kpszsu/67424
2026-07-05T16:32:22+00:00,kpszsu,67425,область,Сумська,,БпЛА,50.9077,34.7981,🛵 Групи БпЛА в напрямку Конотопа.,https://t.me/kpszsu/67425
2026-07-05T16:34:38+00:00,kpszsu,67426,область,Полтавська,,БпЛА,49.5883,34.5514,🛵 БпЛА ➡️ на Полтаву.,https://t.me/kpszsu/67426
2026-07-05T16:51:37+00:00,kpszsu,67427,область,Дніпропетровська,,БпЛА,48.4647,35.0462,🛵 Група реактивних БпЛА ➡️ на Дніпро.,https://t.me/kpszsu/67427
2026-07-05T17:18:31+00:00,kpszsu,67428,область,Миколаївська,,БпЛА,46.975,31.9946,🛵 Миколаївщина: БпЛА повз Очаків ➡️ на північ.,https://t.me/kpszsu/67428
2026-07-05T17:26:10+00:00,kpszsu,67429,область,Сумська,,БпЛА,50.9077,34.7981,🛵 Групи БпЛА повз Конотоп ➡️ курсом на Чернігівщину.,https://t.me/kpszsu/67429
2026-07-05T17:26:10+00:00,kpszsu,67429,область,Чернігівська,,БпЛА,51.4982,31.2893,🛵 Групи БпЛА повз Конотоп ➡️ курсом на Чернігівщину.,https://t.me/kpszsu/67429
2026-07-05T17:55:09+00:00,kpszsu,67430,область,Сумська,,БпЛА,50.9077,34.7981,🛵 Нові групи БпЛА повз Конотоп (Сумщина) ➡️ курсом на Чернігівщину.,https://t.me/kpszsu/67430
2026-07-05T17:55:09+00:00,kpszsu,67430,область,Чернігівська,,БпЛА,51.4982,31.2893,🛵 Нові групи БпЛА повз Конотоп (Сумщина) ➡️ курсом на Чернігівщину.,https://t.me/kpszsu/67430
2026-07-05T17:59:49+00:00,kpszsu,67431,область,Дніпропетровська,південь,БпЛА,48.4647,35.0462,🛵 БпЛА ➡️ курсом на Кривий Ріг з півдня.,https://t.me/kpszsu/67431
2026-07-05T18:50:15+00:00,kpszsu,67432,область,Дніпропетровська,,КАБ,48.4647,35.0462,КАБи на Дніпропетровщину.,https://t.me/kpszsu/67432
2026-07-05T19:11:11+00:00,kpszsu,67433,область,Запорізька,,БпЛА,47.8388,35.1396,"🛵 БпЛА ➡️ курсом на Запоріжжя, Кривий Ріг.",https://t.me/kpszsu/67433
2026-07-05T19:11:11+00:00,kpszsu,67433,область,Дніпропетровська,,БпЛА,48.4647,35.0462,"🛵 БпЛА ➡️ курсом на Запоріжжя, Кривий Ріг.",https://t.me/kpszsu/67433
2026-07-05T19:34:01+00:00,kpszsu,67434,область,Одеська,,БпЛА,46.4825,30.7233,🛵 Група БпЛА в акваторії Чорного моря ➡️ курсом на Одещину/Миколаївщину.,https://t.me/kpszsu/67434
2026-07-05T19:34:01+00:00,kpszsu,67434,область,Миколаївська,,БпЛА,46.975,31.9946,🛵 Група БпЛА в акваторії Чорного моря ➡️ курсом на Одещину/Миколаївщину.,https://t.me/kpszsu/67434
2026-07-05T19:36:05+00:00,kpszsu,67435,область,Чернігівська,,БпЛА,51.4982,31.2893,🛵 Чернігівщина : група БпЛА ➡️ на Сновськ.,https://t.me/kpszsu/67435
2026-07-05T19:47:19+00:00,kpszsu,67436,область,Одеська,,БпЛА,46.4825,30.7233,🛵 Група БпЛА в акваторії Чорного моря ➡️ курсом на Одещину/Миколаївщину.,https://t.me/kpszsu/67436
2026-07-05T19:47:19+00:00,kpszsu,67436,область,Миколаївська,,БпЛА,46.975,31.9946,🛵 Група БпЛА в акваторії Чорного моря ➡️ курсом на Одещину/Миколаївщину.,https://t.me/kpszsu/67436
2026-07-05T19:52:00+00:00,kpszsu,67437,область,Миколаївська,,БпЛА,46.975,31.9946,🛵 Миколаївщина: БпЛА повз Очаків ➡️ курсом на північ.,https://t.me/kpszsu/67437
2026-07-05T20:19:26+00:00,kpszsu,67438,область,Одеська,,БпЛА,46.4825,30.7233,🛵 БпЛА ➡️ в бік Одеси.,https://t.me/kpszsu/67438
2026-07-05T20:40:35+00:00,kpszsu,67439,область,Дніпропетровська,,БпЛА,48.4647,35.0462,🛵 Дніпропетровщина: декілька груп БПЛА ➡️ на Апостолове з півдня.,https://t.me/kpszsu/67439
2026-07-05T21:14:39+00:00,kpszsu,67441,область,Сумська,,БпЛА,50.9077,34.7981,🛵 Сумщина: група БпЛА ➡️ курсом на Конотоп. 🛵 Харківщина: БпЛА повз Люботин/Мерефу ➡️ курс на південь.,https://t.me/kpszsu/67441
2026-07-05T21:14:39+00:00,kpszsu,67441,область,Харківська,,БпЛА,49.9935,36.2304,🛵 Сумщина: група БпЛА ➡️ курсом на Конотоп. 🛵 Харківщина: БпЛА повз Люботин/Мерефу ➡️ курс на південь.,https://t.me/kpszsu/67441
2026-07-05T21:31:43+00:00,kpszsu,67442,область,Дніпропетровська,південь,БпЛА,48.4647,35.0462,🛵 Групи БПЛА ➡️ курсом на Кривий Ріг з півдня.,https://t.me/kpszsu/67442
2026-07-05T22:04:51+00:00,kpszsu,67443,область,Сумська,північ,БпЛА,50.9077,34.7981,🛵 Нові групи БПЛА ➡️ на півночі Сумщини та Чернігівщини.,https://t.me/kpszsu/67443
2026-07-05T22:04:51+00:00,kpszsu,67443,область,Чернігівська,,БпЛА,51.4982,31.2893,🛵 Нові групи БПЛА ➡️ на півночі Сумщини та Чернігівщини.,https://t.me/kpszsu/67443
2026-07-05T22:13:51+00:00,kpszsu,67444,область,Миколаївська,південь,ракета,46.975,31.9946,"🚀 Група крилатих ракет ""Калібр ➡️ на Миколаївщину з півдня!",https://t.me/kpszsu/67444
2026-07-05T22:14:50+00:00,kpszsu,67445,область,Миколаївська,південь,ракета,46.975,31.9946,"🚀 Група крилатих ракет ""Калібр ➡️ на Миколаївщину з півдня!",https://t.me/kpszsu/67445
2026-07-05T22:23:39+00:00,kpszsu,67447,область,Кіровоградська,,ракета,48.5079,32.2623,"🚀 Група ""Калібрів"" ➡️ на Кіровоградщину!",https://t.me/kpszsu/67447
2026-07-05T22:31:02+00:00,kpszsu,67449,область,Сумська,північ,БпЛА,50.9077,34.7981,🛵 Нові групи БПЛА ➡️ на півночі Сумщини та Чернігівщини.,https://t.me/kpszsu/67449
2026-07-05T22:31:02+00:00,kpszsu,67449,область,Чернігівська,,БпЛА,51.4982,31.2893,🛵 Нові групи БПЛА ➡️ на півночі Сумщини та Чернігівщини.,https://t.me/kpszsu/67449
2026-07-05T22:36:32+00:00,kpszsu,67450,область,Київська,,ракета,50.4501,30.5234,Балістика на Київ!,https://t.me/kpszsu/67450
2026-07-05T22:38:15+00:00,kpszsu,67451,область,Київська,,ракета,50.4501,30.5234,Балістика на Київ!,https://t.me/kpszsu/67451
2026-07-05T22:39:34+00:00,kpszsu,67452,область,Черкаська,,ракета,49.4444,32.0598,Ракета через Черкащину!,https://t.me/kpszsu/67452
2026-07-05T22:40:20+00:00,kpszsu,67453,область,Черкаська,,ракета,49.4444,32.0598,Ракета через Черкащину!,https://t.me/kpszsu/67453
2026-07-05T22:40:46+00:00,kpszsu,67454,область,Київська,,,50.4501,30.5234,Ще швидкісні цілі на Київ!,https://t.me/kpszsu/67454
2026-07-05T22:44:16+00:00,kpszsu,67455,область,Київська,,ракета,50.4501,30.5234,Ще балістика на Київ!,https://t.me/kpszsu/67455
2026-07-05T22:53:14+00:00,kpszsu,67457,область,Чернігівська,,БпЛА,51.4982,31.2893,🛵 Чернігівщина: групи БПЛА ➡️ на Батурин/Ніжин.,https://t.me/kpszsu/67457
2026-07-05T23:07:36+00:00,kpszsu,67458,область,Сумська,,ракета,50.9077,34.7981,🚀 Балістика через Сумщину!,https://t.me/kpszsu/67458
2026-07-05T23:08:47+00:00,kpszsu,67459,область,Сумська,,ракета,50.9077,34.7981,🚀 Балістика через Сумщину!,https://t.me/kpszsu/67459
2026-07-05T23:10:54+00:00,kpszsu,67460,область,Київська,,ракета,50.4501,30.5234,🚀 Балістика на Київ!,https://t.me/kpszsu/67460
2026-07-05T23:21:48+00:00,kpszsu,67462,область,Чернігівська,,БпЛА,51.4982,31.2893,🛵 Чернігівщина: групи БПЛА повз Ніжин ➡️ у напрямку Київщини.,https://t.me/kpszsu/67462
2026-07-05T23:21:48+00:00,kpszsu,67462,область,Київська,,БпЛА,50.4501,30.5234,🛵 Чернігівщина: групи БПЛА повз Ніжин ➡️ у напрямку Київщини.,https://t.me/kpszsu/67462
2026-07-05T23:33:11+00:00,kpszsu,67464,область,Одеська,,БпЛА,46.4825,30.7233,🛵 Група ударних БпЛА у напрямку Затоки на Одещині,https://t.me/kpszsu/67464
2026-07-05T23:41:58+00:00,kpszsu,67466,область,Харківська,південь,БпЛА,49.9935,36.2304,"🛵 Групи ударних БпЛА південніше Ізюма на Харківщині, курсом на захід",https://t.me/kpszsu/67466
2026-07-05T23:41:58+00:00,kpszsu,67466,область,Харківська,,БпЛА,49.9935,36.2304,"🛵 Групи ударних БпЛА південніше Ізюма на Харківщині, курсом на захід",https://t.me/kpszsu/67466
2026-07-05T23:49:57+00:00,kpszsu,67467,область,Сумська,,ракета,50.9077,34.7981,🚀 Група крилатих ракет увійшла на Сумщину!,https://t.me/kpszsu/67467
2026-07-05T23:51:40+00:00,kpszsu,67468,область,Дніпропетровська,південь,БпЛА,48.4647,35.0462,🛵 Групи ударних БпЛА рухаються по Дніпру в напрямку Києва з півдня (н.п. Українка),https://t.me/kpszsu/67468
2026-07-05T23:54:04+00:00,kpszsu,67469,область,Чернігівська,,ракета,51.4982,31.2893,🚀 Групи крилатих ракет із Сумщини ➡️ на Чернігівщину та Полтавщину!,https://t.me/kpszsu/67469
2026-07-05T23:54:04+00:00,kpszsu,67469,область,Полтавська,,ракета,49.5883,34.5514,🚀 Групи крилатих ракет із Сумщини ➡️ на Чернігівщину та Полтавщину!,https://t.me/kpszsu/67469
2026-07-05T23:55:46+00:00,kpszsu,67470,область,Дніпропетровська,,БпЛА,48.4647,35.0462,🛵 Реактивний БпЛА курсом на Дніпро!,https://t.me/kpszsu/67470
2026-07-05T23:56:54+00:00,kpszsu,67471,область,Сумська,,ракета,50.9077,34.7981,🚀 Нова група крилатих ракет на Сумщині,https://t.me/kpszsu/67471
2026-07-06T00:00:19+00:00,kpszsu,67472,область,Полтавська,,ракета,49.5883,34.5514,🚀 Групи крилатих ракет із Чернігівської та Полтавської обл. ➡️ у напрямку Києва!,https://t.me/kpszsu/67472
2026-07-06T00:08:15+00:00,kpszsu,67476,область,Київська,схід,ракета,50.4501,30.5234,🚀 Крилаті ракети зі сходу на Київ!,https://t.me/kpszsu/67476
2026-07-06T00:39:56+00:00,kpszsu,67480,область,Сумська,,КАБ,50.9077,34.7981,КАБи на Сумщину та Донеччину.,https://t.me/kpszsu/67480
2026-07-06T00:39:56+00:00,kpszsu,67480,область,Донецька,,КАБ,48.0159,37.8029,КАБи на Сумщину та Донеччину.,https://t.me/kpszsu/67480
2026-07-06T00:54:56+00:00,kpszsu,67482,область,Дніпропетровська,,БпЛА,48.4647,35.0462,🛵 БпЛА на Дніпро.,https://t.me/kpszsu/67482
2026-07-06T01:27:08+00:00,kpszsu,67484,область,Сумська,,ракета,50.9077,34.7981,"Ракети на Сумщині, курсом на Чернігівщину (Прилуки).",https://t.me/kpszsu/67484
2026-07-06T01:27:08+00:00,kpszsu,67484,область,Чернігівська,,ракета,51.4982,31.2893,"Ракети на Сумщині, курсом на Чернігівщину (Прилуки).",https://t.me/kpszsu/67484
2026-07-06T01:33:36+00:00,kpszsu,67485,область,Чернігівська,,ракета,51.4982,31.2893,🚀 Група ракет на Чернігівщині повз Прилуки курсом на Київщину.,https://t.me/kpszsu/67485
2026-07-06T01:33:36+00:00,kpszsu,67485,область,Київська,,ракета,50.4501,30.5234,🚀 Група ракет на Чернігівщині повз Прилуки курсом на Київщину.,https://t.me/kpszsu/67485
2026-07-06T01:40:31+00:00,kpszsu,67486,область,Запорізька,,БпЛА,47.8388,35.1396,🛵 БпЛА на Запоріжжя.,https://t.me/kpszsu/67486
2026-07-06T01:52:13+00:00,kpszsu,67487,область,Сумська,,ракета,50.9077,34.7981,"🚀 Ймовірно ракета на Сумщині, повз Лебедин курсом на Полтавщину.",https://t.me/kpszsu/67487
2026-07-06T01:52:13+00:00,kpszsu,67487,область,Полтавська,,ракета,49.5883,34.5514,"🚀 Ймовірно ракета на Сумщині, повз Лебедин курсом на Полтавщину.",https://t.me/kpszsu/67487
2026-07-06T01:53:38+00:00,kpszsu,67488,область,Запорізька,,КАБ,47.8388,35.1396,Пуски КАБ на Запоріжжі.,https://t.me/kpszsu/67488
2026-07-06T02:29:44+00:00,kpszsu,67490,область,Чернігівська,,БпЛА,51.4982,31.2893,"🛵 Чернігівщина: реактивні БпЛА повз Талалаївку, курс - південно-західний.",https://t.me/kpszsu/67490
2026-07-06T02:41:32+00:00,kpszsu,67491,область,Сумська,,БпЛА,50.9077,34.7981,"🛵 Сумщина: група БпЛА повз Кириківку, курс - південно-західний.",https://t.me/kpszsu/67491
2026-07-06T02:49:31+00:00,kpszsu,67492,область,Сумська,,БпЛА,50.9077,34.7981,🛵 Сумщина: група БпЛА на/повз Охтирку курсом на захід.,https://t.me/kpszsu/67492
2026-07-06T02:52:33+00:00,kpszsu,67493,область,Миколаївська,схід,БпЛА,46.975,31.9946,🛵 Реактивний БпЛА на Миколаїв зі сходу.,https://t.me/kpszsu/67493
2026-07-06T03:05:15+00:00,kpszsu,67494,область,Харківська,північ,БпЛА,49.9935,36.2304,🛵 БпЛА на Харків з півночі.,https://t.me/kpszsu/67494
2026-07-06T03:09:01+00:00,kpszsu,67495,область,Дніпропетровська,схід,БпЛА,48.4647,35.0462,🛵 Реактивний БпЛА курсом на Дніпро/Самар зі сходу.,https://t.me/kpszsu/67495
2026-07-06T03:38:02+00:00,kpszsu,67496,область,Дніпропетровська,,БпЛА,48.4647,35.0462,🛵 Ще один реактивний БпЛА курсом на Дніпро.,https://t.me/kpszsu/67496
2026-07-06T03:49:20+00:00,kpszsu,67497,область,Дніпропетровська,південно-схід,БпЛА,48.4647,35.0462,🛵 БпЛА на Кривий Ріг з південного сходу.,https://t.me/kpszsu/67497
2026-07-06T04:36:13+00:00,kpszsu,67499,область,Кіровоградська,,БпЛА,48.5079,32.2623,"🛵 Кіровоградщина: БпЛА повз Олександрію, курс - північно-західний.",https://t.me/kpszsu/67499
2026-07-06T04:53:02+00:00,kpszsu,67500,область,Чернігівська,,БпЛА,51.4982,31.2893,"🛵 Чернігівщина: групи БпЛА повз Мену, курс - південно-західний.",https://t.me/kpszsu/67500
2026-07-06T04:55:06+00:00,kpszsu,67501,область,Дніпропетровська,південь,БпЛА,48.4647,35.0462,🛵 БпЛА на Дніпро з півдня.,https://t.me/kpszsu/67501
2026-07-06T05:22:02+00:00,kpszsu,67503,область,Сумська,північно-захід,БпЛА,50.9077,34.7981,🛵 Реактивний БпЛА на Суми з північного заходу.,https://t.me/kpszsu/67503
2026-07-06T05:52:12+00:00,kpszsu,67506,область,Київська,,БпЛА|збиття|ракета,50.4501,30.5234,"⚡️ ЗБИТО/ПОДАВЛЕНО 363 ЦІЛІ: 37 РАКЕТ ТА 326 ВОРОЖИХ БПЛА ➖ ➖ ➖ ➖ ➖ ➖ ➖ ➖ ➖ ➖ У ніч на 6 липня (з 18:00 5 липня), противник завдав масованого комбінованого удару по Україні із застосуванням ударних БпЛА, ракет повітряного, наземного та морського базування різних типів. ❗️ Основний напрямок удару – Київ. Усього радіотехнічними військами Повітряних Сил зафіксовано 419 засобів повітряного нападу – 68 ракет і 351 БпЛА різних типів: - 6 протикорабельних ракет 3М22 ""Циркон""/""Онікс"" (райони пусків – Курська обл., рф); - 23 балістичні ракети Іскандер-М/С-400 (райони пуску – Брянська, Орловська, Курська обл., - рф); - 33 крилаті ракети Х-101 (райони пусків – Вологодська, - рф); - 6 крилатих ракет Калібр (район пуску – Новоросійськ, - рф); - 351 ударний БпЛА типу Shahed, Гербера, Італмас, дронів-імітаторів типу ""Пародія"" (із напрямків: Шаталово, Брянськ, Курськ, Орел, Міллерово, Приморсько-Ахтарськ – рф., ТОТ Донецька). Повітряний напад відбивали авіація, зенітні ракетні війська, підрозділи РЕБ та безпілотних систем, мобільні вогневі групи Сил оборони України. 💥 За попередніми даними, станом на 08:30, протиповітряною обороною збито/подавлено 363 цілі – 37 ракет та 326 безпілотників різних типів: - 31 крилату ракету Х-101; - 6 крилатих ракет Калібр; - 326 ворожих БпЛА різних типів. За попередньою інформацією, станом на 08.30 зафіксовано влучання 29 балістичних (в т.ч. протикорабельних) ракет та 18 ударних БпЛА на 34 локаціях, а також падіння збитих (уламки) БпЛА на 16 локаціях. Атака триває! В повітряному просторі України декілька ударних БпЛА. Не ігноруйте тривогу. ✊ Тримаймо небо! 🇺🇦 Разом – до перемоги!",https://t.me/kpszsu/67506
2026-07-06T05:52:12+00:00,kpszsu,67506,область,Донецька,,БпЛА|збиття|ракета,48.0159,37.8029,"⚡️ ЗБИТО/ПОДАВЛЕНО 363 ЦІЛІ: 37 РАКЕТ ТА 326 ВОРОЖИХ БПЛА ➖ ➖ ➖ ➖ ➖ ➖ ➖ ➖ ➖ ➖ У ніч на 6 липня (з 18:00 5 липня), противник завдав масованого комбінованого удару по Україні із застосуванням ударних БпЛА, ракет повітряного, наземного та морського базування різних типів. ❗️ Основний напрямок удару – Київ. Усього радіотехнічними військами Повітряних Сил зафіксовано 419 засобів повітряного нападу – 68 ракет і 351 БпЛА різних типів: - 6 протикорабельних ракет 3М22 ""Циркон""/""Онікс"" (райони пусків – Курська обл., рф); - 23 балістичні ракети Іскандер-М/С-400 (райони пуску – Брянська, Орловська, Курська обл., - рф); - 33 крилаті ракети Х-101 (райони пусків – Вологодська, - рф); - 6 крилатих ракет Калібр (район пуску – Новоросійськ, - рф); - 351 ударний БпЛА типу Shahed, Гербера, Італмас, дронів-імітаторів типу ""Пародія"" (із напрямків: Шаталово, Брянськ, Курськ, Орел, Міллерово, Приморсько-Ахтарськ – рф., ТОТ Донецька). Повітряний напад відбивали авіація, зенітні ракетні війська, підрозділи РЕБ та безпілотних систем, мобільні вогневі групи Сил оборони України. 💥 За попередніми даними, станом на 08:30, протиповітряною обороною збито/подавлено 363 цілі – 37 ракет та 326 безпілотників різних типів: - 31 крилату ракету Х-101; - 6 крилатих ракет Калібр; - 326 ворожих БпЛА різних типів. За попередньою інформацією, станом на 08.30 зафіксовано влучання 29 балістичних (в т.ч. протикорабельних) ракет та 18 ударних БпЛА на 34 локаціях, а також падіння збитих (уламки) БпЛА на 16 локаціях. Атака триває! В повітряному просторі України декілька ударних БпЛА. Не ігноруйте тривогу. ✊ Тримаймо небо! 🇺🇦 Разом – до перемоги!",https://t.me/kpszsu/67506
2026-07-06T06:15:30+00:00,kpszsu,67507,область,Одеська,,БпЛА,46.4825,30.7233,🛵 Група БпЛА в акваторії Чорного моря ➡️ курсом на Одесу.,https://t.me/kpszsu/67507
2026-07-06T06:16:45+00:00,kpszsu,67508,область,Харківська,,КАБ,49.9935,36.2304,КАБи на Харківщину.,https://t.me/kpszsu/67508
2026-07-06T06:18:36+00:00,kpszsu,67509,область,Полтавська,,БпЛА,49.5883,34.5514,🛵 БпЛА із Сумщини ➡️ курсом на Гадяч (Полтавщина).,https://t.me/kpszsu/67509
2026-07-06T07:00:08+00:00,kpszsu,67511,область,Донецька,північно-схід,БпЛА,48.0159,37.8029,🛵 БпЛА  на Краматорськ із північного сходу,https://t.me/kpszsu/67511
2026-07-06T07:12:29+00:00,kpszsu,67512,область,Харківська,південь,БпЛА,49.9935,36.2304,🛵 БпЛА у напрямку Мерефи на Харківщині з півдня 🛵 БпЛА на Запоріжжя з півдня,https://t.me/kpszsu/67512
2026-07-06T07:12:29+00:00,kpszsu,67512,область,Запорізька,південь,БпЛА,47.8388,35.1396,🛵 БпЛА у напрямку Мерефи на Харківщині з півдня 🛵 БпЛА на Запоріжжя з півдня,https://t.me/kpszsu/67512
2026-07-06T07:15:31+00:00,kpszsu,67513,область,Харківська,південь,БпЛА,49.9935,36.2304,🛵 БпЛА на Харків із півдня,https://t.me/kpszsu/67513
2026-07-06T07:21:26+00:00,kpszsu,67514,область,Донецька,північ,БпЛА,48.0159,37.8029,🛵 БпЛА на Слов'янськ з півночі,https://t.me/kpszsu/67514
2026-07-06T07:26:53+00:00,kpszsu,67515,область,Сумська,схід,БпЛА,50.9077,34.7981,🛵 БпЛА у напрямку Кролевця на Сумщині зі сходу,https://t.me/kpszsu/67515
2026-07-06T07:40:08+00:00,kpszsu,67516,область,Херсонська,,КАБ,46.6354,32.6169,КАБи на Херсонщину!,https://t.me/kpszsu/67516
2026-07-06T07:48:11+00:00,kpszsu,67517,область,Харківська,північно-схід,БпЛА,49.9935,36.2304,🛵 БпЛА на Харків із північного сходу,https://t.me/kpszsu/67517
2026-07-06T07:54:00+00:00,kpszsu,67518,область,Донецька,,КАБ,48.0159,37.8029,КАБи на Донеччину!,https://t.me/kpszsu/67518
2026-07-06T08:09:37+00:00,kpszsu,67520,область,Херсонська,,КАБ,46.6354,32.6169,КАБи на Херсонщину та Запорізьку область!,https://t.me/kpszsu/67520
2026-07-06T08:09:37+00:00,kpszsu,67520,область,Запорізька,,КАБ,47.8388,35.1396,КАБи на Херсонщину та Запорізьку область!,https://t.me/kpszsu/67520
2026-07-06T08:29:54+00:00,kpszsu,67521,область,Одеська,,БпЛА,46.4825,30.7233,🛵 БпЛА у напрямку Затоки на Одещині із акваторії Чорного моря,https://t.me/kpszsu/67521
2026-07-06T08:32:06+00:00,kpszsu,67522,область,Дніпропетровська,,КАБ,48.4647,35.0462,КАБи на Дніпропетровщину!,https://t.me/kpszsu/67522
2026-07-06T08:56:32+00:00,kpszsu,67523,область,Сумська,північно-схід,БпЛА,50.9077,34.7981,🛵 БпЛА на Суми із північного сходу,https://t.me/kpszsu/67523
2026-07-06T09:19:11+00:00,kpszsu,67524,область,Сумська,північ,БпЛА,50.9077,34.7981,🛵 БпЛА на Суми з півночі 🛵 БпЛА на Харків із північного сходу,https://t.me/kpszsu/67524
2026-07-06T09:19:11+00:00,kpszsu,67524,область,Харківська,північ,БпЛА,49.9935,36.2304,🛵 БпЛА на Суми з півночі 🛵 БпЛА на Харків із північного сходу,https://t.me/kpszsu/67524
2026-07-06T09:27:22+00:00,kpszsu,67525,область,Одеська,,БпЛА,46.4825,30.7233,🛵 БпЛА у напрямку Затоки на Одещині з акваторії Чорного моря,https://t.me/kpszsu/67525
2026-07-06T09:28:19+00:00,kpszsu,67526,область,Запорізька,,КАБ,47.8388,35.1396,КАБи на Запорізьку область!,https://t.me/kpszsu/67526
2026-07-06T09:47:23+00:00,kpszsu,67527,область,Дніпропетровська,південно-схід,БпЛА,48.4647,35.0462,🛵 БпЛА  у напрямку Апостолового на Дніпропетровщині із південного сходу,https://t.me/kpszsu/67527
2026-07-06T10:17:35+00:00,kpszsu,67528,область,Харківська,північ,БпЛА,49.9935,36.2304,🛵 БпЛА в напрямку м.Харків з півночі,https://t.me/kpszsu/67528
2026-07-06T10:47:02+00:00,kpszsu,67529,область,Запорізька,південь,БпЛА,47.8388,35.1396,🛵 БпЛА на Запоріжжя з півдня,https://t.me/kpszsu/67529
2026-07-06T10:56:15+00:00,kpszsu,67530,область,Миколаївська,захід,БпЛА,46.975,31.9946,🛵 БпЛА у Баштанському районі Миколаївщини рухається у західному напрямку повз Березнегувате,https://t.me/kpszsu/67530
2026-07-06T11:03:06+00:00,kpszsu,67531,область,Полтавська,,,49.5883,34.5514,🚀 Ціль на Полтаву,https://t.me/kpszsu/67531
2026-07-06T11:04:20+00:00,kpszsu,67532,область,Дніпропетровська,південь,БпЛА,48.4647,35.0462,🛵 БпЛА на Кривий Ріг з півдня,https://t.me/kpszsu/67532
2026-07-06T11:15:34+00:00,kpszsu,67533,область,Сумська,північ,БпЛА,50.9077,34.7981,🛵 БпЛА на Суми з півночі,https://t.me/kpszsu/67533
2026-07-06T11:57:23+00:00,kpszsu,67534,область,Харківська,північно-схід,КАБ,49.9935,36.2304,КАБи на північний схід Харківщини!,https://t.me/kpszsu/67534
2026-07-06T12:08:49+00:00,kpszsu,67535,область,Херсонська,північ,БпЛА,46.6354,32.6169,🛵 БпЛА у Бериславському районі Херсонщини рухаються північним курсом,https://t.me/kpszsu/67535
2026-07-06T12:09:22+00:00,kpszsu,67536,область,Запорізька,південь,БпЛА,47.8388,35.1396,🛵 БпЛА на Запоріжжя з півдня,https://t.me/kpszsu/67536
2026-07-06T12:24:56+00:00,kpszsu,67537,область,Донецька,,КАБ,48.0159,37.8029,КАБи на Донеччину!,https://t.me/kpszsu/67537
2026-07-06T12:32:47+00:00,kpszsu,67538,область,Одеська,,БпЛА,46.4825,30.7233,🛵 БпЛА у напрямку Одеси з акваторії Чорного моря 🛵 БпЛА повз Корюківку на Чернігівщині південно-східним курсом,https://t.me/kpszsu/67538
2026-07-06T12:32:47+00:00,kpszsu,67538,область,Чернігівська,південно-схід,БпЛА,51.4982,31.2893,🛵 БпЛА у напрямку Одеси з акваторії Чорного моря 🛵 БпЛА повз Корюківку на Чернігівщині південно-східним курсом,https://t.me/kpszsu/67538
2026-07-06T12:34:06+00:00,kpszsu,67539,область,Донецька,схід,БпЛА,48.0159,37.8029,🛵 БпЛА на Краматорськ на Донеччині зі сходу,https://t.me/kpszsu/67539
2026-07-06T12:38:15+00:00,kpszsu,67540,область,Одеська,,,46.4825,30.7233,Швидкісна ціль на Одесу з акваторії Чорного моря,https://t.me/kpszsu/67540
2026-07-06T12:40:22+00:00,kpszsu,67541,область,Одеська,,,46.4825,30.7233,Швидкісна ціль на Одесу з акваторії Чорного моря,https://t.me/kpszsu/67541
2026-07-06T12:46:30+00:00,kpszsu,67542,область,Дніпропетровська,південно-схід,БпЛА,48.4647,35.0462,🛵 БпЛА у напрямку Синельникового на Дніпропетровщині з південного сходу,https://t.me/kpszsu/67542
2026-07-06T12:47:57+00:00,kpszsu,67543,область,Запорізька,південь,БпЛА,47.8388,35.1396,🛵 БпЛА на Запоріжжя з півдня,https://t.me/kpszsu/67543
2026-07-06T12:57:06+00:00,kpszsu,67544,область,Дніпропетровська,південно-захід,БпЛА,48.4647,35.0462,🛵 БпЛА на Павлоград з південного заходу,https://t.me/kpszsu/67544
2026-07-06T12:57:56+00:00,kpszsu,67545,область,Харківська,схід,КАБ,49.9935,36.2304,КАБи на північ та схід Харківщини!,https://t.me/kpszsu/67545
2026-07-06T13:13:02+00:00,kpszsu,67546,область,Харківська,північ,БпЛА,49.9935,36.2304,🛵 БпЛА на Харків з півночі,https://t.me/kpszsu/67546
2026-07-06T13:17:03+00:00,kpszsu,67547,область,Херсонська,,КАБ,46.6354,32.6169,КАБи на Херсонщину!,https://t.me/kpszsu/67547
2026-07-06T13:18:07+00:00,kpszsu,67548,область,Донецька,,КАБ,48.0159,37.8029,КАБи на Донеччину!,https://t.me/kpszsu/67548
2026-07-06T13:33:39+00:00,kpszsu,67549,область,Сумська,південно-схід,БпЛА,50.9077,34.7981,🛵 БпЛА на Суми із південного сходу,https://t.me/kpszsu/67549
2026-07-06T13:42:27+00:00,kpszsu,67550,область,Запорізька,,БпЛА,47.8388,35.1396,🛵 БпЛА над Запоріжжям. Перебувайте в укриттях!,https://t.me/kpszsu/67550
2026-07-06T13:43:43+00:00,kpszsu,67551,область,Дніпропетровська,,КАБ,48.4647,35.0462,КАБи на Дніпропетровщину!,https://t.me/kpszsu/67551
2026-07-06T14:00:22+00:00,kpszsu,67552,область,Сумська,північ,БпЛА,50.9077,34.7981,🛵 БпЛА у напрямку Кириківки на Сумщині із півночі,https://t.me/kpszsu/67552
2026-07-06T14:05:28+00:00,kpszsu,67553,область,Запорізька,,КАБ,47.8388,35.1396,КАБи на Запорізьку область!,https://t.me/kpszsu/67553
2026-07-06T14:08:31+00:00,kpszsu,67554,область,Харківська,північ,БпЛА,49.9935,36.2304,🛵 БпЛА на Харків з півночі,https://t.me/kpszsu/67554
2026-07-06T14:09:43+00:00,kpszsu,67555,область,Сумська,північ,БпЛА,50.9077,34.7981,🛵 БпЛА на Суми з півночі,https://t.me/kpszsu/67555
2026-07-06T14:12:32+00:00,kpszsu,67556,область,Полтавська,північно-схід,БпЛА,49.5883,34.5514,🛵 БпЛА у напрямку Опішні на Полтавщині з північного сходу,https://t.me/kpszsu/67556
2026-07-06T14:37:14+00:00,kpszsu,67557,область,Запорізька,південь,БпЛА,47.8388,35.1396,🛵 БпЛА у напрямку Запоріжжя із півдня,https://t.me/kpszsu/67557
2026-07-06T15:01:10+00:00,kpszsu,67558,область,Чернігівська,північ,БпЛА,51.4982,31.2893,🛵 БпЛА на північ від Корюківки на Чернігівщині ➡️ у напрямку Сновська,https://t.me/kpszsu/67558
2026-07-06T15:27:42+00:00,kpszsu,67559,область,Запорізька,південь,БпЛА,47.8388,35.1396,🛵 БпЛА на Запоріжжя з півдня,https://t.me/kpszsu/67559
2026-07-06T15:37:55+00:00,kpszsu,67560,область,Харківська,північ,БпЛА,49.9935,36.2304,🛵 БпЛА на м.Харків з півночі.,https://t.me/kpszsu/67560
2026-07-06T16:03:20+00:00,kpszsu,67561,область,Дніпропетровська,,БпЛА,48.4647,35.0462,"🛵 Реактивний БпЛА на Дніпропетровщині, курс західний (повз н.п.Юріївка)",https://t.me/kpszsu/67561
2026-07-06T16:11:46+00:00,kpszsu,67562,область,Дніпропетровська,,БпЛА,48.4647,35.0462,🛵 Реактивний БпЛА в напрямку м.Дніпро,https://t.me/kpszsu/67562
2026-07-06T16:21:14+00:00,kpszsu,67563,область,Запорізька,південь,БпЛА,47.8388,35.1396,🛵 БпЛА на Запоріжжя з півдня,https://t.me/kpszsu/67563
2026-07-06T16:22:53+00:00,kpszsu,67564,область,Миколаївська,південь,БпЛА,46.975,31.9946,"🛵 БпЛА на півдні Миколаївщини, курс на м.Миколаїв",https://t.me/kpszsu/67564
2026-07-06T16:22:53+00:00,kpszsu,67564,область,Миколаївська,,БпЛА,46.975,31.9946,"🛵 БпЛА на півдні Миколаївщини, курс на м.Миколаїв",https://t.me/kpszsu/67564
2026-07-06T16:45:00+00:00,kpszsu,67565,область,Запорізька,,ракета,47.8388,35.1396,🚀 Ракета на Запоріжжя,https://t.me/kpszsu/67565
2026-07-06T16:52:39+00:00,kpszsu,67566,область,Сумська,північ,БпЛА,50.9077,34.7981,"🛵 БпЛА на півночі Сумщини та Чернігівщини, на південно-західний напрямок.",https://t.me/kpszsu/67566
2026-07-06T16:52:39+00:00,kpszsu,67566,область,Чернігівська,,БпЛА,51.4982,31.2893,"🛵 БпЛА на півночі Сумщини та Чернігівщини, на південно-західний напрямок.",https://t.me/kpszsu/67566
2026-07-06T17:09:42+00:00,kpszsu,67567,область,Сумська,північ,БпЛА,50.9077,34.7981,🛵 БпЛА на Суми з півночі.,https://t.me/kpszsu/67567
2026-07-06T17:36:04+00:00,kpszsu,67568,область,Дніпропетровська,захід,БпЛА,48.4647,35.0462,"🛵 БпЛА на заході від н.п.Нікополь, курс  на північ. 🛵 БпЛА на півночі та сході від Херсона, курс на Миколаївщину.",https://t.me/kpszsu/67568
2026-07-06T17:36:04+00:00,kpszsu,67568,область,Херсонська,схід,БпЛА,46.6354,32.6169,"🛵 БпЛА на заході від н.п.Нікополь, курс  на північ. 🛵 БпЛА на півночі та сході від Херсона, курс на Миколаївщину.",https://t.me/kpszsu/67568
2026-07-06T17:36:04+00:00,kpszsu,67568,область,Миколаївська,,БпЛА,46.975,31.9946,"🛵 БпЛА на заході від н.п.Нікополь, курс  на північ. 🛵 БпЛА на півночі та сході від Херсона, курс на Миколаївщину.",https://t.me/kpszsu/67568
2026-07-06T17:39:44+00:00,kpszsu,67569,область,Дніпропетровська,схід,БпЛА,48.4647,35.0462,"🛵 Реактивний БпЛА на сході Дніпропетровщини, курс на захід.",https://t.me/kpszsu/67569
2026-07-06T17:48:48+00:00,kpszsu,67570,область,Сумська,,БпЛА|КАБ,50.9077,34.7981,Пуск КАБ на Сумщину та реактивні БпЛА на північ Сумської області.,https://t.me/kpszsu/67570
2026-07-06T17:48:48+00:00,kpszsu,67570,область,Сумська,північ,БпЛА|КАБ,50.9077,34.7981,Пуск КАБ на Сумщину та реактивні БпЛА на північ Сумської області.,https://t.me/kpszsu/67570
2026-07-06T17:52:40+00:00,kpszsu,67571,область,Дніпропетровська,схід,БпЛА,48.4647,35.0462,🛵 Реактивний БпЛА зі сходу в напрямку Дніпра.,https://t.me/kpszsu/67571
2026-07-06T18:10:59+00:00,kpszsu,67572,область,Харківська,захід,БпЛА,49.9935,36.2304,"🛵 Реактивні БпЛА на заході Харківщини, курс на Полтавщину.",https://t.me/kpszsu/67572
2026-07-06T18:10:59+00:00,kpszsu,67572,область,Полтавська,,БпЛА,49.5883,34.5514,"🛵 Реактивні БпЛА на заході Харківщини, курс на Полтавщину.",https://t.me/kpszsu/67572
2026-07-06T18:24:18+00:00,kpszsu,67573,область,Харківська,північ,КАБ,49.9935,36.2304,Пуск КАБ на північ Харківщини.,https://t.me/kpszsu/67573
2026-07-06T18:27:17+00:00,kpszsu,67574,область,Донецька,,КАБ,48.0159,37.8029,Пуск КАБ на Донеччині.,https://t.me/kpszsu/67574
2026-07-06T18:35:20+00:00,kpszsu,67575,область,Чернігівська,північ,БпЛА,51.4982,31.2893,"🛵 Ворожі БпЛА : - на півночі Чернігівщини, в напрямку обласного центру; - на Запоріжжя з півдня; - на межі Полтавщини та Харківщини, на південно-західний напрямок; - на сході Харківщини, курс на захід; - на заході Донеччини, курс на захід.",https://t.me/kpszsu/67575
2026-07-06T18:35:20+00:00,kpszsu,67575,область,Запорізька,південь,БпЛА,47.8388,35.1396,"🛵 Ворожі БпЛА : - на півночі Чернігівщини, в напрямку обласного центру; - на Запоріжжя з півдня; - на межі Полтавщини та Харківщини, на південно-західний напрямок; - на сході Харківщини, курс на захід; - на заході Донеччини, курс на захід.",https://t.me/kpszsu/67575
2026-07-06T18:35:20+00:00,kpszsu,67575,область,Полтавська,південь,БпЛА,49.5883,34.5514,"🛵 Ворожі БпЛА : - на півночі Чернігівщини, в напрямку обласного центру; - на Запоріжжя з півдня; - на межі Полтавщини та Харківщини, на південно-західний напрямок; - на сході Харківщини, курс на захід; - на заході Донеччини, курс на захід.",https://t.me/kpszsu/67575
2026-07-06T18:35:20+00:00,kpszsu,67575,область,Харківська,,БпЛА,49.9935,36.2304,"🛵 Ворожі БпЛА : - на півночі Чернігівщини, в напрямку обласного центру; - на Запоріжжя з півдня; - на межі Полтавщини та Харківщини, на південно-західний напрямок; - на сході Харківщини, курс на захід; - на заході Донеччини, курс на захід.",https://t.me/kpszsu/67575
2026-07-06T18:35:20+00:00,kpszsu,67575,область,Харківська,схід,БпЛА,49.9935,36.2304,"🛵 Ворожі БпЛА : - на півночі Чернігівщини, в напрямку обласного центру; - на Запоріжжя з півдня; - на межі Полтавщини та Харківщини, на південно-західний напрямок; - на сході Харківщини, курс на захід; - на заході Донеччини, курс на захід.",https://t.me/kpszsu/67575
2026-07-06T18:35:20+00:00,kpszsu,67575,область,Донецька,захід,БпЛА,48.0159,37.8029,"🛵 Ворожі БпЛА : - на півночі Чернігівщини, в напрямку обласного центру; - на Запоріжжя з півдня; - на межі Полтавщини та Харківщини, на південно-західний напрямок; - на сході Харківщини, курс на захід; - на заході Донеччини, курс на захід.",https://t.me/kpszsu/67575
2026-07-06T18:43:42+00:00,kpszsu,67576,область,Херсонська,захід,БпЛА,46.6354,32.6169,"🛵 БпЛА на заході від Херсону, курс на північ.",https://t.me/kpszsu/67576
2026-07-06T18:47:53+00:00,kpszsu,67577,область,Запорізька,,КАБ,47.8388,35.1396,Пуск КАБ на Запорізьку область.,https://t.me/kpszsu/67577
2026-07-06T18:57:51+00:00,kpszsu,67578,область,Запорізька,,КАБ,47.8388,35.1396,Пуск КАБ на Запорізьку область.,https://t.me/kpszsu/67578
2026-07-06T19:35:47+00:00,kpszsu,67580,область,Донецька,,КАБ,48.0159,37.8029,Пуск КАБ на Донеччину.,https://t.me/kpszsu/67580
2026-07-06T19:40:46+00:00,kpszsu,67581,область,Миколаївська,південь,БпЛА,46.975,31.9946,"🛵 Реактивні БпЛА на півдні Миколаївщини, курс на північ. 🛵 БпЛА на сході Дніпропетровщини, курс на схід та на північ.",https://t.me/kpszsu/67581
2026-07-06T19:40:46+00:00,kpszsu,67581,область,Дніпропетровська,схід,БпЛА,48.4647,35.0462,"🛵 Реактивні БпЛА на півдні Миколаївщини, курс на північ. 🛵 БпЛА на сході Дніпропетровщини, курс на схід та на північ.",https://t.me/kpszsu/67581
2026-07-06T19:53:01+00:00,kpszsu,67583,область,Чернігівська,північ,БпЛА,51.4982,31.2893,"🛵 БпЛА на півночі Чернігівщини, курс на південь. 🛵 БпЛА на Запоріжжя зі сходу. 🛵 БпЛА на сході від Херсону, курс північний. 🛵 БпЛА з Миколаївщини на Одещину.",https://t.me/kpszsu/67583
2026-07-06T19:53:01+00:00,kpszsu,67583,область,Запорізька,південь,БпЛА,47.8388,35.1396,"🛵 БпЛА на півночі Чернігівщини, курс на південь. 🛵 БпЛА на Запоріжжя зі сходу. 🛵 БпЛА на сході від Херсону, курс північний. 🛵 БпЛА з Миколаївщини на Одещину.",https://t.me/kpszsu/67583
2026-07-06T19:53:01+00:00,kpszsu,67583,область,Херсонська,схід,БпЛА,46.6354,32.6169,"🛵 БпЛА на півночі Чернігівщини, курс на південь. 🛵 БпЛА на Запоріжжя зі сходу. 🛵 БпЛА на сході від Херсону, курс північний. 🛵 БпЛА з Миколаївщини на Одещину.",https://t.me/kpszsu/67583
2026-07-06T19:53:01+00:00,kpszsu,67583,область,Одеська,,БпЛА,46.4825,30.7233,"🛵 БпЛА на півночі Чернігівщини, курс на південь. 🛵 БпЛА на Запоріжжя зі сходу. 🛵 БпЛА на сході від Херсону, курс північний. 🛵 БпЛА з Миколаївщини на Одещину.",https://t.me/kpszsu/67583
2026-07-06T19:58:41+00:00,kpszsu,67584,область,Дніпропетровська,,,48.4647,35.0462,🚀 Швидкісна ціль з Харківщини на Дніпропетровщину.,https://t.me/kpszsu/67584
2026-07-06T20:00:06+00:00,kpszsu,67585,область,Сумська,,,50.9077,34.7981,🚀 Швидкісна ціль на Сумщину.,https://t.me/kpszsu/67585
2026-07-06T20:01:05+00:00,kpszsu,67586,область,Харківська,північ,,49.9935,36.2304,🚀 Швидкісна ціль на Харківщину з півночі.,https://t.me/kpszsu/67586
2026-07-06T20:07:27+00:00,kpszsu,67588,область,Миколаївська,південь,БпЛА,46.975,31.9946,"🛵 БпЛА на півдні Миколаївщини, курс на північ. 🛵 БпЛА на сході Дніпропетровщини, курс на захід.",https://t.me/kpszsu/67588
2026-07-06T20:07:27+00:00,kpszsu,67588,область,Дніпропетровська,схід,БпЛА,48.4647,35.0462,"🛵 БпЛА на півдні Миколаївщини, курс на північ. 🛵 БпЛА на сході Дніпропетровщини, курс на захід.",https://t.me/kpszsu/67588
2026-07-06T20:15:24+00:00,kpszsu,67589,область,Дніпропетровська,схід,БпЛА,48.4647,35.0462,🛵 БпЛА зі сходу в напрямку Миколаєва та Дніпра.,https://t.me/kpszsu/67589
2026-07-06T20:16:47+00:00,kpszsu,67591,область,Сумська,північ,БпЛА,50.9077,34.7981,🛵 БпЛА на Суми з півночі.,https://t.me/kpszsu/67591
2026-07-06T20:21:52+00:00,kpszsu,67592,область,Дніпропетровська,південно-схід,КАБ,48.4647,35.0462,Пуск КАБ на південно-східний напрямок Дніпропетровщини.,https://t.me/kpszsu/67592
2026-07-06T20:31:19+00:00,kpszsu,67593,область,Дніпропетровська,,БпЛА,48.4647,35.0462,"🛵 БпЛА на Дніпропетровщині,  в напрямку Дніпра та Камянського. 🛵 БпЛА в напрямку Сум та Харкова з півночі. 🛵 БпЛА на Запоріжжя з півдня.",https://t.me/kpszsu/67593
2026-07-06T20:31:19+00:00,kpszsu,67593,область,Сумська,,БпЛА,50.9077,34.7981,"🛵 БпЛА на Дніпропетровщині,  в напрямку Дніпра та Камянського. 🛵 БпЛА в напрямку Сум та Харкова з півночі. 🛵 БпЛА на Запоріжжя з півдня.",https://t.me/kpszsu/67593
2026-07-06T20:31:19+00:00,kpszsu,67593,область,Запорізька,північ,БпЛА,47.8388,35.1396,"🛵 БпЛА на Дніпропетровщині,  в напрямку Дніпра та Камянського. 🛵 БпЛА в напрямку Сум та Харкова з півночі. 🛵 БпЛА на Запоріжжя з півдня.",https://t.me/kpszsu/67593
2026-07-06T20:56:45+00:00,kpszsu,67594,область,Запорізька,південь,БпЛА,47.8388,35.1396,🛵 Реактивний БпЛА на Запоріжжя з півдня.,https://t.me/kpszsu/67594
2026-07-06T20:57:31+00:00,kpszsu,67595,область,Сумська,північ,БпЛА,50.9077,34.7981,🛵 БпЛА в напрямку Сум з півночі.,https://t.me/kpszsu/67595
2026-07-06T21:35:27+00:00,kpszsu,67596,область,Сумська,північ,БпЛА,50.9077,34.7981,"🛵 БпЛА на Суми з півночі. 🛵 БпЛА на  Херсон з півдня. 🛵 БпЛА на півдні від Запоріжжя, курс на місто.",https://t.me/kpszsu/67596
2026-07-06T21:35:27+00:00,kpszsu,67596,область,Херсонська,північ,БпЛА,46.6354,32.6169,"🛵 БпЛА на Суми з півночі. 🛵 БпЛА на  Херсон з півдня. 🛵 БпЛА на півдні від Запоріжжя, курс на місто.",https://t.me/kpszsu/67596
2026-07-06T21:35:27+00:00,kpszsu,67596,область,Запорізька,південь,БпЛА,47.8388,35.1396,"🛵 БпЛА на Суми з півночі. 🛵 БпЛА на  Херсон з півдня. 🛵 БпЛА на півдні від Запоріжжя, курс на місто.",https://t.me/kpszsu/67596
2026-07-06T21:56:27+00:00,kpszsu,67597,область,Сумська,північ,БпЛА,50.9077,34.7981,"🛵 Реактивні БпЛА на північ Сумщини. 🛵 Реактивні БпЛА на південь Миколаївщини, далі в напрямку Одеської області. 🚀 Швидкісна ціль на північ Харківщини.",https://t.me/kpszsu/67597
2026-07-06T21:56:27+00:00,kpszsu,67597,область,Миколаївська,південь,БпЛА,46.975,31.9946,"🛵 Реактивні БпЛА на північ Сумщини. 🛵 Реактивні БпЛА на південь Миколаївщини, далі в напрямку Одеської області. 🚀 Швидкісна ціль на північ Харківщини.",https://t.me/kpszsu/67597
2026-07-06T21:56:27+00:00,kpszsu,67597,область,Одеська,,БпЛА,46.4825,30.7233,"🛵 Реактивні БпЛА на північ Сумщини. 🛵 Реактивні БпЛА на південь Миколаївщини, далі в напрямку Одеської області. 🚀 Швидкісна ціль на північ Харківщини.",https://t.me/kpszsu/67597
2026-07-06T21:56:27+00:00,kpszsu,67597,область,Харківська,північ,БпЛА,49.9935,36.2304,"🛵 Реактивні БпЛА на північ Сумщини. 🛵 Реактивні БпЛА на південь Миколаївщини, далі в напрямку Одеської області. 🚀 Швидкісна ціль на північ Харківщини.",https://t.me/kpszsu/67597
2026-07-06T22:15:16+00:00,kpszsu,67598,область,Сумська,,БпЛА,50.9077,34.7981,"🛵 Реактивні БпЛА на Сумщині в районі н.п.Недригайлів в напрямку Полтавщини. 🛵 БпЛА на півночі Чернігівщини, курс на південь. 🛵 Група БпЛА з Чорного моря в напрямку Одещини.",https://t.me/kpszsu/67598
2026-07-06T22:15:16+00:00,kpszsu,67598,область,Полтавська,,БпЛА,49.5883,34.5514,"🛵 Реактивні БпЛА на Сумщині в районі н.п.Недригайлів в напрямку Полтавщини. 🛵 БпЛА на півночі Чернігівщини, курс на південь. 🛵 Група БпЛА з Чорного моря в напрямку Одещини.",https://t.me/kpszsu/67598
2026-07-06T22:15:16+00:00,kpszsu,67598,область,Чернігівська,північ,БпЛА,51.4982,31.2893,"🛵 Реактивні БпЛА на Сумщині в районі н.п.Недригайлів в напрямку Полтавщини. 🛵 БпЛА на півночі Чернігівщини, курс на південь. 🛵 Група БпЛА з Чорного моря в напрямку Одещини.",https://t.me/kpszsu/67598
2026-07-06T22:15:16+00:00,kpszsu,67598,область,Одеська,,БпЛА,46.4825,30.7233,"🛵 Реактивні БпЛА на Сумщині в районі н.п.Недригайлів в напрямку Полтавщини. 🛵 БпЛА на півночі Чернігівщини, курс на південь. 🛵 Група БпЛА з Чорного моря в напрямку Одещини.",https://t.me/kpszsu/67598
2026-07-06T22:23:51+00:00,kpszsu,67599,область,Запорізька,південь,БпЛА,47.8388,35.1396,"🛵 БпЛА в напрямку Запоріжжя з півдня. 🛵 БпЛА на півночі та на сході від Харкова, курс на південь.",https://t.me/kpszsu/67599
2026-07-06T22:27:50+00:00,kpszsu,67600,область,Одеська,,БпЛА,46.4825,30.7233,🛵 Група БпЛА в акваторії Чорного моря в напрямку Одеси. 🛵 БпЛА в напрямку Білгород-Дністровська на Одещині.,https://t.me/kpszsu/67600
2026-07-06T22:39:29+00:00,kpszsu,67601,область,Сумська,північ,БпЛА,50.9077,34.7981,"🛵 Нові реактивні БпЛА на півночі Сумщини, курс на південь.",https://t.me/kpszsu/67601
2026-07-06T22:40:19+00:00,kpszsu,67602,область,Харківська,захід,БпЛА,49.9935,36.2304,🛵 БпЛА на Харків із заходу.,https://t.me/kpszsu/67602
2026-07-06T22:44:00+00:00,kpszsu,67603,область,Запорізька,південь,БпЛА,47.8388,35.1396,🛵 БпЛА на Запоріжжя з півдня.,https://t.me/kpszsu/67603
2026-07-06T22:55:20+00:00,kpszsu,67604,область,Запорізька,,БпЛА,47.8388,35.1396,"🛵 БпЛА на півдні від Харкова на н.п.Донець. 🛵 Реактивний БпЛА в центрі Запоріжжя, курс на захід. 🛵 Реактивний БпЛА з півдня Сумщини на Полтавщину.",https://t.me/kpszsu/67604
2026-07-06T22:55:20+00:00,kpszsu,67604,область,Сумська,південь,БпЛА,50.9077,34.7981,"🛵 БпЛА на півдні від Харкова на н.п.Донець. 🛵 Реактивний БпЛА в центрі Запоріжжя, курс на захід. 🛵 Реактивний БпЛА з півдня Сумщини на Полтавщину.",https://t.me/kpszsu/67604
2026-07-06T22:55:20+00:00,kpszsu,67604,область,Полтавська,,БпЛА,49.5883,34.5514,"🛵 БпЛА на півдні від Харкова на н.п.Донець. 🛵 Реактивний БпЛА в центрі Запоріжжя, курс на захід. 🛵 Реактивний БпЛА з півдня Сумщини на Полтавщину.",https://t.me/kpszsu/67604
2026-07-06T22:57:48+00:00,kpszsu,67605,область,Одеська,,БпЛА,46.4825,30.7233,🛵 Нова група БпЛА з Чорного моря в напрямку Одещини. 🛸 Розвідувальний безпілотник в районі Затоки.,https://t.me/kpszsu/67605
2026-07-06T22:58:29+00:00,kpszsu,67606,область,Сумська,північ,БпЛА,50.9077,34.7981,🛵 БпЛА на Суми з півночі.,https://t.me/kpszsu/67606
2026-07-06T23:24:29+00:00,kpszsu,67607,область,Одеська,,БпЛА,46.4825,30.7233,🛵 Нові групи БпЛА в Чорному морі в напрямку Одеси та н.п.Вилкове.,https://t.me/kpszsu/67607
2026-07-06T23:41:49+00:00,kpszsu,67609,область,Сумська,північ,БпЛА,50.9077,34.7981,🛵 БпЛА на Суми з півночі.,https://t.me/kpszsu/67609
2026-07-07T00:25:47+00:00,kpszsu,67611,область,Сумська,північ,КАБ,50.9077,34.7981,КАБи на півночі Сумщини.,https://t.me/kpszsu/67611
2026-07-07T00:40:06+00:00,kpszsu,67612,область,Сумська,північ,БпЛА,50.9077,34.7981,🛵 БпЛА на Суми з півночі.,https://t.me/kpszsu/67612
2026-07-07T00:40:59+00:00,kpszsu,67613,область,Донецька,,КАБ,48.0159,37.8029,КАБи на Донеччині,https://t.me/kpszsu/67613
2026-07-07T00:49:30+00:00,kpszsu,67614,область,Харківська,північ,КАБ,49.9935,36.2304,КАБи на півночі Харківщини,https://t.me/kpszsu/67614
2026-07-07T01:40:07+00:00,kpszsu,67615,область,Запорізька,,КАБ,47.8388,35.1396,КАБи на Запоріжжі,https://t.me/kpszsu/67615
2026-07-07T01:42:09+00:00,kpszsu,67616,область,Дніпропетровська,,БпЛА,48.4647,35.0462,"🛵 Реактивний БпЛА на Дніпропетровщині, курс північно-західний ( повз н.п.Томаківка)",https://t.me/kpszsu/67616
2026-07-07T01:49:14+00:00,kpszsu,67617,область,Дніпропетровська,схід,БпЛА,48.4647,35.0462,🛵 Реактивний БпЛА курсом на м.Кривий Ріг зі сходу,https://t.me/kpszsu/67617
2026-07-07T02:02:36+00:00,kpszsu,67618,область,Дніпропетровська,,КАБ,48.4647,35.0462,КАБи на Дніпропетровщині,https://t.me/kpszsu/67618
2026-07-07T02:45:04+00:00,kpszsu,67619,область,Дніпропетровська,схід,БпЛА,48.4647,35.0462,🛵 Реактивний БпЛА курсом на м.Кривий Ріг зі сходу,https://t.me/kpszsu/67619
2026-07-07T02:57:21+00:00,kpszsu,67620,область,Кіровоградська,,БпЛА,48.5079,32.2623,"🛵 Реактивний БпЛА на Кіровоградщині, курс північно-західний (повз н.п.Петрове)",https://t.me/kpszsu/67620
2026-07-07T03:44:02+00:00,kpszsu,67621,область,Запорізька,південь,БпЛА,47.8388,35.1396,🛵 БпЛА в напрямку м.Запоріжжя з півдня.,https://t.me/kpszsu/67621
2026-07-07T03:58:41+00:00,kpszsu,67622,область,Сумська,,БпЛА,50.9077,34.7981,"🛵 БпЛА на Сумщині, курс південний (Полтавщина)",https://t.me/kpszsu/67622
2026-07-07T03:58:41+00:00,kpszsu,67622,область,Полтавська,південь,БпЛА,49.5883,34.5514,"🛵 БпЛА на Сумщині, курс південний (Полтавщина)",https://t.me/kpszsu/67622
2026-07-07T04:16:42+00:00,kpszsu,67623,область,Запорізька,північ,БпЛА,47.8388,35.1396,"🛵 Реактивний БпЛА на півночі Запоріжжя, курс східний.",https://t.me/kpszsu/67623
2026-07-07T04:20:10+00:00,kpszsu,67624,область,Дніпропетровська,,БпЛА,48.4647,35.0462,🛵 Реактивний БпЛА з Запоріжжя в напрямку м.Дніпро,https://t.me/kpszsu/67624
2026-07-07T04:21:11+00:00,kpszsu,67625,область,Харківська,північ,БпЛА,49.9935,36.2304,🛵 БпЛА курсом на м.Харків з півночі.,https://t.me/kpszsu/67625
2026-07-07T04:45:58+00:00,kpszsu,67626,область,Одеська,,БпЛА,46.4825,30.7233,🛵 Реактивний БпЛА з акваторії Чорного моря курсом Одещину (Чорноморськ),https://t.me/kpszsu/67626
2026-07-07T04:51:49+00:00,kpszsu,67627,область,Полтавська,північно-схід,БпЛА,49.5883,34.5514,🛵 Реактивний БпЛА курсом на м.Полтава з північого сходу,https://t.me/kpszsu/67627
2026-07-07T04:58:37+00:00,kpszsu,67628,область,Запорізька,,КАБ,47.8388,35.1396,КАБи на Запоріжжі,https://t.me/kpszsu/67628
2026-07-07T05:07:02+00:00,kpszsu,67629,область,Сумська,,БпЛА,50.9077,34.7981,"🛵 Реактивний БпЛА на Сумщині, курс південний ( повз н.п.Терни)",https://t.me/kpszsu/67629
2026-07-07T05:08:52+00:00,kpszsu,67630,область,Дніпропетровська,схід,БпЛА,48.4647,35.0462,"🛵 Реактивний БпЛА  на сході Дніпропетровщини, курс південно-західний повз н.п.Петропавлівка",https://t.me/kpszsu/67630
2026-07-07T05:27:21+00:00,kpszsu,67631,область,Дніпропетровська,,ракета,48.4647,35.0462,🚀 Ракета на Дніпро,https://t.me/kpszsu/67631
2026-07-07T05:27:54+00:00,kpszsu,67632,область,Дніпропетровська,,ракета,48.4647,35.0462,🚀 Ракета на Дніпро,https://t.me/kpszsu/67632
2026-07-07T05:40:44+00:00,kpszsu,67633,область,Донецька,,БпЛА|збиття|ракета,48.0159,37.8029,"⚡️ ЗБИТО/ПОДАВЛЕНО 108 ЦІЛЕЙ ➖ ➖ ➖ ➖ ➖ ➖ ➖ ➖ ➖ ➖ У ніч на 7 липня (з 18:00 6 липня) противник атакував 123 ударними БпЛА типу Shahed (в т.ч. реактивними), Гербера, Італмас, та дронами-імітаторами типу «Пародія» із напрямків: Курськ, Орел, Брянськ, Приморсько-Ахтарськ, Шаталово, Міллерово – рф, Донецьк – ТОТ,  Чауда – ТОТ АР Крим. Повітряний напад відбивали авіація, зенітні ракетні війська, підрозділи РЕБ та безпілотних систем, мобільні вогневі групи Сил оборони України. 💥 За попередніми даними, станом на 08:30, протиповітряною обороною збито/подавлено 108 ворожих БпЛА типу Shahed, Гербера, Італмас та дронів інших типів на півночі, півдні, центрі та сході країни. Зафіксовано влучання 12 ударних БпЛА на 10 локаціях, а також падіння збитих (уламки) на 5 локаціях. Атака триває, в повітряному просторі декілька ворожих БпЛА. Дотримуйтесь правил безпеки! ✊ Тримаймо небо! 🇺🇦 Разом – до перемоги!",https://t.me/kpszsu/67633
2026-07-07T05:47:37+00:00,kpszsu,67634,область,Сумська,північ,БпЛА,50.9077,34.7981,🛵 Реактивні БпЛА на Терни на Сумщині із півночі,https://t.me/kpszsu/67634
2026-07-07T05:55:54+00:00,kpszsu,67635,область,Сумська,північно-схід,БпЛА,50.9077,34.7981,🛵 Реактивний БпЛА на Суми з  північного сходу,https://t.me/kpszsu/67635
2026-07-07T05:56:39+00:00,kpszsu,67636,область,Сумська,північ,БпЛА,50.9077,34.7981,🛵 Реактивні БпЛА на Терни на Сумщині із півночі,https://t.me/kpszsu/67636
2026-07-07T06:25:07+00:00,kpszsu,67637,область,Дніпропетровська,схід,КАБ,48.4647,35.0462,КАБ курсом на схід Дніпропетровщини з Донеччини.,https://t.me/kpszsu/67637
2026-07-07T06:25:26+00:00,kpszsu,67638,область,Одеська,,БпЛА,46.4825,30.7233,🛵 Група БпЛА в акваторії Чорного моря - курсом на Одещину (Білгород-Дністровський р-н.),https://t.me/kpszsu/67638
2026-07-07T06:39:47+00:00,kpszsu,67639,область,Сумська,,БпЛА,50.9077,34.7981,🛵 Суми - реактивний БпЛА в напрямку міста.,https://t.me/kpszsu/67639
2026-07-07T06:43:33+00:00,kpszsu,67640,область,Харківська,,КАБ,49.9935,36.2304,КАБи на межі Харківщини та Сумщини.,https://t.me/kpszsu/67640
2026-07-07T06:43:33+00:00,kpszsu,67640,область,Сумська,,КАБ,50.9077,34.7981,КАБи на межі Харківщини та Сумщини.,https://t.me/kpszsu/67640
2026-07-07T06:44:20+00:00,kpszsu,67641,область,Сумська,,БпЛА,50.9077,34.7981,"🛵 Сумщина - реактивний БпЛА повз Терни, курсом на Ромни.",https://t.me/kpszsu/67641
2026-07-07T06:57:20+00:00,kpszsu,67642,область,Полтавська,,БпЛА,49.5883,34.5514,🛵 Полтавщина - реактивний БпЛА курсом на Великі Сорочинці з півночі.,https://t.me/kpszsu/67642
2026-07-07T06:58:52+00:00,kpszsu,67643,область,Харківська,північ,КАБ,49.9935,36.2304,КАБи на північ Харківщини.,https://t.me/kpszsu/67643
2026-07-07T07:13:08+00:00,kpszsu,67644,область,Одеська,,БпЛА,46.4825,30.7233,🛵 Реактивні БпЛА  на Одещину з акваторії Чорного моря. Безпілотник на н.п.Кілія зі сходу.,https://t.me/kpszsu/67644
2026-07-07T07:17:01+00:00,kpszsu,67645,область,Донецька,,КАБ,48.0159,37.8029,Пуск КАБ на Донеччину.,https://t.me/kpszsu/67645
2026-07-07T08:18:01+00:00,kpszsu,67646,область,Запорізька,,БпЛА,47.8388,35.1396,🛸 Запоріжжя - БпЛА в напрямку міста.,https://t.me/kpszsu/67646
2026-07-07T08:21:07+00:00,kpszsu,67647,область,Сумська,,БпЛА,50.9077,34.7981,🛵 Сумщина - реактивний БпЛА на Конотоп/Батурин.,https://t.me/kpszsu/67647
2026-07-07T08:31:21+00:00,kpszsu,67648,область,Сумська,,БпЛА,50.9077,34.7981,🛵 Реактивні БпЛА на Сумщині - курсом на Чернігівщину.,https://t.me/kpszsu/67648
2026-07-07T08:31:21+00:00,kpszsu,67648,область,Чернігівська,,БпЛА,51.4982,31.2893,🛵 Реактивні БпЛА на Сумщині - курсом на Чернігівщину.,https://t.me/kpszsu/67648
2026-07-07T11:17:13+00:00,kpszsu,67649,область,Донецька,,БпЛА,48.0159,37.8029,🛵 БпЛА на Донеччині - курсом на Дніпропетровщину. 🛵 БпЛА на Дніпропетровщині - курсом на Синельникове. 🛵 Запоріжжя - БпЛА в напрямку міста.,https://t.me/kpszsu/67649
2026-07-07T11:17:13+00:00,kpszsu,67649,область,Дніпропетровська,,БпЛА,48.4647,35.0462,🛵 БпЛА на Донеччині - курсом на Дніпропетровщину. 🛵 БпЛА на Дніпропетровщині - курсом на Синельникове. 🛵 Запоріжжя - БпЛА в напрямку міста.,https://t.me/kpszsu/67649
2026-07-07T11:17:13+00:00,kpszsu,67649,область,Запорізька,,БпЛА,47.8388,35.1396,🛵 БпЛА на Донеччині - курсом на Дніпропетровщину. 🛵 БпЛА на Дніпропетровщині - курсом на Синельникове. 🛵 Запоріжжя - БпЛА в напрямку міста.,https://t.me/kpszsu/67649
2026-07-07T11:26:05+00:00,kpszsu,67650,область,Харківська,північ,КАБ,49.9935,36.2304,КАБи на північ Харківщини.,https://t.me/kpszsu/67650
2026-07-07T11:32:56+00:00,kpszsu,67651,область,Харківська,,,49.9935,36.2304,🚀 Харків в укриття!,https://t.me/kpszsu/67651
2026-07-07T12:27:28+00:00,kpszsu,67653,область,Сумська,,БпЛА,50.9077,34.7981,🛵 Сумщина - реактивні БпЛА курсом на Конотоп/Батурин.,https://t.me/kpszsu/67653
2026-07-07T12:27:59+00:00,kpszsu,67654,область,Харківська,,КАБ,49.9935,36.2304,КАБи на Харківщину.,https://t.me/kpszsu/67654
2026-07-07T12:38:45+00:00,kpszsu,67655,область,Донецька,,КАБ,48.0159,37.8029,КАБи на Донеччину.,https://t.me/kpszsu/67655
2026-07-07T12:40:30+00:00,kpszsu,67656,область,Сумська,,БпЛА,50.9077,34.7981,🛵 БпЛА на Сумщині - курсом на Полтавщину.,https://t.me/kpszsu/67656
2026-07-07T12:40:30+00:00,kpszsu,67656,область,Полтавська,,БпЛА,49.5883,34.5514,🛵 БпЛА на Сумщині - курсом на Полтавщину.,https://t.me/kpszsu/67656
2026-07-07T13:18:36+00:00,kpszsu,67657,область,Запорізька,,КАБ,47.8388,35.1396,КАБи на Запоріжжі.,https://t.me/kpszsu/67657
2026-07-07T16:00:09+00:00,kpszsu,67658,область,Запорізька,південь,БпЛА,47.8388,35.1396,🛵 БпЛА в напрямку м.Запоріжжя з півдня.,https://t.me/kpszsu/67658
2026-07-07T16:02:19+00:00,kpszsu,67659,область,Дніпропетровська,північно-захід,БпЛА,48.4647,35.0462,"🛵 БпЛА на північному заході від Нікополя (Дніпропетровщина), курс - північний/північно-східний. 🛵 БпЛА на сході від Очакова (Миколаївщина), курс - північний.",https://t.me/kpszsu/67659
2026-07-07T16:02:19+00:00,kpszsu,67659,область,Дніпропетровська,,БпЛА,48.4647,35.0462,"🛵 БпЛА на північному заході від Нікополя (Дніпропетровщина), курс - північний/північно-східний. 🛵 БпЛА на сході від Очакова (Миколаївщина), курс - північний.",https://t.me/kpszsu/67659
2026-07-07T16:02:19+00:00,kpszsu,67659,область,Миколаївська,схід,БпЛА,46.975,31.9946,"🛵 БпЛА на північному заході від Нікополя (Дніпропетровщина), курс - північний/північно-східний. 🛵 БпЛА на сході від Очакова (Миколаївщина), курс - північний.",https://t.me/kpszsu/67659
2026-07-07T16:14:50+00:00,kpszsu,67661,область,Одеська,,,46.4825,30.7233,🚀 Швидкісна ціль на Одесу!,https://t.me/kpszsu/67661
2026-07-07T17:57:16+00:00,kpszsu,67666,область,Дніпропетровська,,БпЛА,48.4647,35.0462,🛵 Кривий Ріг - БпЛА в напрямку міста.,https://t.me/kpszsu/67666
2026-07-07T17:59:34+00:00,kpszsu,67667,область,Запорізька,,БпЛА,47.8388,35.1396,🛵 Запоріжжя - БпЛА на околицях міста.,https://t.me/kpszsu/67667
2026-07-07T18:12:43+00:00,kpszsu,67668,область,Харківська,північ,КАБ,49.9935,36.2304,КАБи на північ Харківщини.,https://t.me/kpszsu/67668
2026-07-07T18:19:13+00:00,kpszsu,67669,область,Донецька,,КАБ,48.0159,37.8029,КАБи на Донеччину.,https://t.me/kpszsu/67669
2026-07-07T19:02:10+00:00,kpszsu,67670,область,Херсонська,,КАБ,46.6354,32.6169,КАБи ➡️ на Херсонщину.,https://t.me/kpszsu/67670
2026-07-07T19:42:11+00:00,kpszsu,67671,область,Запорізька,,КАБ,47.8388,35.1396,КАБи на Запоріжжі.,https://t.me/kpszsu/67671
2026-07-07T20:23:00+00:00,kpszsu,67672,область,Дніпропетровська,,КАБ,48.4647,35.0462,КАБи на Дніпропетровщину.,https://t.me/kpszsu/67672
2026-07-07T21:02:37+00:00,kpszsu,67673,область,Одеська,,,46.4825,30.7233,Швидкісна на Одещину!,https://t.me/kpszsu/67673
2026-07-07T21:02:55+00:00,kpszsu,67674,область,Одеська,,,46.4825,30.7233,Швидкісна на Одещину!,https://t.me/kpszsu/67674
2026-07-07T21:08:17+00:00,kpszsu,67676,область,Запорізька,,КАБ,47.8388,35.1396,КАБи на Запоріжжі.,https://t.me/kpszsu/67676
2026-07-07T21:10:13+00:00,kpszsu,67677,область,Одеська,,БпЛА,46.4825,30.7233,🛵 Група БпЛА в акваторії Чорного моря - курсом на Одещину (Білгород-Дністровський р-н.),https://t.me/kpszsu/67677
2026-07-07T21:28:18+00:00,kpszsu,67678,область,Одеська,,БпЛА,46.4825,30.7233,"🛵 Група БпЛА  на Одещині, р-н Татарбунари - в напрямку Болграда",https://t.me/kpszsu/67678
2026-07-07T21:51:42+00:00,kpszsu,67681,область,Київська,,ракета,50.4501,30.5234,Ракета на Київ!,https://t.me/kpszsu/67681
2026-07-07T21:53:05+00:00,kpszsu,67682,область,Київська,,ракета,50.4501,30.5234,Ще Балістика на Київ!,https://t.me/kpszsu/67682
2026-07-07T22:30:51+00:00,kpszsu,67684,область,Київська,,БпЛА,50.4501,30.5234,🛵 Реактивний БпЛА у районі Десна на Київщині!,https://t.me/kpszsu/67684
2026-07-07T22:42:15+00:00,kpszsu,67685,область,Харківська,,,49.9935,36.2304,🚀 Швидкісна на Харківщині!,https://t.me/kpszsu/67685
2026-07-07T23:44:35+00:00,kpszsu,67687,область,Чернігівська,північ,БпЛА,51.4982,31.2893,🛵 Реактивні БпЛА на півночі Чернігівщини ➡️ вздовж кордону на захід,https://t.me/kpszsu/67687
2026-07-07T23:47:22+00:00,kpszsu,67688,область,Дніпропетровська,,БпЛА,48.4647,35.0462,🛵 БпЛА курсом на Павлоград,https://t.me/kpszsu/67688
2026-07-08T00:26:58+00:00,kpszsu,67689,область,Харківська,,КАБ,49.9935,36.2304,Пуски КАБ на Харківщину та Донеччину,https://t.me/kpszsu/67689
2026-07-08T00:26:58+00:00,kpszsu,67689,область,Донецька,,КАБ,48.0159,37.8029,Пуски КАБ на Харківщину та Донеччину,https://t.me/kpszsu/67689
2026-07-08T01:04:54+00:00,kpszsu,67690,область,Одеська,,БпЛА,46.4825,30.7233,🛵 Одещина - БпЛА на Вилкове.,https://t.me/kpszsu/67690
2026-07-08T01:06:46+00:00,kpszsu,67691,область,Чернігівська,,БпЛА,51.4982,31.2893,"🛵 Група реактивних БпЛА на Чернігівщині, курсом  на Київщину.",https://t.me/kpszsu/67691
2026-07-08T01:06:46+00:00,kpszsu,67691,область,Київська,,БпЛА,50.4501,30.5234,"🛵 Група реактивних БпЛА на Чернігівщині, курсом  на Київщину.",https://t.me/kpszsu/67691
2026-07-08T01:13:26+00:00,kpszsu,67692,область,Запорізька,,КАБ,47.8388,35.1396,Пуски КАБ на Запоріжжі.,https://t.me/kpszsu/67692
2026-07-08T01:21:15+00:00,kpszsu,67693,область,Херсонська,,БпЛА,46.6354,32.6169,"🛵 Група БпЛА на Херсонщині, курсом  на Миколаївщину",https://t.me/kpszsu/67693
2026-07-08T01:21:15+00:00,kpszsu,67693,область,Миколаївська,,БпЛА,46.975,31.9946,"🛵 Група БпЛА на Херсонщині, курсом  на Миколаївщину",https://t.me/kpszsu/67693
2026-07-08T01:32:38+00:00,kpszsu,67694,область,Одеська,,БпЛА,46.4825,30.7233,🛵 БпЛА  на Одещині - курсом на Татарбунари.,https://t.me/kpszsu/67694
2026-07-08T01:35:23+00:00,kpszsu,67695,область,Донецька,,КАБ,48.0159,37.8029,"Пуски КАБ на Донеччині, курсом на Дніпропетровщину.",https://t.me/kpszsu/67695
2026-07-08T01:35:23+00:00,kpszsu,67695,область,Дніпропетровська,,КАБ,48.4647,35.0462,"Пуски КАБ на Донеччині, курсом на Дніпропетровщину.",https://t.me/kpszsu/67695
2026-07-08T01:40:39+00:00,kpszsu,67696,область,Запорізька,,КАБ,47.8388,35.1396,КАБи на Запоріжжя.,https://t.me/kpszsu/67696
2026-07-08T01:46:28+00:00,kpszsu,67697,область,Київська,,БпЛА,50.4501,30.5234,🛵 Київ - реактивний БпЛА  в напрямку міста.,https://t.me/kpszsu/67697
2026-07-08T02:01:32+00:00,kpszsu,67698,область,Запорізька,,КАБ,47.8388,35.1396,КАБи на Запоріжжя.,https://t.me/kpszsu/67698
2026-07-08T02:11:46+00:00,kpszsu,67699,область,Чернігівська,,БпЛА,51.4982,31.2893,"🛵 Група реактивних БпЛА на Чернігівщині, курсом  на Київщину.",https://t.me/kpszsu/67699
2026-07-08T02:11:46+00:00,kpszsu,67699,область,Київська,,БпЛА,50.4501,30.5234,"🛵 Група реактивних БпЛА на Чернігівщині, курсом  на Київщину.",https://t.me/kpszsu/67699
2026-07-08T02:30:30+00:00,kpszsu,67700,область,Київська,,БпЛА,50.4501,30.5234,🛵 Київ - реактивний БпЛА  в напрямку міста.,https://t.me/kpszsu/67700
2026-07-08T02:46:22+00:00,kpszsu,67701,область,Київська,,БпЛА,50.4501,30.5234,🛵 Київ - реактивний БпЛА  в напрямку міста.,https://t.me/kpszsu/67701
2026-07-08T02:56:53+00:00,kpszsu,67703,область,Запорізька,північно-захід,,47.8388,35.1396,Швидкісна ціль на Запоріжжі - в північно-західному напрямку.,https://t.me/kpszsu/67703
2026-07-08T03:04:38+00:00,kpszsu,67704,область,Київська,,БпЛА,50.4501,30.5234,🛵 Київ - реактивний БпЛА  в напрямку міста.,https://t.me/kpszsu/67704
2026-07-08T03:06:51+00:00,kpszsu,67705,область,Запорізька,,КАБ,47.8388,35.1396,КАБи на Запоріжжі.,https://t.me/kpszsu/67705
2026-07-08T04:17:39+00:00,kpszsu,67707,область,Запорізька,,БпЛА,47.8388,35.1396,🛵 Запоріжжя - БпЛА в напрямку міста. 🛵 Житомирщина- БпЛА курсом на захід.,https://t.me/kpszsu/67707
2026-07-08T04:17:39+00:00,kpszsu,67707,область,Житомирська,захід,БпЛА,50.2547,28.6587,🛵 Запоріжжя - БпЛА в напрямку міста. 🛵 Житомирщина- БпЛА курсом на захід.,https://t.me/kpszsu/67707
2026-07-08T04:54:35+00:00,kpszsu,67708,область,Одеська,,БпЛА,46.4825,30.7233,🛵 БпЛА в акваторії Чорного моря - курсом на Одещину (Одеський р-н).,https://t.me/kpszsu/67708
2026-07-08T05:02:10+00:00,kpszsu,67709,область,Донецька,,БпЛА|збиття|ракета,48.0159,37.8029,"⚡️ ЗБИТО/ПОДАВЛЕНО 139 ЦІЛЕЙ ПРОТИВНИКА ➖ ➖ ➖ ➖ ➖ ➖ ➖ ➖ ➖ ➖ У ніч на 08 липня (з 18:00 07 липня) противник атакував двома протирадіолокаційними ракетами Х-31П із акваторії Чорного моря, п’ятьма балістичними ракетами Іскандер-М/С-400 (райони пуску – ТОТ АР Крим, Брянська обл., - рф)., 169 ударними БпЛА типу Shahed (в т.ч. реактивними), Гербера, Італмас та дронами-імітаторами типу “Пародія” із напрямків: Брянськ, Орел, Приморсько-Ахтарськ, Мілерово – рф., Донецьк -ТОТ, Гвардійське, Чауда -ТОТ АР Крим. Повітряний напад відбивали авіація, зенітні ракетні війська, підрозділи РЕБ та безпілотних систем, мобільні вогневі групи Сил оборони України. 💥 За попередніми даними, станом на 08:00, протиповітряною обороною збито/подавлено 139 ворожих БпЛА типу Shahed, Гербера, Італмас та дронів інших типів на півночі, півдні та сході країни, Зафіксовано влучання 5 балістичних ракет Іскандер-М/С-400 на 4 локаціях та 20 ударних БпЛА на 11 локаціях, а також падіння збитих (уламки) на 7, крім того дві протирадіолокаційні ракети Х-31П не досягли цілі. Атака триває, в повітряному просторі декілька ворожих БпЛА. Дотримуйтесь правил безпеки! ✊ Тримаймо небо! 🇺🇦 Разом – до перемоги",https://t.me/kpszsu/67709
2026-07-08T05:48:52+00:00,kpszsu,67710,область,Сумська,,КАБ,50.9077,34.7981,КАБи на Сумщину.,https://t.me/kpszsu/67710
2026-07-08T06:11:38+00:00,kpszsu,67711,область,Дніпропетровська,північ,БпЛА,48.4647,35.0462,🛵 Реактивний БпЛА курсом на м.Дніпро з півночі.,https://t.me/kpszsu/67711
2026-07-08T06:22:41+00:00,kpszsu,67712,область,Чернігівська,захід,БпЛА,51.4982,31.2893,"🛵 БпЛА на заході Чернігівщини, курс південний.",https://t.me/kpszsu/67712
2026-07-08T06:27:46+00:00,kpszsu,67713,область,Харківська,,БпЛА,49.9935,36.2304,🛵 Реактивний БпЛА на Харківщині в напрямку н.п.Лозова,https://t.me/kpszsu/67713
2026-07-08T06:32:09+00:00,kpszsu,67714,область,Сумська,північ,БпЛА,50.9077,34.7981,🛵 БпЛА в напрямку м.Суми з півночі.,https://t.me/kpszsu/67714
2026-07-08T06:51:55+00:00,kpszsu,67715,область,Харківська,,КАБ,49.9935,36.2304,КАБи на Харківщині,https://t.me/kpszsu/67715
2026-07-08T07:03:38+00:00,kpszsu,67716,область,Донецька,,КАБ,48.0159,37.8029,КАБи ➡️ на Донеччину.,https://t.me/kpszsu/67716
2026-07-08T07:10:04+00:00,kpszsu,67717,область,Запорізька,,БпЛА,47.8388,35.1396,"🛵 БпЛА в напрямку Харкова, Запоріжжя.",https://t.me/kpszsu/67717
2026-07-08T07:33:00+00:00,kpszsu,67718,область,Запорізька,південно-схід,БпЛА,47.8388,35.1396,🛵 БпЛА в напрямку м.Запоріжжя з південного сходу.,https://t.me/kpszsu/67718
2026-07-08T07:37:35+00:00,kpszsu,67719,область,Сумська,,,50.9077,34.7981,🚀 Ціль на Сумщину з курщини (вектор - Білопілля),https://t.me/kpszsu/67719
2026-07-08T07:38:47+00:00,kpszsu,67720,область,Сумська,,,50.9077,34.7981,🚀 Ціль на Сумщину з курщини (вектор - Білопілля),https://t.me/kpszsu/67720
2026-07-08T07:44:42+00:00,kpszsu,67721,область,Чернігівська,північно-захід,БпЛА,51.4982,31.2893,"🛵 Реактивний БпЛА на північному заході Чернігівщини уздовж кордону з Білоруссю в напрямку Любеча, Славутича.",https://t.me/kpszsu/67721
2026-07-08T07:49:16+00:00,kpszsu,67722,область,Дніпропетровська,схід,КАБ,48.4647,35.0462,КАБи ➡️ на схід Дніпропетровщини!,https://t.me/kpszsu/67722
2026-07-08T07:59:06+00:00,kpszsu,67723,область,Харківська,,БпЛА,49.9935,36.2304,🛵 Харківщина: БпЛА повз Прудянку в напрямку Вільшан/Дергачів.,https://t.me/kpszsu/67723
2026-07-08T07:59:28+00:00,kpszsu,67724,область,Донецька,,КАБ,48.0159,37.8029,КАБи ➡️ на Донеччину.,https://t.me/kpszsu/67724
2026-07-08T08:13:52+00:00,kpszsu,67726,область,Запорізька,,КАБ,47.8388,35.1396,КАБи ➡️ на Запорізьку область.,https://t.me/kpszsu/67726
2026-07-08T08:18:12+00:00,kpszsu,67727,область,Запорізька,схід,БпЛА,47.8388,35.1396,🛵 БпЛА в напрямку м.Запоріжжя зі сходу.,https://t.me/kpszsu/67727
2026-07-08T08:27:38+00:00,kpszsu,67728,область,Харківська,схід,,49.9935,36.2304,🚀 Швидкісна ціль на сході Харківщини в напрямку Чугуєва.,https://t.me/kpszsu/67728
2026-07-08T08:28:58+00:00,kpszsu,67729,область,Дніпропетровська,північно-схід,БпЛА,48.4647,35.0462,🛵 Реактивний БпЛА на північному сході Дніпропетровщини в напрямку Юріївки.,https://t.me/kpszsu/67729
2026-07-08T08:30:14+00:00,kpszsu,67730,область,Чернігівська,,БпЛА,51.4982,31.2893,🛵 Реактивні БпЛА на Чернігівщині повз Гончарівське курсом на північ Київщини.,https://t.me/kpszsu/67730
2026-07-08T08:30:14+00:00,kpszsu,67730,область,Київська,північ,БпЛА,50.4501,30.5234,🛵 Реактивні БпЛА на Чернігівщині повз Гончарівське курсом на північ Київщини.,https://t.me/kpszsu/67730
2026-07-08T08:38:21+00:00,kpszsu,67731,область,Дніпропетровська,північно-схід,БпЛА,48.4647,35.0462,🛵 Реактивний БпЛА на північному сході Дніпропетровщини в напрямку Юріївки.,https://t.me/kpszsu/67731
2026-07-08T08:39:58+00:00,kpszsu,67732,область,Чернігівська,,БпЛА,51.4982,31.2893,"🛵 Реактивні БпЛА на Чернігівщині уздовж кордону з Білоруссю в напрямку Любеча, Славутича.",https://t.me/kpszsu/67732
2026-07-08T08:41:41+00:00,kpszsu,67733,область,Чернігівська,,БпЛА,51.4982,31.2893,🛵 Реактивні БпЛА на Чернігівщині повз Гончарівське курсом на північ Київщини.,https://t.me/kpszsu/67733
2026-07-08T08:41:41+00:00,kpszsu,67733,область,Київська,північ,БпЛА,50.4501,30.5234,🛵 Реактивні БпЛА на Чернігівщині повз Гончарівське курсом на північ Київщини.,https://t.me/kpszsu/67733
2026-07-08T08:42:31+00:00,kpszsu,67734,область,Запорізька,,КАБ,47.8388,35.1396,КАБи ➡️ на Запорізьку область.,https://t.me/kpszsu/67734
2026-07-08T08:49:27+00:00,kpszsu,67735,область,Полтавська,,БпЛА,49.5883,34.5514,"🛵 Реактивний БпЛА з Дніпропетровщини ➡️ курсом на Полтавщину, на Харківщині ➡️ в напрямку Лозової.",https://t.me/kpszsu/67735
2026-07-08T08:49:27+00:00,kpszsu,67735,область,Харківська,,БпЛА,49.9935,36.2304,"🛵 Реактивний БпЛА з Дніпропетровщини ➡️ курсом на Полтавщину, на Харківщині ➡️ в напрямку Лозової.",https://t.me/kpszsu/67735
2026-07-08T08:52:20+00:00,kpszsu,67736,область,Сумська,захід,БпЛА,50.9077,34.7981,🛵 Сумщина: БпЛА на заході області в напрямку Чернігівщини (вектор - Дмитрівка).,https://t.me/kpszsu/67736
2026-07-08T08:52:20+00:00,kpszsu,67736,область,Чернігівська,захід,БпЛА,51.4982,31.2893,🛵 Сумщина: БпЛА на заході області в напрямку Чернігівщини (вектор - Дмитрівка).,https://t.me/kpszsu/67736
2026-07-08T08:58:07+00:00,kpszsu,67737,область,Чернігівська,,БпЛА,51.4982,31.2893,🛵 БпЛА на Чернігівщині в напрямку Прилук.,https://t.me/kpszsu/67737
2026-07-08T09:00:14+00:00,kpszsu,67738,область,Чернігівська,,БпЛА,51.4982,31.2893,"🛵 Реактивні БпЛА на Чернігівщині повз Гончарівське, курс - південний/південно-західний.",https://t.me/kpszsu/67738
2026-07-08T09:12:53+00:00,kpszsu,67739,область,Чернігівська,,БпЛА,51.4982,31.2893,"🛵 Реактивний БпЛА на Чернігівщині (повз н.п.Десна), курс на Київщину.",https://t.me/kpszsu/67739
2026-07-08T09:12:53+00:00,kpszsu,67739,область,Київська,,БпЛА,50.4501,30.5234,"🛵 Реактивний БпЛА на Чернігівщині (повз н.п.Десна), курс на Київщину.",https://t.me/kpszsu/67739
2026-07-08T09:17:22+00:00,kpszsu,67740,область,Київська,,БпЛА,50.4501,30.5234,"🛵 Реактивний БпЛА на Київщині, курс на Київ з півночі.",https://t.me/kpszsu/67740
2026-07-08T09:17:22+00:00,kpszsu,67740,область,Київська,північ,БпЛА,50.4501,30.5234,"🛵 Реактивний БпЛА на Київщині, курс на Київ з півночі.",https://t.me/kpszsu/67740
2026-07-08T09:39:13+00:00,kpszsu,67741,область,Харківська,південь,БпЛА,49.9935,36.2304,🛵 БпЛА на півдні Харківщини в напрямку н.п.Лозова,https://t.me/kpszsu/67741
2026-07-08T09:40:19+00:00,kpszsu,67742,область,Сумська,,БпЛА,50.9077,34.7981,🛵 БпЛА в напрямку м.Суми.,https://t.me/kpszsu/67742
2026-07-08T10:03:34+00:00,kpszsu,67743,область,Чернігівська,,БпЛА,51.4982,31.2893,"🛵 Реактивний БпЛА на Чернігівщині (повз н.п.Десна), курс на Київщину.",https://t.me/kpszsu/67743
2026-07-08T10:03:34+00:00,kpszsu,67743,область,Київська,,БпЛА,50.4501,30.5234,"🛵 Реактивний БпЛА на Чернігівщині (повз н.п.Десна), курс на Київщину.",https://t.me/kpszsu/67743
2026-07-08T10:11:07+00:00,kpszsu,67744,область,Київська,,БпЛА,50.4501,30.5234,"🛵 Реактивний БпЛА на Київщині, курс на Київ з півночі.",https://t.me/kpszsu/67744
2026-07-08T10:11:07+00:00,kpszsu,67744,область,Київська,північ,БпЛА,50.4501,30.5234,"🛵 Реактивний БпЛА на Київщині, курс на Київ з півночі.",https://t.me/kpszsu/67744
2026-07-08T10:23:42+00:00,kpszsu,67745,область,Запорізька,південь,БпЛА,47.8388,35.1396,"🛵 БпЛА на півдні від м.Запоріжжя, курс - на місто.",https://t.me/kpszsu/67745
2026-07-08T10:35:03+00:00,kpszsu,67747,область,Чернігівська,,БпЛА,51.4982,31.2893,"🛵 Реактивні БпЛА на Чернігівщині (повз Любеч, Славутич), курс ➡️ на Київщину.",https://t.me/kpszsu/67747
2026-07-08T10:35:03+00:00,kpszsu,67747,область,Київська,,БпЛА,50.4501,30.5234,"🛵 Реактивні БпЛА на Чернігівщині (повз Любеч, Славутич), курс ➡️ на Київщину.",https://t.me/kpszsu/67747
2026-07-08T10:45:50+00:00,kpszsu,67748,область,Запорізька,південь,БпЛА,47.8388,35.1396,🛵 🛸 БпЛА ➡️ курсом на м.Запоріжжя з півдня.,https://t.me/kpszsu/67748
2026-07-08T10:47:02+00:00,kpszsu,67750,область,Чернігівська,,БпЛА,51.4982,31.2893,🛵 Реактивні БпЛА в районі н.п.Гончарівське (Чернігівщина).,https://t.me/kpszsu/67750
2026-07-08T10:56:57+00:00,kpszsu,67751,область,Чернігівська,,БпЛА,51.4982,31.2893,"🛵 Реактивний БпЛА на Чернігівщині (повз н.п.Десна), курс на Київщину.",https://t.me/kpszsu/67751
2026-07-08T10:56:57+00:00,kpszsu,67751,область,Київська,,БпЛА,50.4501,30.5234,"🛵 Реактивний БпЛА на Чернігівщині (повз н.п.Десна), курс на Київщину.",https://t.me/kpszsu/67751
2026-07-08T11:02:44+00:00,kpszsu,67752,область,Київська,,БпЛА,50.4501,30.5234,"🛵 Реактивний БпЛА на Київщині, курс на Київ з півночі.",https://t.me/kpszsu/67752
2026-07-08T11:02:44+00:00,kpszsu,67752,область,Київська,північ,БпЛА,50.4501,30.5234,"🛵 Реактивний БпЛА на Київщині, курс на Київ з півночі.",https://t.me/kpszsu/67752
2026-07-08T11:38:16+00:00,kpszsu,67753,область,Київська,,БпЛА,50.4501,30.5234,"🛵 Реактивний БпЛА на Київщині, курс західний (повз н.п.Макарів)",https://t.me/kpszsu/67753
2026-07-08T12:01:44+00:00,kpszsu,67754,область,Дніпропетровська,,БпЛА,48.4647,35.0462,"🛵 БпЛА на Дніпропетровщині, курс північно-західний (повз н.п.Солоне)",https://t.me/kpszsu/67754
2026-07-08T12:12:04+00:00,kpszsu,67756,область,Сумська,,КАБ,50.9077,34.7981,КАБи на Сумщині,https://t.me/kpszsu/67756
2026-07-08T12:32:18+00:00,kpszsu,67757,область,Дніпропетровська,,БпЛА,48.4647,35.0462,🛵 БпЛА в напрямку м.Дніпро,https://t.me/kpszsu/67757
2026-07-08T12:43:47+00:00,kpszsu,67759,область,Донецька,,КАБ,48.0159,37.8029,КАБи на Донеччині.,https://t.me/kpszsu/67759
2026-07-08T12:52:34+00:00,kpszsu,67760,область,Чернігівська,,БпЛА,51.4982,31.2893,"🛵 БпЛА на Чернігівщині, курс південно-західний (повз н.п.Мена)",https://t.me/kpszsu/67760
2026-07-08T13:18:11+00:00,kpszsu,67761,область,Полтавська,,БпЛА,49.5883,34.5514,"🛵 БпЛА на Полтавщині, курс на м.Полтаву з півдня.",https://t.me/kpszsu/67761
2026-07-08T13:18:11+00:00,kpszsu,67761,область,Полтавська,південь,БпЛА,49.5883,34.5514,"🛵 БпЛА на Полтавщині, курс на м.Полтаву з півдня.",https://t.me/kpszsu/67761
2026-07-08T13:21:47+00:00,kpszsu,67762,область,Миколаївська,,БпЛА,46.975,31.9946,"🛵 БпЛА на Миколаївщині, курс на м.Миколаїв з півдня.",https://t.me/kpszsu/67762
2026-07-08T13:21:47+00:00,kpszsu,67762,область,Миколаївська,південь,БпЛА,46.975,31.9946,"🛵 БпЛА на Миколаївщині, курс на м.Миколаїв з півдня.",https://t.me/kpszsu/67762
2026-07-08T13:27:29+00:00,kpszsu,67763,область,Одеська,,ракета,46.4825,30.7233,🚀 Ракета на Одещину,https://t.me/kpszsu/67763
2026-07-08T13:30:22+00:00,kpszsu,67764,область,Запорізька,південно-схід,БпЛА,47.8388,35.1396,🛵 БпЛА на м.Запоріжжя з південно східного напрямку.,https://t.me/kpszsu/67764
2026-07-08T13:38:50+00:00,kpszsu,67765,область,Чернігівська,захід,БпЛА,51.4982,31.2893,"🛵 БпЛА на заході Чернігівщини, курс південний",https://t.me/kpszsu/67765
2026-07-08T13:40:13+00:00,kpszsu,67766,область,Полтавська,північ,БпЛА,49.5883,34.5514,"🛵 Реактивний БпЛА за півночі Полтавщини, курс північно - західний",https://t.me/kpszsu/67766
2026-07-08T13:51:22+00:00,kpszsu,67767,область,Київська,північ,БпЛА,50.4501,30.5234,🛵 Реактивній БпЛА в напрямку м.Київ з півночі.,https://t.me/kpszsu/67767
2026-07-08T13:59:22+00:00,kpszsu,67768,область,Запорізька,південно-захід,БпЛА,47.8388,35.1396,🛵 Реактивній БпЛА в напрямку м.Запоріжжя з південного заходу.,https://t.me/kpszsu/67768
2026-07-08T14:25:45+00:00,kpszsu,67771,область,Полтавська,,БпЛА,49.5883,34.5514,🛵 Реактивний БпЛА на Полтавщині ➡️ в напрямку Пирятина з півдня.,https://t.me/kpszsu/67771
2026-07-08T14:30:24+00:00,kpszsu,67772,область,Дніпропетровська,,БпЛА,48.4647,35.0462,"🛵 Реактивні БпЛА на межі Нікопольського району Дніпропетровщини і Запорізької області, курс - північний/північно-західний; 🛵 БпЛА з акваторії Чорного моря ➡️ курсом на Одещину (Затока/Кароліно-Бугаз).",https://t.me/kpszsu/67772
2026-07-08T14:30:24+00:00,kpszsu,67772,область,Запорізька,,БпЛА,47.8388,35.1396,"🛵 Реактивні БпЛА на межі Нікопольського району Дніпропетровщини і Запорізької області, курс - північний/північно-західний; 🛵 БпЛА з акваторії Чорного моря ➡️ курсом на Одещину (Затока/Кароліно-Бугаз).",https://t.me/kpszsu/67772
2026-07-08T14:30:24+00:00,kpszsu,67772,область,Одеська,,БпЛА,46.4825,30.7233,"🛵 Реактивні БпЛА на межі Нікопольського району Дніпропетровщини і Запорізької області, курс - північний/північно-західний; 🛵 БпЛА з акваторії Чорного моря ➡️ курсом на Одещину (Затока/Кароліно-Бугаз).",https://t.me/kpszsu/67772
2026-07-08T14:33:47+00:00,kpszsu,67773,область,Сумська,,БпЛА,50.9077,34.7981,🛵 🛸 БпЛА на Сумщині в напрямку Степанівки.,https://t.me/kpszsu/67773
2026-07-08T14:43:02+00:00,kpszsu,67774,область,Дніпропетровська,схід,КАБ,48.4647,35.0462,КАБи на схід Дніпропетровщини!,https://t.me/kpszsu/67774
2026-07-08T14:49:52+00:00,kpszsu,67775,область,Дніпропетровська,,БпЛА,48.4647,35.0462,🛵 Дніпропетровщина: БпЛА в напрямку м.Кам'янського та Криничок.,https://t.me/kpszsu/67775
2026-07-08T14:55:17+00:00,kpszsu,67776,область,Запорізька,,КАБ,47.8388,35.1396,КАБи ➡️ на Запорізьку область!,https://t.me/kpszsu/67776
2026-07-08T14:55:55+00:00,kpszsu,67777,область,Одеська,,БпЛА,46.4825,30.7233,🛵 БпЛА з акваторії Чорного моря ➡️ курсом на Одещину (Затока/Кароліно-Бугаз).,https://t.me/kpszsu/67777
2026-07-08T15:15:47+00:00,kpszsu,67778,область,Харківська,південь,БпЛА,49.9935,36.2304,🛵 БпЛА на Харківщині повз Слатине південним курсом.,https://t.me/kpszsu/67778
2026-07-08T15:43:21+00:00,kpszsu,67780,область,Запорізька,схід,БпЛА,47.8388,35.1396,"🛵 Запорізька область: БпЛА га сході від м.Запоріжжя, курс - північно-західний.",https://t.me/kpszsu/67780
2026-07-08T15:59:00+00:00,kpszsu,67781,область,Дніпропетровська,,БпЛА,48.4647,35.0462,🛵 БпЛА на Дніпропетровщині курс на м.Павлоград,https://t.me/kpszsu/67781
2026-07-08T16:07:45+00:00,kpszsu,67783,область,Одеська,,,46.4825,30.7233,🚀 Швидкісна ціль в напрямку Одещини!,https://t.me/kpszsu/67783
2026-07-08T16:10:28+00:00,kpszsu,67785,область,Одеська,,,46.4825,30.7233,🚀 Ще ціль на Одещину!,https://t.me/kpszsu/67785
2026-07-08T17:07:11+00:00,kpszsu,67788,область,Чернігівська,,БпЛА,51.4982,31.2893,🛵 Реактивний БпЛА на Чернігівщині в напрямку Городні.,https://t.me/kpszsu/67788
2026-07-08T17:32:30+00:00,kpszsu,67790,область,Харківська,північ,БпЛА,49.9935,36.2304,🛵 БпЛА в напрямку м.Харків з півночі,https://t.me/kpszsu/67790
2026-07-08T17:35:50+00:00,kpszsu,67791,область,Миколаївська,,БпЛА,46.975,31.9946,🛵 БпЛА на Миколаївщині курсом на Очаків,https://t.me/kpszsu/67791
2026-07-08T17:54:44+00:00,kpszsu,67793,область,Сумська,,КАБ,50.9077,34.7981,КАБи на Сумщині.,https://t.me/kpszsu/67793
2026-07-08T18:04:47+00:00,kpszsu,67794,область,Донецька,,КАБ,48.0159,37.8029,КАБи на Донеччині,https://t.me/kpszsu/67794
2026-07-08T18:53:42+00:00,kpszsu,67795,область,Сумська,,БпЛА,50.9077,34.7981,"🛵 БпЛА на Сумщині, повз н.п.Ромни, курс на Полтавщину.",https://t.me/kpszsu/67795
2026-07-08T18:53:42+00:00,kpszsu,67795,область,Полтавська,,БпЛА,49.5883,34.5514,"🛵 БпЛА на Сумщині, повз н.п.Ромни, курс на Полтавщину.",https://t.me/kpszsu/67795
2026-07-08T18:55:34+00:00,kpszsu,67796,область,Запорізька,,КАБ,47.8388,35.1396,КАБи на Запоріжжі,https://t.me/kpszsu/67796
2026-07-08T18:59:44+00:00,kpszsu,67797,область,Миколаївська,,БпЛА,46.975,31.9946,"🛵 БпЛА на Миколаївщині, Очаків",https://t.me/kpszsu/67797
2026-07-08T19:27:59+00:00,kpszsu,67798,область,Полтавська,,БпЛА,49.5883,34.5514,"🛵 БпЛА на Полтавщині, повз н.п.Хорол курс на південь.",https://t.me/kpszsu/67798
2026-07-08T19:33:59+00:00,kpszsu,67799,область,Запорізька,схід,БпЛА,47.8388,35.1396,🛵 БпЛА курсом на м.Запоріжжя зі сходу.,https://t.me/kpszsu/67799
2026-07-08T19:48:48+00:00,kpszsu,67800,область,Полтавська,,БпЛА,49.5883,34.5514,"🛵 БпЛА на Полтавщині, курс на Кременчуцьке водосховище.",https://t.me/kpszsu/67800
2026-07-08T20:17:13+00:00,kpszsu,67801,область,Запорізька,,БпЛА,47.8388,35.1396,🛵 БпЛА курсом на м.Запоріжжя,https://t.me/kpszsu/67801
2026-07-08T21:01:26+00:00,kpszsu,67802,область,Запорізька,,БпЛА,47.8388,35.1396,"🛵 БпЛА  на Запоріжжі, повз н.п.Новомиколаївка курсом на захід",https://t.me/kpszsu/67802
2026-07-08T21:13:46+00:00,kpszsu,67803,область,Дніпропетровська,,БпЛА,48.4647,35.0462,🛵 БпЛА з Запоріжжя курсом на Дніпропетровщину (вектор руху м.Дніпро),https://t.me/kpszsu/67803
2026-07-08T21:47:29+00:00,kpszsu,67804,область,Дніпропетровська,,БпЛА,48.4647,35.0462,🛵 БпЛА курсом на м.Дніпро,https://t.me/kpszsu/67804
2026-07-08T23:09:01+00:00,kpszsu,67805,область,Запорізька,південь,БпЛА,47.8388,35.1396,🛵 БпЛА курсом на м.Запоріжжя з півдня,https://t.me/kpszsu/67805
2026-07-08T23:15:28+00:00,kpszsu,67806,область,Харківська,північ,БпЛА,49.9935,36.2304,🛵 БпЛА курсом на м.Харків з півночі,https://t.me/kpszsu/67806
2026-07-08T23:58:58+00:00,kpszsu,67807,область,Харківська,,БпЛА,49.9935,36.2304,"🛵 БпЛА на Харківщині, курсом на н.п.Ізюм",https://t.me/kpszsu/67807
2026-07-09T00:30:11+00:00,kpszsu,67813,область,Дніпропетровська,південно-захід,БпЛА,48.4647,35.0462,🛵 БпЛА на південному заході Дніпропетровщини ➡️ в напрямку Грушівки/Зеленодольська.,https://t.me/kpszsu/67813
2026-07-09T00:33:58+00:00,kpszsu,67815,область,Харківська,,БпЛА,49.9935,36.2304,🛵 Харківщина: БпЛА ➡️ в напрямку Близнюків з півночі.,https://t.me/kpszsu/67815
2026-07-09T00:45:21+00:00,kpszsu,67816,область,Сумська,,БпЛА,50.9077,34.7981,🛵 Реактивний БпЛА на Сумщині ➡️ в напрямку Миколаївки/Улянівки з північного сходу.,https://t.me/kpszsu/67816
2026-07-09T00:45:21+00:00,kpszsu,67816,область,Миколаївська,північно-схід,БпЛА,46.975,31.9946,🛵 Реактивний БпЛА на Сумщині ➡️ в напрямку Миколаївки/Улянівки з північного сходу.,https://t.me/kpszsu/67816
2026-07-09T00:46:44+00:00,kpszsu,67817,область,Дніпропетровська,південно-захід,БпЛА,48.4647,35.0462,🛵 БпЛА на південному заході Дніпропетровщини ➡️ в напрямку Грушівки/Зеленодольська.,https://t.me/kpszsu/67817
2026-07-09T00:52:04+00:00,kpszsu,67818,область,Харківська,,,49.9935,36.2304,🚀 Ціль на Харківщині повз Слатине в напрямку Старого Мерчика!,https://t.me/kpszsu/67818
2026-07-09T00:53:08+00:00,kpszsu,67819,область,Харківська,,,49.9935,36.2304,🚀 Ціль на Харківщині повз Слатине в напрямку Старого Мерчика!,https://t.me/kpszsu/67819
2026-07-09T00:55:01+00:00,kpszsu,67820,область,Сумська,,БпЛА,50.9077,34.7981,🛵 Реактивний БпЛА на Сумщині ➡️ в напрямку Миколаївки/Улянівки з північного сходу.,https://t.me/kpszsu/67820
2026-07-09T00:55:01+00:00,kpszsu,67820,область,Миколаївська,північно-схід,БпЛА,46.975,31.9946,🛵 Реактивний БпЛА на Сумщині ➡️ в напрямку Миколаївки/Улянівки з північного сходу.,https://t.me/kpszsu/67820
2026-07-09T01:03:29+00:00,kpszsu,67821,область,Запорізька,схід,БпЛА,47.8388,35.1396,🛵 🛸 БпЛА ➡️ курсом на м.Запоріжжя зі сходу.,https://t.me/kpszsu/67821
2026-07-09T01:09:10+00:00,kpszsu,67822,область,Сумська,,БпЛА,50.9077,34.7981,🛵 Сумщина: реактивний БпЛА ➡️ повз Улянівку південно-західним курсом.,https://t.me/kpszsu/67822
2026-07-09T01:10:09+00:00,kpszsu,67823,область,Запорізька,північно-захід,БпЛА,47.8388,35.1396,🛵 БпЛА ➡️ в напрямку м.Запоріжжя з північного заходу.,https://t.me/kpszsu/67823
2026-07-09T01:11:22+00:00,kpszsu,67824,область,Дніпропетровська,,БпЛА,48.4647,35.0462,🛵 Дніпропетровщина: БпЛА ➡️ в напрямку Васильківки зі сходу.,https://t.me/kpszsu/67824
2026-07-09T01:11:52+00:00,kpszsu,67825,область,Донецька,,КАБ,48.0159,37.8029,КАБи ➡️ на Донеччину!,https://t.me/kpszsu/67825
2026-07-09T01:14:43+00:00,kpszsu,67826,область,Харківська,схід,КАБ,49.9935,36.2304,КАБи ➡️ на Харківщину зі сходу!,https://t.me/kpszsu/67826
2026-07-09T01:38:42+00:00,kpszsu,67828,область,Запорізька,південь,БпЛА,47.8388,35.1396,🛵 🛸 Запорізька область: БпЛА на півдні від м.Запоріжжя та на півночі від Кушугума.,https://t.me/kpszsu/67828
2026-07-09T01:38:42+00:00,kpszsu,67828,область,Запорізька,північ,БпЛА,47.8388,35.1396,🛵 🛸 Запорізька область: БпЛА на півдні від м.Запоріжжя та на півночі від Кушугума.,https://t.me/kpszsu/67828
2026-07-09T01:47:12+00:00,kpszsu,67829,область,Миколаївська,,БпЛА,46.975,31.9946,🛵 Реактивні БпЛА на Миколаївщині в напрямку на/повз Очаків з південного сходу.,https://t.me/kpszsu/67829
2026-07-09T01:47:55+00:00,kpszsu,67830,область,Запорізька,,КАБ,47.8388,35.1396,Пуски КАБ ➡️ на Запорізьку область!,https://t.me/kpszsu/67830
2026-07-09T01:51:30+00:00,kpszsu,67831,область,Запорізька,,КАБ,47.8388,35.1396,КАБ ➡️ у напрямку м.Запоріжжя!,https://t.me/kpszsu/67831
2026-07-09T02:11:43+00:00,kpszsu,67832,область,Миколаївська,південь,БпЛА,46.975,31.9946,🛵 Реактивний БпЛА на півдні Миколаївщини ➡️ в напрямку на/повз Очаків з південного сходу.,https://t.me/kpszsu/67832
2026-07-09T02:20:25+00:00,kpszsu,67833,область,Дніпропетровська,,БпЛА,48.4647,35.0462,🛵 Реактивний БпЛА повз Петропавлівку на Дніпропетровщині ➡️ курсом на Харківщину (Лозова/Близнюки).,https://t.me/kpszsu/67833
2026-07-09T02:20:25+00:00,kpszsu,67833,область,Харківська,,БпЛА,49.9935,36.2304,🛵 Реактивний БпЛА повз Петропавлівку на Дніпропетровщині ➡️ курсом на Харківщину (Лозова/Близнюки).,https://t.me/kpszsu/67833
2026-07-09T02:24:42+00:00,kpszsu,67834,область,Сумська,,БпЛА,50.9077,34.7981,🛵 Сумщина: БпЛА повз Краснопілля ➡️ південним курсом (Кириківка/Тростянець).,https://t.me/kpszsu/67834
2026-07-09T02:25:32+00:00,kpszsu,67835,область,Сумська,,БпЛА,50.9077,34.7981,🛵 Сумщина: БпЛА повз Краснопілля ➡️ південним курсом (Кириківка/Тростянець).,https://t.me/kpszsu/67835
2026-07-09T02:26:12+00:00,kpszsu,67836,область,Дніпропетровська,схід,КАБ,48.4647,35.0462,КАБи ➡️ на схід Дніпропетровщини!,https://t.me/kpszsu/67836
2026-07-09T02:30:59+00:00,kpszsu,67837,область,Запорізька,,КАБ,47.8388,35.1396,КАБи ➡️ на Запорізьку область!,https://t.me/kpszsu/67837
2026-07-09T02:32:10+00:00,kpszsu,67838,область,Запорізька,південно-захід,БпЛА,47.8388,35.1396,🛵 🛸 БпЛА ➡️ в напрямку м.Запоріжжя з південного заходу.,https://t.me/kpszsu/67838
2026-07-09T02:32:52+00:00,kpszsu,67839,область,Сумська,південь,БпЛА,50.9077,34.7981,🛵 БпЛА ➡️ в напрямку на/повз Суми з півдня.,https://t.me/kpszsu/67839
2026-07-09T02:40:20+00:00,kpszsu,67840,область,Харківська,,БпЛА,49.9935,36.2304,"🛵 Харківщина: - реактивний БпЛА ➡️ повз Златопіль, курс - північно-західний, -  реактивний БпЛА повз Петропавлівку на Дніпропетровщині ➡️ курсом на Харківщину (Лозова/Близнюки).",https://t.me/kpszsu/67840
2026-07-09T02:40:20+00:00,kpszsu,67840,область,Дніпропетровська,,БпЛА,48.4647,35.0462,"🛵 Харківщина: - реактивний БпЛА ➡️ повз Златопіль, курс - північно-західний, -  реактивний БпЛА повз Петропавлівку на Дніпропетровщині ➡️ курсом на Харківщину (Лозова/Близнюки).",https://t.me/kpszsu/67840
2026-07-09T02:50:44+00:00,kpszsu,67841,область,Чернігівська,північ,БпЛА,51.4982,31.2893,🛵 БпЛА на півночі Чернігівщини ➡️ курс - західний/південно-західний.,https://t.me/kpszsu/67841
2026-07-09T02:55:05+00:00,kpszsu,67842,область,Харківська,,БпЛА,49.9935,36.2304,"🛵 Харківщина: реактивний БпЛА в районі н.п. Старий Мерчик, курс - змінний (вектор - Харків), на/повз Златопіль ➡️ північним/північно-західним курсом курсом.",https://t.me/kpszsu/67842
2026-07-09T03:03:24+00:00,kpszsu,67843,область,Чернігівська,захід,БпЛА,51.4982,31.2893,🛵 БпЛА повз Чернігів на заході ➡️ південним курсом.,https://t.me/kpszsu/67843
2026-07-09T03:03:45+00:00,kpszsu,67844,область,Запорізька,,КАБ,47.8388,35.1396,КАБи ➡️ на Запорізьку область!,https://t.me/kpszsu/67844
2026-07-09T03:20:07+00:00,kpszsu,67845,область,Київська,північ,БпЛА,50.4501,30.5234,"🛵 БпЛА на півночі Київщини, курс - західний/південно-західний. 🛵 БпЛА в акваторії Чорного моря, курс - Одещина (Одеса). 🛵 Реактивний БпЛА на північному сході Запорізької області, курс - західний. 🛵 Реактивний БпЛА на південному заході Харківщини, курс - південний (Дніпропетровщина).",https://t.me/kpszsu/67845
2026-07-09T03:20:07+00:00,kpszsu,67845,область,Одеська,,БпЛА,46.4825,30.7233,"🛵 БпЛА на півночі Київщини, курс - західний/південно-західний. 🛵 БпЛА в акваторії Чорного моря, курс - Одещина (Одеса). 🛵 Реактивний БпЛА на північному сході Запорізької області, курс - західний. 🛵 Реактивний БпЛА на південному заході Харківщини, курс - південний (Дніпропетровщина).",https://t.me/kpszsu/67845
2026-07-09T03:20:07+00:00,kpszsu,67845,область,Запорізька,північно-схід,БпЛА,47.8388,35.1396,"🛵 БпЛА на півночі Київщини, курс - західний/південно-західний. 🛵 БпЛА в акваторії Чорного моря, курс - Одещина (Одеса). 🛵 Реактивний БпЛА на північному сході Запорізької області, курс - західний. 🛵 Реактивний БпЛА на південному заході Харківщини, курс - південний (Дніпропетровщина).",https://t.me/kpszsu/67845
2026-07-09T03:20:07+00:00,kpszsu,67845,область,Харківська,південно-захід,БпЛА,49.9935,36.2304,"🛵 БпЛА на півночі Київщини, курс - західний/південно-західний. 🛵 БпЛА в акваторії Чорного моря, курс - Одещина (Одеса). 🛵 Реактивний БпЛА на північному сході Запорізької області, курс - західний. 🛵 Реактивний БпЛА на південному заході Харківщини, курс - південний (Дніпропетровщина).",https://t.me/kpszsu/67845
2026-07-09T03:20:07+00:00,kpszsu,67845,область,Дніпропетровська,південь,БпЛА,48.4647,35.0462,"🛵 БпЛА на півночі Київщини, курс - західний/південно-західний. 🛵 БпЛА в акваторії Чорного моря, курс - Одещина (Одеса). 🛵 Реактивний БпЛА на північному сході Запорізької області, курс - західний. 🛵 Реактивний БпЛА на південному заході Харківщини, курс - південний (Дніпропетровщина).",https://t.me/kpszsu/67845
2026-07-09T03:32:16+00:00,kpszsu,67846,область,Житомирська,,БпЛА,50.2547,28.6587,🛵 Реактивні БпЛА по межі Житомирщини і Київщини ➡️ південним/ південно-західним курсом; 🛵 БпЛА на півдні Миколаївщини ➡️ в напрямку на/повз Березанку.,https://t.me/kpszsu/67846
2026-07-09T03:32:16+00:00,kpszsu,67846,область,Київська,південь,БпЛА,50.4501,30.5234,🛵 Реактивні БпЛА по межі Житомирщини і Київщини ➡️ південним/ південно-західним курсом; 🛵 БпЛА на півдні Миколаївщини ➡️ в напрямку на/повз Березанку.,https://t.me/kpszsu/67846
2026-07-09T03:32:16+00:00,kpszsu,67846,область,Миколаївська,південь,БпЛА,46.975,31.9946,🛵 Реактивні БпЛА по межі Житомирщини і Київщини ➡️ південним/ південно-західним курсом; 🛵 БпЛА на півдні Миколаївщини ➡️ в напрямку на/повз Березанку.,https://t.me/kpszsu/67846
2026-07-09T03:38:15+00:00,kpszsu,67847,область,Запорізька,північ,БпЛА,47.8388,35.1396,"🛵 Реактивні БпЛА на півночі Запорізької області, курс - м.Вільнянськ та Дніпропетровщина.",https://t.me/kpszsu/67847
2026-07-09T03:38:15+00:00,kpszsu,67847,область,Запорізька,,БпЛА,47.8388,35.1396,"🛵 Реактивні БпЛА на півночі Запорізької області, курс - м.Вільнянськ та Дніпропетровщина.",https://t.me/kpszsu/67847
2026-07-09T03:38:15+00:00,kpszsu,67847,область,Дніпропетровська,,БпЛА,48.4647,35.0462,"🛵 Реактивні БпЛА на півночі Запорізької області, курс - м.Вільнянськ та Дніпропетровщина.",https://t.me/kpszsu/67847
2026-07-09T03:39:30+00:00,kpszsu,67848,область,Житомирська,,БпЛА,50.2547,28.6587,🛵 Реактивний БпЛА на Житомирщині ➡️ на/повз Чоповичі у напрямку Коростеня.,https://t.me/kpszsu/67848
2026-07-09T03:40:29+00:00,kpszsu,67849,область,Чернігівська,південь,БпЛА,51.4982,31.2893,🛵 Реактивний БпЛА на Чернігівщині ➡️ на/повз Ріпки у південно-західному напрямку.,https://t.me/kpszsu/67849
2026-07-09T03:45:10+00:00,kpszsu,67850,область,Дніпропетровська,,БпЛА,48.4647,35.0462,"🛵 Реактивний БпЛА на Дніпропетровщині на/повз н.п.Синельникове, курс - північно-східний; 🛵 БпЛА з Миколаївщини ➡️ курсом на Одещину.",https://t.me/kpszsu/67850
2026-07-09T03:45:10+00:00,kpszsu,67850,область,Одеська,,БпЛА,46.4825,30.7233,"🛵 Реактивний БпЛА на Дніпропетровщині на/повз н.п.Синельникове, курс - північно-східний; 🛵 БпЛА з Миколаївщини ➡️ курсом на Одещину.",https://t.me/kpszsu/67850
2026-07-09T04:02:01+00:00,kpszsu,67851,область,Чернігівська,захід,БпЛА,51.4982,31.2893,🛵 БпЛА повз Чернігів на заході ➡️ південним курсом. 🛵 БпЛА на півночі Київщини ➡️ курс - західний/південно-західний.,https://t.me/kpszsu/67851
2026-07-09T04:02:01+00:00,kpszsu,67851,область,Київська,північ,БпЛА,50.4501,30.5234,🛵 БпЛА повз Чернігів на заході ➡️ південним курсом. 🛵 БпЛА на півночі Київщини ➡️ курс - західний/південно-західний.,https://t.me/kpszsu/67851
2026-07-09T04:03:45+00:00,kpszsu,67852,область,Дніпропетровська,південь,БпЛА,48.4647,35.0462,"🛵 Реактивні БпЛА на заході та півдні від м.Дніпро, курс - змінний.",https://t.me/kpszsu/67852
2026-07-09T04:10:10+00:00,kpszsu,67853,область,Одеська,,БпЛА,46.4825,30.7233,🛵 БпЛА в акваторії Чорного моря ➡️ курсом на Одещину (Одеса) та в напрямку Біляївки/Теплодара з півночі.,https://t.me/kpszsu/67853
2026-07-09T04:10:32+00:00,kpszsu,67854,область,Сумська,північ,БпЛА,50.9077,34.7981,🛵 БпЛА в напрямку Сум з півночі.,https://t.me/kpszsu/67854
2026-07-09T04:11:50+00:00,kpszsu,67855,область,Миколаївська,південь,БпЛА,46.975,31.9946,🛵 БпЛА на півдні Миколаївщини на/повз Лупареве у північному напрямку.,https://t.me/kpszsu/67855
2026-07-09T04:22:05+00:00,kpszsu,67856,область,Запорізька,,БпЛА,47.8388,35.1396,🛵 БпЛА курсом на м.Запоріжжя.,https://t.me/kpszsu/67856
2026-07-09T04:30:58+00:00,kpszsu,67857,область,Харківська,захід,БпЛА,49.9935,36.2304,🛵 БпЛА повз Савинці на Харківщині західним/південно-західним курсом.,https://t.me/kpszsu/67857
2026-07-09T05:31:50+00:00,kpszsu,67858,область,Донецька,,БпЛА|збиття|ракета,48.0159,37.8029,"⚡️ ЗБИТО/ПОДАВЛЕНО 72 ЦІЛІ ПРОТИВНИКА ➖ ➖ ➖ ➖ ➖ ➖ ➖ ➖ ➖ ➖ У ніч на 09 липня (з 18:00 08 липня) противник атакував двома балістичними ракетами Іскандер-М із ТОТ АР Крим та 94 ударними БпЛА типу Shahed (в т.ч. реактивними), Гербера, Італмас та дронами-імітаторами типу “Пародія” із напрямків: Брянськ, Міллєрово, Орел – рф,, Гвардійське – ТОТ АР Крим, Донецьк -ТОТ. Повітряний напад відбивали авіація, зенітні ракетні війська, підрозділи РЕБ та безпілотних систем, мобільні вогневі групи Сил оборони України. 💥 За попередніми даними, станом на 08:30, протиповітряною обороною збито/подавлено 72 ворожі БпЛА типу Shahed, Гербера, Італмас та дронів інших типів на півночі, півдні та сході країни. Зафіксовано влучання двох балістичних ракет та 19 ударних БпЛА на 13 локаціях, а також падіння збитих (уламки) на 4. Атака триває, в повітряному просторі декілька ворожих БпЛА. Дотримуйтесь правил безпеки! ✊ Тримаймо небо! 🇺🇦 Разом – до перемоги!",https://t.me/kpszsu/67858
2026-07-09T05:38:52+00:00,kpszsu,67860,область,Запорізька,південно-схід,БпЛА,47.8388,35.1396,"🛵 🛸 БпЛА на південному сході від м.Запоріжжя, курс - північний.",https://t.me/kpszsu/67860
2026-07-09T05:46:12+00:00,kpszsu,67861,область,Чернігівська,південь,БпЛА,51.4982,31.2893,🛵 Реактивний БпЛА на Чернігівщині ➡️ на/повз Ріпки у південно-західному напрямку.,https://t.me/kpszsu/67861
2026-07-09T05:59:24+00:00,kpszsu,67863,область,Харківська,південь,БпЛА,49.9935,36.2304,🛵 Харківщина: БпЛА повз Слатине в південному напрямку.,https://t.me/kpszsu/67863
2026-07-09T06:05:52+00:00,kpszsu,67864,область,Київська,північ,БпЛА,50.4501,30.5234,🛵 Реактивний БпЛА з Чернігівщини ➡️ на північ Київщини.,https://t.me/kpszsu/67864
2026-07-09T06:06:38+00:00,kpszsu,67865,область,Сумська,,ракета,50.9077,34.7981,🚀 Ракета на прикордоння Сумщини (вектор - Есмань).,https://t.me/kpszsu/67865
2026-07-09T06:24:46+00:00,kpszsu,67867,область,Житомирська,,БпЛА,50.2547,28.6587,"🛵 Реактивний БпЛА з Київщини, курсом на Житомирщину (Коростенський район). 🛵 Реактивний БпЛА на півночі Київщини (Вишгородський район), курс західний. 🛵 БпЛА на півночі Запорізької області, курсом на Дніпропетровщину. 🛵 БпЛА курсом на Запоріжжя з півдня.",https://t.me/kpszsu/67867
2026-07-09T06:24:46+00:00,kpszsu,67867,область,Київська,північ,БпЛА,50.4501,30.5234,"🛵 Реактивний БпЛА з Київщини, курсом на Житомирщину (Коростенський район). 🛵 Реактивний БпЛА на півночі Київщини (Вишгородський район), курс західний. 🛵 БпЛА на півночі Запорізької області, курсом на Дніпропетровщину. 🛵 БпЛА курсом на Запоріжжя з півдня.",https://t.me/kpszsu/67867
2026-07-09T06:24:46+00:00,kpszsu,67867,область,Запорізька,північ,БпЛА,47.8388,35.1396,"🛵 Реактивний БпЛА з Київщини, курсом на Житомирщину (Коростенський район). 🛵 Реактивний БпЛА на півночі Київщини (Вишгородський район), курс західний. 🛵 БпЛА на півночі Запорізької області, курсом на Дніпропетровщину. 🛵 БпЛА курсом на Запоріжжя з півдня.",https://t.me/kpszsu/67867
2026-07-09T06:24:46+00:00,kpszsu,67867,область,Дніпропетровська,,БпЛА,48.4647,35.0462,"🛵 Реактивний БпЛА з Київщини, курсом на Житомирщину (Коростенський район). 🛵 Реактивний БпЛА на півночі Київщини (Вишгородський район), курс західний. 🛵 БпЛА на півночі Запорізької області, курсом на Дніпропетровщину. 🛵 БпЛА курсом на Запоріжжя з півдня.",https://t.me/kpszsu/67867
2026-07-09T06:24:46+00:00,kpszsu,67867,область,Запорізька,південь,БпЛА,47.8388,35.1396,"🛵 Реактивний БпЛА з Київщини, курсом на Житомирщину (Коростенський район). 🛵 Реактивний БпЛА на півночі Київщини (Вишгородський район), курс західний. 🛵 БпЛА на півночі Запорізької області, курсом на Дніпропетровщину. 🛵 БпЛА курсом на Запоріжжя з півдня.",https://t.me/kpszsu/67867
2026-07-09T06:28:51+00:00,kpszsu,67868,область,Дніпропетровська,південь,БпЛА,48.4647,35.0462,🛵 БпЛА курсом на Дніпро з півдня.,https://t.me/kpszsu/67868
2026-07-09T06:38:00+00:00,kpszsu,67869,область,Харківська,північ,КАБ,49.9935,36.2304,Пуски КАБ ➡️ на північ Харківщини!,https://t.me/kpszsu/67869
2026-07-09T07:23:20+00:00,kpszsu,67870,область,Харківська,північ,БпЛА,49.9935,36.2304,🛵 БпЛА курсом на Харків з півночі.,https://t.me/kpszsu/67870
2026-07-09T07:27:22+00:00,kpszsu,67871,область,Херсонська,,КАБ,46.6354,32.6169,Пуски КАБ на Херсон.,https://t.me/kpszsu/67871
2026-07-09T08:18:56+00:00,kpszsu,67872,область,Миколаївська,південь,БпЛА,46.975,31.9946,🛵 Реактивний БпЛА ➡️ курсом на Миколаїв з півдня.,https://t.me/kpszsu/67872
2026-07-09T08:32:45+00:00,kpszsu,67873,область,Дніпропетровська,,КАБ,48.4647,35.0462,Пуски КАБ на Дніпропетровщину!,https://t.me/kpszsu/67873
2026-07-09T08:35:17+00:00,kpszsu,67874,область,Дніпропетровська,,БпЛА,48.4647,35.0462,🛵 Дніпропетровщина: група реактивних БпЛА ➡️ курсом на Павлоград.,https://t.me/kpszsu/67874
2026-07-09T08:38:53+00:00,kpszsu,67875,область,Миколаївська,південь,БпЛА,46.975,31.9946,🛵 Реактивний БпЛА ➡️ курсом на Миколаїв з півдня.,https://t.me/kpszsu/67875
2026-07-09T09:18:57+00:00,kpszsu,67876,область,Харківська,,БпЛА,49.9935,36.2304,🛵 Харківщина: реактивні БпЛА ➡️ в районі Золочева.,https://t.me/kpszsu/67876
2026-07-09T09:43:30+00:00,kpszsu,67877,область,Сумська,,БпЛА,50.9077,34.7981,🛵 БпЛА ➡️ курсом на Суми.,https://t.me/kpszsu/67877
2026-07-09T11:07:59+00:00,kpszsu,67878,область,Херсонська,,БпЛА,46.6354,32.6169,"🛵 Реактивний БпЛА на Херсонщині, курс ➡️ на Миколаївщину.",https://t.me/kpszsu/67878
2026-07-09T11:07:59+00:00,kpszsu,67878,область,Миколаївська,,БпЛА,46.975,31.9946,"🛵 Реактивний БпЛА на Херсонщині, курс ➡️ на Миколаївщину.",https://t.me/kpszsu/67878
2026-07-09T11:09:16+00:00,kpszsu,67879,область,Запорізька,,БпЛА,47.8388,35.1396,"🛵 БпЛА ➡️ курсом на Запоріжжя, Миколаїв.",https://t.me/kpszsu/67879
2026-07-09T11:09:16+00:00,kpszsu,67879,область,Миколаївська,,БпЛА,46.975,31.9946,"🛵 БпЛА ➡️ курсом на Запоріжжя, Миколаїв.",https://t.me/kpszsu/67879
2026-07-09T11:15:25+00:00,kpszsu,67880,область,Херсонська,,БпЛА,46.6354,32.6169,"🛵 Реактивний БпЛА на Херсонщині, курс ➡️ на Миколаївщину.",https://t.me/kpszsu/67880
2026-07-09T11:15:25+00:00,kpszsu,67880,область,Миколаївська,,БпЛА,46.975,31.9946,"🛵 Реактивний БпЛА на Херсонщині, курс ➡️ на Миколаївщину.",https://t.me/kpszsu/67880
2026-07-09T11:53:10+00:00,kpszsu,67881,область,Чернігівська,,БпЛА,51.4982,31.2893,🛵 Чернігівщина: БпЛА ➡️ у напрямку Сновська.,https://t.me/kpszsu/67881
2026-07-09T11:53:40+00:00,kpszsu,67882,область,Сумська,,КАБ,50.9077,34.7981,Пуски КАБ на Сумщину.,https://t.me/kpszsu/67882
2026-07-09T12:24:45+00:00,kpszsu,67883,область,Харківська,,КАБ,49.9935,36.2304,Пуски КАБ на Харківщину та Донеччину.,https://t.me/kpszsu/67883
2026-07-09T12:24:45+00:00,kpszsu,67883,область,Донецька,,КАБ,48.0159,37.8029,Пуски КАБ на Харківщину та Донеччину.,https://t.me/kpszsu/67883
2026-07-09T13:23:42+00:00,kpszsu,67885,область,Запорізька,,БпЛА,47.8388,35.1396,🛵 Група БпЛА ➡️ курсом на Запоріжжя.,https://t.me/kpszsu/67885
2026-07-09T13:55:39+00:00,kpszsu,67886,область,Дніпропетровська,,БпЛА,48.4647,35.0462,🛵 Дніпропетровщина: група реактивних БпЛА ➡️ курсом на Синельникове.,https://t.me/kpszsu/67886
2026-07-09T15:34:59+00:00,kpszsu,67887,область,Миколаївська,північ,БпЛА,46.975,31.9946,"🛵 Реактивний БпЛА курсом на Миколаїв з півночі. 🛵 БпЛА в Богодухівському районі Харківщини, курс південний.",https://t.me/kpszsu/67887
2026-07-09T15:34:59+00:00,kpszsu,67887,область,Харківська,,БпЛА,49.9935,36.2304,"🛵 Реактивний БпЛА курсом на Миколаїв з півночі. 🛵 БпЛА в Богодухівському районі Харківщини, курс південний.",https://t.me/kpszsu/67887
2026-07-09T16:18:00+00:00,kpszsu,67888,область,Запорізька,,БпЛА,47.8388,35.1396,🛵 Реактивний БПЛА ➡️ курсом на Запоріжжя.,https://t.me/kpszsu/67888
2026-07-09T18:03:19+00:00,kpszsu,67890,область,Запорізька,,БпЛА,47.8388,35.1396,🛵 Реактивний БПЛА ➡️ курсом на Запоріжжя.,https://t.me/kpszsu/67890
2026-07-09T18:37:13+00:00,kpszsu,67891,область,Харківська,,БпЛА,49.9935,36.2304,🛵 Харківщина: БпЛА ➡️ в районі Старого Салтова. 🛵 Сумщина: БпЛА ➡️ курсом на Конотоп.,https://t.me/kpszsu/67891
2026-07-09T18:37:13+00:00,kpszsu,67891,область,Сумська,,БпЛА,50.9077,34.7981,🛵 Харківщина: БпЛА ➡️ в районі Старого Салтова. 🛵 Сумщина: БпЛА ➡️ курсом на Конотоп.,https://t.me/kpszsu/67891
2026-07-09T18:54:43+00:00,kpszsu,67892,область,Запорізька,,КАБ,47.8388,35.1396,Пуски КАБ на Запоріжжя та Харківщину.,https://t.me/kpszsu/67892
2026-07-09T18:54:43+00:00,kpszsu,67892,область,Харківська,,КАБ,49.9935,36.2304,Пуски КАБ на Запоріжжя та Харківщину.,https://t.me/kpszsu/67892
2026-07-09T19:16:31+00:00,kpszsu,67894,область,Дніпропетровська,,БпЛА,48.4647,35.0462,🛵 Дніпропетровщина: група БпЛА ➡️ курсом на Синельникове.,https://t.me/kpszsu/67894
2026-07-09T19:35:01+00:00,kpszsu,67895,область,Миколаївська,,БпЛА,46.975,31.9946,🛵 Реактивний БпЛА з акваторії Чорного моря ➡️ курсом на Миколаївщину (Березанка).,https://t.me/kpszsu/67895
2026-07-09T19:41:45+00:00,kpszsu,67896,область,Харківська,,БпЛА,49.9935,36.2304,🛵 Харківщина: реактивні БпЛА ➡️ курсом на Гути. 🛵 Групи БпЛА ➡️ курсом на Запоріжжя.,https://t.me/kpszsu/67896
2026-07-09T19:41:45+00:00,kpszsu,67896,область,Запорізька,,БпЛА,47.8388,35.1396,🛵 Харківщина: реактивні БпЛА ➡️ курсом на Гути. 🛵 Групи БпЛА ➡️ курсом на Запоріжжя.,https://t.me/kpszsu/67896
2026-07-09T20:14:46+00:00,kpszsu,67897,область,Дніпропетровська,,БпЛА,48.4647,35.0462,🛵 Дніпропетровщина: нова група БпЛА ➡️ курсом на Синельникове з півдня.,https://t.me/kpszsu/67897
2026-07-09T20:28:30+00:00,kpszsu,67898,область,Дніпропетровська,,БпЛА,48.4647,35.0462,🛵 БпЛА ➡️ на Дніпро/Самар. 🛵 Харківщина: реактивний БпЛА ➡️ курсом на Валки.,https://t.me/kpszsu/67898
2026-07-09T20:28:30+00:00,kpszsu,67898,область,Харківська,,БпЛА,49.9935,36.2304,🛵 БпЛА ➡️ на Дніпро/Самар. 🛵 Харківщина: реактивний БпЛА ➡️ курсом на Валки.,https://t.me/kpszsu/67898
2026-07-09T21:21:45+00:00,kpszsu,67899,область,Харківська,,ракета,49.9935,36.2304,Ракета через Харківщину!,https://t.me/kpszsu/67899
2026-07-09T21:22:04+00:00,kpszsu,67900,область,Харківська,,ракета,49.9935,36.2304,Ракета через Харківщину!,https://t.me/kpszsu/67900
2026-07-09T21:23:17+00:00,kpszsu,67901,область,Харківська,,ракета,49.9935,36.2304,🚀 Ще ракета через Харківщину!,https://t.me/kpszsu/67901
2026-07-09T21:23:52+00:00,kpszsu,67902,область,Харківська,,ракета,49.9935,36.2304,🚀 Ще ракета через Харківщину!,https://t.me/kpszsu/67902
2026-07-09T21:45:48+00:00,kpszsu,67903,область,Харківська,,БпЛА,49.9935,36.2304,🛵 Харківщина: реактивний БпЛА ➡️ курсом на Валки.,https://t.me/kpszsu/67903
2026-07-09T23:07:44+00:00,kpszsu,67906,область,Сумська,,КАБ,50.9077,34.7981,Пуски КАБ на Сумщину.,https://t.me/kpszsu/67906
2026-07-09T23:50:49+00:00,kpszsu,67907,область,Дніпропетровська,,БпЛА,48.4647,35.0462,🛵 Дніпропетровщина: БпЛА ➡️ курсом на Синельникове. 🛵 БпЛА ➡️ на Харків.,https://t.me/kpszsu/67907
2026-07-09T23:50:49+00:00,kpszsu,67907,область,Харківська,,БпЛА,49.9935,36.2304,🛵 Дніпропетровщина: БпЛА ➡️ курсом на Синельникове. 🛵 БпЛА ➡️ на Харків.,https://t.me/kpszsu/67907
2026-07-10T00:00:59+00:00,kpszsu,67908,область,Сумська,північ,БпЛА,50.9077,34.7981,🛵 БпЛА на півночі Сумщини ➡️ курсом на Шостку.,https://t.me/kpszsu/67908
2026-07-10T00:00:59+00:00,kpszsu,67908,область,Сумська,,БпЛА,50.9077,34.7981,🛵 БпЛА на півночі Сумщини ➡️ курсом на Шостку.,https://t.me/kpszsu/67908
2026-07-10T00:05:48+00:00,kpszsu,67909,область,Харківська,північ,БпЛА,49.9935,36.2304,🛵 БпЛА курсом на Харків з півночі.,https://t.me/kpszsu/67909
2026-07-10T00:42:36+00:00,kpszsu,67912,область,Донецька,,КАБ,48.0159,37.8029,КАБи ➡️ на Донеччину!,https://t.me/kpszsu/67912
2026-07-10T01:06:25+00:00,kpszsu,67913,область,Сумська,захід,БпЛА,50.9077,34.7981,🛵 БпЛА курсом на Суми з заходу.,https://t.me/kpszsu/67913
2026-07-10T01:27:50+00:00,kpszsu,67914,область,Дніпропетровська,,авіація,48.4647,35.0462,🚀 Пуски керованих авіаційних бомб ворожою тактичною авіацією на Дніпропетровщину (Синельниківський р-н).,https://t.me/kpszsu/67914
2026-07-10T01:57:54+00:00,kpszsu,67916,область,Харківська,північ,БпЛА,49.9935,36.2304,🛵 БпЛА курсом на Харків з півночі!,https://t.me/kpszsu/67916
2026-07-10T02:40:45+00:00,kpszsu,67917,область,Полтавська,,БпЛА,49.5883,34.5514,🛵 Реактивний БпЛА курсом на Кременчук!,https://t.me/kpszsu/67917
2026-07-10T02:44:09+00:00,kpszsu,67918,область,Харківська,північ,БпЛА,49.9935,36.2304,🛵 Реактивний БпЛА курсом на Харків з півночі.,https://t.me/kpszsu/67918
2026-07-10T02:50:30+00:00,kpszsu,67919,область,Запорізька,,КАБ,47.8388,35.1396,КАБи ➡️ на Запорізьку область.,https://t.me/kpszsu/67919
2026-07-10T03:03:49+00:00,kpszsu,67920,область,Одеська,,БпЛА,46.4825,30.7233,"🛵 БпЛА з акваторії Чорного моря, курсом на Одещину (Чорноморське).",https://t.me/kpszsu/67920
2026-07-10T03:21:10+00:00,kpszsu,67921,область,Запорізька,,КАБ,47.8388,35.1396,КАБи ➡️ на Запорізьку область.,https://t.me/kpszsu/67921
2026-07-10T03:53:42+00:00,kpszsu,67922,область,Дніпропетровська,захід,БпЛА,48.4647,35.0462,"🛵 Реактивні БпЛА південніше та західніше н.п. Кам'янське на Дніпропетровщині, курс північний.",https://t.me/kpszsu/67922
2026-07-10T04:51:03+00:00,kpszsu,67923,область,Миколаївська,захід,БпЛА,46.975,31.9946,🛵 БпЛА курсом на Миколаїв з заходу.,https://t.me/kpszsu/67923
2026-07-10T05:04:14+00:00,kpszsu,67924,область,Донецька,,БпЛА|збиття|ракета,48.0159,37.8029,"⚡️ ЗБИТО/ПОДАВЛЕНО 114 ВОРОЖИХ БПЛА ➖ ➖ ➖ ➖ ➖ ➖ ➖ ➖ ➖ ➖ У ніч на 10 липня (з 18:00 09 липня) противник атакував 137 ударними БпЛА типу Shahed (в т.ч. реактивними), Гербера, Італмас, баражуючими боєприпасами ""Бандероль"" та дронами-імітаторами типу «Пародія» із напрямків: Орел, Брянськ, Міллерово, Приморсько-Ахтарськ – рф., ТОТ Донецьк. Повітряний напад відбивали авіація, зенітні ракетні війська, підрозділи РЕБ та безпілотних систем, мобільні вогневі групи Сил оборони України. 💥 За попередніми даними, станом на 08:00, протиповітряною обороною збито/подавлено 114 ворожих БпЛА типу Shahed, Гербера, Італмас та дронів інших типів на півночі, півдні та сході країни. Зафіксовано влучання 18 ударних БпЛА на 16 локаціях, а також падіння збитих (уламки) на 4 локаціях. Атака триває, в повітряному просторі декілька ворожих БпЛА. Дотримуйтесь правил безпеки! ✊ Тримаймо небо! 🇺🇦 Разом – до перемоги!",https://t.me/kpszsu/67924
2026-07-10T05:38:21+00:00,kpszsu,67925,область,Сумська,,КАБ,50.9077,34.7981,Пуски КАБ на Сумщину.,https://t.me/kpszsu/67925
2026-07-10T06:31:48+00:00,kpszsu,67926,область,Харківська,,БпЛА,49.9935,36.2304,🛵 Харківщина: група БпЛА повз Ізюм  - курсом на південь.,https://t.me/kpszsu/67926
2026-07-10T06:31:48+00:00,kpszsu,67926,область,Харківська,південь,БпЛА,49.9935,36.2304,🛵 Харківщина: група БпЛА повз Ізюм  - курсом на південь.,https://t.me/kpszsu/67926
2026-07-10T06:45:25+00:00,kpszsu,67927,область,Донецька,,КАБ,48.0159,37.8029,КАБи на Донеччину.,https://t.me/kpszsu/67927
2026-07-10T07:09:04+00:00,kpszsu,67929,область,Сумська,,БпЛА,50.9077,34.7981,"🛵 Група реактивних БпЛА на Сумщині, повз  Путивль - південно-західним курсом.",https://t.me/kpszsu/67929
2026-07-10T07:26:21+00:00,kpszsu,67931,область,Чернігівська,,БпЛА,51.4982,31.2893,"🛵 Група реактивних БпЛА на Чернігівщині, курсом на Київщину/Черкащину. 🛵 Група БпЛА на Дніпропетровщині - в напрямку Кривого Рогу. 🛵 Група БпЛА на Харківщині - курсом на південь.",https://t.me/kpszsu/67931
2026-07-10T07:26:21+00:00,kpszsu,67931,область,Київська,,БпЛА,50.4501,30.5234,"🛵 Група реактивних БпЛА на Чернігівщині, курсом на Київщину/Черкащину. 🛵 Група БпЛА на Дніпропетровщині - в напрямку Кривого Рогу. 🛵 Група БпЛА на Харківщині - курсом на південь.",https://t.me/kpszsu/67931
2026-07-10T07:26:21+00:00,kpszsu,67931,область,Черкаська,,БпЛА,49.4444,32.0598,"🛵 Група реактивних БпЛА на Чернігівщині, курсом на Київщину/Черкащину. 🛵 Група БпЛА на Дніпропетровщині - в напрямку Кривого Рогу. 🛵 Група БпЛА на Харківщині - курсом на південь.",https://t.me/kpszsu/67931
2026-07-10T07:26:21+00:00,kpszsu,67931,область,Дніпропетровська,,БпЛА,48.4647,35.0462,"🛵 Група реактивних БпЛА на Чернігівщині, курсом на Київщину/Черкащину. 🛵 Група БпЛА на Дніпропетровщині - в напрямку Кривого Рогу. 🛵 Група БпЛА на Харківщині - курсом на південь.",https://t.me/kpszsu/67931
2026-07-10T07:26:21+00:00,kpszsu,67931,область,Харківська,південь,БпЛА,49.9935,36.2304,"🛵 Група реактивних БпЛА на Чернігівщині, курсом на Київщину/Черкащину. 🛵 Група БпЛА на Дніпропетровщині - в напрямку Кривого Рогу. 🛵 Група БпЛА на Харківщині - курсом на південь.",https://t.me/kpszsu/67931
2026-07-10T07:27:13+00:00,kpszsu,67932,область,Донецька,,КАБ,48.0159,37.8029,КАБи на Донеччину та Сумщину.,https://t.me/kpszsu/67932
2026-07-10T07:27:13+00:00,kpszsu,67932,область,Сумська,,КАБ,50.9077,34.7981,КАБи на Донеччину та Сумщину.,https://t.me/kpszsu/67932
2026-07-10T07:48:22+00:00,kpszsu,67933,область,Запорізька,,КАБ,47.8388,35.1396,КАБи на Запоріжжі.,https://t.me/kpszsu/67933
2026-07-10T07:53:20+00:00,kpszsu,67934,область,Запорізька,,КАБ,47.8388,35.1396,КАБи на Запоріжжі.,https://t.me/kpszsu/67934
2026-07-10T08:01:03+00:00,kpszsu,67935,область,Чернігівська,північ,БпЛА,51.4982,31.2893,"🛵 Реактивний БпЛА на півночі Чернігівщини, курсом на південь.",https://t.me/kpszsu/67935
2026-07-10T08:04:07+00:00,kpszsu,67936,область,Дніпропетровська,схід,БпЛА|КАБ,48.4647,35.0462,КАБ на схід Дніпропетровщини.,https://t.me/kpszsu/67936
2026-07-10T08:08:13+00:00,kpszsu,67937,область,Чернігівська,північ,БпЛА,51.4982,31.2893,"🛵 Реактивний БпЛА на півночі Чернігівщини, курсом на південь.",https://t.me/kpszsu/67937
2026-07-10T08:24:16+00:00,kpszsu,67938,область,Одеська,,БпЛА,46.4825,30.7233,🛵 Реактивні БпЛА в напрямку Одещини/Миколаївщини з Чорного моря.,https://t.me/kpszsu/67938
2026-07-10T08:24:16+00:00,kpszsu,67938,область,Миколаївська,,БпЛА,46.975,31.9946,🛵 Реактивні БпЛА в напрямку Одещини/Миколаївщини з Чорного моря.,https://t.me/kpszsu/67938
2026-07-10T08:34:23+00:00,kpszsu,67939,область,Запорізька,,КАБ,47.8388,35.1396,КАБи на Запоріжжі.,https://t.me/kpszsu/67939
2026-07-10T08:58:03+00:00,kpszsu,67940,область,Одеська,,БпЛА,46.4825,30.7233,🛵 Група БпЛА в акваторії Чорного моря в напрямку Одещини.,https://t.me/kpszsu/67940
2026-07-10T10:19:37+00:00,kpszsu,67941,область,Харківська,,БпЛА,49.9935,36.2304,🛵 Харків - БпЛА в напрямку міста.,https://t.me/kpszsu/67941
2026-07-10T11:11:03+00:00,kpszsu,67942,область,Запорізька,південь,БпЛА,47.8388,35.1396,🛵 БпЛА на Запоріжжя з півдня.,https://t.me/kpszsu/67942
2026-07-10T11:21:33+00:00,kpszsu,67943,область,Миколаївська,,БпЛА,46.975,31.9946,🛵 Реактивний БпЛА на Миколаїв.,https://t.me/kpszsu/67943
2026-07-10T12:02:40+00:00,kpszsu,67944,область,Донецька,,КАБ,48.0159,37.8029,Пуск КАБ на Донеччині.,https://t.me/kpszsu/67944
2026-07-10T12:15:33+00:00,kpszsu,67945,область,Сумська,,КАБ,50.9077,34.7981,Пуски КАБ на Сумщину.,https://t.me/kpszsu/67945
2026-07-10T12:22:14+00:00,kpszsu,67946,область,Сумська,,БпЛА,50.9077,34.7981,🛵 Сумщина: реактивний БпЛА на Тростянець.,https://t.me/kpszsu/67946
2026-07-10T12:28:48+00:00,kpszsu,67947,область,Запорізька,південь,БпЛА,47.8388,35.1396,🛵 БпЛА на Запоріжжя з півдня.,https://t.me/kpszsu/67947
2026-07-10T12:40:57+00:00,kpszsu,67948,область,Запорізька,,КАБ,47.8388,35.1396,Пуски КАБ на Запоріжжі.,https://t.me/kpszsu/67948
2026-07-10T12:43:30+00:00,kpszsu,67949,область,Запорізька,,КАБ,47.8388,35.1396,КАБи у напрямку м. Запоріжжя.,https://t.me/kpszsu/67949
2026-07-10T12:52:30+00:00,kpszsu,67950,область,Запорізька,,КАБ,47.8388,35.1396,Ще КАБи у напрямку м. Запоріжжя.,https://t.me/kpszsu/67950
2026-07-10T13:25:04+00:00,kpszsu,67951,область,Дніпропетровська,,КАБ,48.4647,35.0462,Дніпропетровщина: КАБ на Васильківку.,https://t.me/kpszsu/67951
2026-07-10T13:28:27+00:00,kpszsu,67952,область,Дніпропетровська,схід,БпЛА,48.4647,35.0462,🛵 Реактивний БпЛА на Кривий Ріг зі сходу.,https://t.me/kpszsu/67952
2026-07-10T13:37:27+00:00,kpszsu,67953,область,Сумська,,КАБ,50.9077,34.7981,Пуски КАБ на Сумщину та Запоріжжя.,https://t.me/kpszsu/67953
2026-07-10T13:37:27+00:00,kpszsu,67953,область,Запорізька,,КАБ,47.8388,35.1396,Пуски КАБ на Сумщину та Запоріжжя.,https://t.me/kpszsu/67953
2026-07-10T14:27:21+00:00,kpszsu,67955,область,Запорізька,північ,БпЛА,47.8388,35.1396,🛵 БпЛА на півночі Запоріжжя курсом на Дніпропетровщину.,https://t.me/kpszsu/67955
2026-07-10T14:27:21+00:00,kpszsu,67955,область,Дніпропетровська,,БпЛА,48.4647,35.0462,🛵 БпЛА на півночі Запоріжжя курсом на Дніпропетровщину.,https://t.me/kpszsu/67955
2026-07-10T14:30:36+00:00,kpszsu,67956,область,Дніпропетровська,північ,БпЛА,48.4647,35.0462,🛵 БпЛА на Кривий Ріг з півночі.,https://t.me/kpszsu/67956
2026-07-10T14:34:49+00:00,kpszsu,67957,область,Дніпропетровська,,БпЛА,48.4647,35.0462,🛵 Дніпропетровщина: БпЛА ➡️ курсом на Синельникове.,https://t.me/kpszsu/67957
2026-07-10T14:40:35+00:00,kpszsu,67958,область,Одеська,,ракета,46.4825,30.7233,Ракета на Одесу!,https://t.me/kpszsu/67958
2026-07-10T16:00:17+00:00,kpszsu,67959,область,Харківська,північ,БпЛА,49.9935,36.2304,🛵 Харківщина: БпЛА на Богодухів з півночі.,https://t.me/kpszsu/67959
2026-07-10T16:20:20+00:00,kpszsu,67960,область,Миколаївська,,,46.975,31.9946,🛵 Реактивний на Миколаївщину (Очаків).,https://t.me/kpszsu/67960
2026-07-10T16:50:58+00:00,kpszsu,67961,область,Запорізька,південь,БпЛА,47.8388,35.1396,🛵 БпЛА на Запоріжжя з півдня.,https://t.me/kpszsu/67961
2026-07-10T17:14:53+00:00,kpszsu,67962,область,Чернігівська,,БпЛА,51.4982,31.2893,🛵 Чернігівщина: реактивні БпЛА на Любеч з півночі.,https://t.me/kpszsu/67962
2026-07-10T17:22:22+00:00,kpszsu,67963,область,Чернігівська,північно-захід,БпЛА,51.4982,31.2893,🛵 БпЛА на Чернігів з північного заходу.,https://t.me/kpszsu/67963
2026-07-10T17:44:24+00:00,kpszsu,67964,область,Одеська,,ракета,46.4825,30.7233,"Ракета на Одещину, Чорноморське!",https://t.me/kpszsu/67964
2026-07-10T17:50:58+00:00,kpszsu,67965,область,Сумська,,КАБ,50.9077,34.7981,КАБи на Сумщину.,https://t.me/kpszsu/67965
2026-07-10T17:54:33+00:00,kpszsu,67966,область,Харківська,,КАБ,49.9935,36.2304,КАБи на Харківщину.,https://t.me/kpszsu/67966
2026-07-10T18:36:27+00:00,kpszsu,67967,область,Одеська,,БпЛА,46.4825,30.7233,🛵 Група БпЛА в акваторії Чорного моря - курсом на Одещину (Дністровський р-н).,https://t.me/kpszsu/67967
2026-07-10T18:51:44+00:00,kpszsu,67968,область,Дніпропетровська,,КАБ,48.4647,35.0462,КАБи на Дніпропетровщину.,https://t.me/kpszsu/67968
2026-07-10T20:20:04+00:00,kpszsu,67969,область,Запорізька,,КАБ,47.8388,35.1396,КАБи на Запоріжжі.,https://t.me/kpszsu/67969
2026-07-10T21:35:30+00:00,kpszsu,67971,область,Одеська,,БпЛА,46.4825,30.7233,"🛵 Група БпЛА в акваторії Чорного моря - курсом на Одещину (Чорноморськ, Овідіополь).",https://t.me/kpszsu/67971
2026-07-10T22:12:43+00:00,kpszsu,67972,область,Одеська,,БпЛА,46.4825,30.7233,🛵 Одеса - БпЛА в напрямку міста.,https://t.me/kpszsu/67972
2026-07-10T22:38:59+00:00,kpszsu,67973,область,Запорізька,,БпЛА,47.8388,35.1396,🛵 Запоріжжя - БпЛА поблизу міста.,https://t.me/kpszsu/67973
2026-07-10T23:33:56+00:00,kpszsu,67974,область,Одеська,,БпЛА,46.4825,30.7233,"🛵 Група БпЛА в акваторії Чорного моря - курсом на Одещину (Чорноморськ, Овідіополь).",https://t.me/kpszsu/67974
2026-07-10T23:46:12+00:00,kpszsu,67976,область,Сумська,,КАБ,50.9077,34.7981,КАБи на Сумщину.,https://t.me/kpszsu/67976
2026-07-10T23:52:06+00:00,kpszsu,67977,область,Донецька,,КАБ,48.0159,37.8029,КАБи на Донеччину.,https://t.me/kpszsu/67977
2026-07-11T00:08:20+00:00,kpszsu,67978,область,Харківська,північ,КАБ,49.9935,36.2304,КАБи на північ Харківщини.,https://t.me/kpszsu/67978
2026-07-11T00:16:20+00:00,kpszsu,67979,область,Сумська,,БпЛА,50.9077,34.7981,🛵 БпЛА на Суми.,https://t.me/kpszsu/67979
2026-07-11T00:23:48+00:00,kpszsu,67980,область,Одеська,південь,БпЛА,46.4825,30.7233,"🛵 Група БпЛА з акваторії Чорного моря на південь Одещини, вектор - Татарбунари/Сарата.",https://t.me/kpszsu/67980
2026-07-11T00:41:58+00:00,kpszsu,67981,область,Київська,,ракета,50.4501,30.5234,Київ - ракетна небезпека!,https://t.me/kpszsu/67981
2026-07-11T00:52:55+00:00,kpszsu,67982,область,Київська,,,50.4501,30.5234,Швидкісна ціль на Київ!,https://t.me/kpszsu/67982
2026-07-11T00:53:58+00:00,kpszsu,67983,область,Київська,,,50.4501,30.5234,Ще швидкісні на Київ!,https://t.me/kpszsu/67983
2026-07-11T01:11:09+00:00,kpszsu,67984,область,Одеська,північ,БпЛА,46.4825,30.7233,🛵 Одещина: БпЛА на Катлабуг з півночі.,https://t.me/kpszsu/67984
2026-07-11T01:24:54+00:00,kpszsu,67985,область,Одеська,,БпЛА,46.4825,30.7233,🛵 Одещина: БпЛА на Ізмаїл.,https://t.me/kpszsu/67985
2026-07-11T01:33:47+00:00,kpszsu,67987,область,Запорізька,,КАБ,47.8388,35.1396,Пуски КАБ на Запоріжжі.,https://t.me/kpszsu/67987
2026-07-11T01:34:40+00:00,kpszsu,67988,область,Одеська,,БпЛА,46.4825,30.7233,🛵 Одещина: БпЛА на Ізмаїл.,https://t.me/kpszsu/67988
2026-07-11T01:42:21+00:00,kpszsu,67989,область,Одеська,,БпЛА,46.4825,30.7233,🛵 Одещина: БпЛА на Вилкове.,https://t.me/kpszsu/67989
2026-07-11T01:52:56+00:00,kpszsu,67990,область,Запорізька,,БпЛА|КАБ,47.8388,35.1396,Запоріжжя: БпЛА та КАБ на Комишуваху,https://t.me/kpszsu/67990
2026-07-11T01:53:59+00:00,kpszsu,67991,область,Дніпропетровська,схід,КАБ,48.4647,35.0462,Пуски КАБ на схід Дніпропетровщини.,https://t.me/kpszsu/67991
2026-07-11T02:22:41+00:00,kpszsu,67992,область,Сумська,північ,БпЛА,50.9077,34.7981,"🛵 Реактивні БпЛА на півночі Сумщини, курсом на Кролевець з північного сходу.",https://t.me/kpszsu/67992
2026-07-11T02:28:51+00:00,kpszsu,67993,область,Сумська,,БпЛА,50.9077,34.7981,🛵 Реактивні БпЛА на Сумщині ➡️ курсом на Батурин (Чернігівщина).,https://t.me/kpszsu/67993
2026-07-11T02:28:51+00:00,kpszsu,67993,область,Чернігівська,,БпЛА,51.4982,31.2893,🛵 Реактивні БпЛА на Сумщині ➡️ курсом на Батурин (Чернігівщина).,https://t.me/kpszsu/67993
2026-07-11T02:42:06+00:00,kpszsu,67994,область,Чернігівська,,БпЛА,51.4982,31.2893,🛵 Чернігівщина: реактивні БпЛА на/повз Ніжин зі сходу.,https://t.me/kpszsu/67994
2026-07-11T02:42:06+00:00,kpszsu,67994,область,Чернігівська,схід,БпЛА,51.4982,31.2893,🛵 Чернігівщина: реактивні БпЛА на/повз Ніжин зі сходу.,https://t.me/kpszsu/67994
2026-07-11T02:52:21+00:00,kpszsu,67995,область,Чернігівська,південь,БпЛА,51.4982,31.2893,🛵 Реактивні БпЛА на Чернігів з півдня.,https://t.me/kpszsu/67995
2026-07-11T02:56:53+00:00,kpszsu,67996,область,Харківська,,БпЛА,49.9935,36.2304,🛵 БпЛА на Чугуїв.,https://t.me/kpszsu/67996
2026-07-11T03:07:55+00:00,kpszsu,67997,область,Чернігівська,,БпЛА,51.4982,31.2893,🛵 Реактивні БпЛА в районі Ніжина.,https://t.me/kpszsu/67997
2026-07-11T03:15:14+00:00,kpszsu,67998,область,Сумська,,БпЛА,50.9077,34.7981,🛵 Сумщина: реактивні БпЛА повз Кролевець курсом на Конотоп.,https://t.me/kpszsu/67998
2026-07-11T03:51:01+00:00,kpszsu,67999,область,Чернігівська,,БпЛА,51.4982,31.2893,🛵 Реактивний БпЛА в районі Ніжина.,https://t.me/kpszsu/67999
2026-07-11T04:20:55+00:00,kpszsu,68001,область,Одеська,,БпЛА,46.4825,30.7233,🛵 Групи БпЛА в акваторії Чорного моря курсом на Одещину.,https://t.me/kpszsu/68001
2026-07-11T04:45:45+00:00,kpszsu,68004,область,Чернігівська,,БпЛА,51.4982,31.2893,"🛵 Чернігівщина: реактивний БпЛА повз Макошине, курсом на північ.",https://t.me/kpszsu/68004
2026-07-11T04:49:17+00:00,kpszsu,68006,область,Полтавська,,БпЛА,49.5883,34.5514,🛵 БпЛА з Сумщини на Полтавщину.,https://t.me/kpszsu/68006
2026-07-11T04:54:54+00:00,kpszsu,68007,область,Запорізька,,,47.8388,35.1396,Швидкісна ціль на Запоріжжя!,https://t.me/kpszsu/68007
2026-07-11T05:24:53+00:00,kpszsu,68008,область,Полтавська,північ,БпЛА,49.5883,34.5514,🛵 Полтавщина: БпЛА на Шишаки з півночі.,https://t.me/kpszsu/68008
2026-07-11T05:27:19+00:00,kpszsu,68009,область,Чернігівська,,БпЛА,51.4982,31.2893,🛵 Чернігівщина: реактивні БпЛА на Ніжин з північного сходу.,https://t.me/kpszsu/68009
2026-07-11T05:27:19+00:00,kpszsu,68009,область,Чернігівська,північно-схід,БпЛА,51.4982,31.2893,🛵 Чернігівщина: реактивні БпЛА на Ніжин з північного сходу.,https://t.me/kpszsu/68009
2026-07-11T05:42:20+00:00,kpszsu,68010,область,Донецька,,БпЛА|збиття|ракета,48.0159,37.8029,"⚡️ ЗБИТО/ПОДАВЛЕНО 2 РАКЕТИ Х-59/69 ТА 111 ВОРОЖИХ БПЛА ➖ ➖ ➖ ➖ ➖ ➖ ➖ ➖ ➖ ➖ У ніч на 11 липня (з 18:00 10 липня) противник атакував 6 балістичними ракетами Іскандер-М/С-400 із Брянської області рф, 4 керованими авіаційними ракетами Х-59/69 із повітряного простору ТОТ АР Криму, 2 протирадіолокаційними ракетами Х-31 з акваторії Чорного моря та 121 ударним БпЛА типу Shahed, Гербера, Італмас та дронами-імітаторами типу «Пародія» із напрямків Курськ, Міллєрово, Орел, Приморсько-Ахтарськ – рф., ТОТ Донецької обл.; Гвардійське, Чауда – ТОТ АР Крим. Повітряний напад відбивали авіація, зенітні ракетні війська, підрозділи РЕБ та безпілотних систем, мобільні вогневі групи Сил оборони України. 💥 За попередніми даними, станом на 08.30, протиповітряною обороною збито/подавлено 2 керовані авіаційні ракети Х-59/69 та 111 ворожих БпЛА типу Shahed, Гербера, Італмас та дронів інших типів на півночі, півдні та сході країни. Зафіксовано влучання балістичних ракет, 2 керованих авіаційних ракет та 7 ударних БпЛА на 11 локаціях, а також падіння збитих (уламки) на 3 локаціях. Інформація щодо двох протирадіолокаційних ракет уточнюється, інформація про руйнування та постраждалих не надходила. Атака триває, в повітряному просторі декілька ворожих БпЛА. Дотримуйтесь правил безпеки! ✊ Тримаймо небо! 🇺🇦 Разом – до перемоги!",https://t.me/kpszsu/68010
2026-07-11T05:53:21+00:00,kpszsu,68011,область,Чернігівська,,БпЛА,51.4982,31.2893,🛵 Чернігівщина: реактивний БпЛА на Ніжин. 🛵 БпЛА на сході Полтавщини - південним курсом.,https://t.me/kpszsu/68011
2026-07-11T05:53:21+00:00,kpszsu,68011,область,Полтавська,схід,БпЛА,49.5883,34.5514,🛵 Чернігівщина: реактивний БпЛА на Ніжин. 🛵 БпЛА на сході Полтавщини - південним курсом.,https://t.me/kpszsu/68011
2026-07-11T06:03:03+00:00,kpszsu,68012,область,Харківська,північ,КАБ,49.9935,36.2304,Пуски КАБ на північ Харківщини.,https://t.me/kpszsu/68012
2026-07-11T06:04:48+00:00,kpszsu,68013,область,Донецька,,КАБ,48.0159,37.8029,Пуски КАБ на Донеччину.,https://t.me/kpszsu/68013
2026-07-11T06:10:30+00:00,kpszsu,68014,область,Харківська,схід,КАБ,49.9935,36.2304,КАБи н схід Харківщини!,https://t.me/kpszsu/68014
2026-07-11T06:16:51+00:00,kpszsu,68015,область,Запорізька,,БпЛА,47.8388,35.1396,"🛵 БпЛА у Запорізькій області: у напрямку Комишувахи з півдня, у напрямку Новомиколаївки зі сходу",https://t.me/kpszsu/68015
2026-07-11T06:16:51+00:00,kpszsu,68015,область,Запорізька,південь,БпЛА,47.8388,35.1396,"🛵 БпЛА у Запорізькій області: у напрямку Комишувахи з півдня, у напрямку Новомиколаївки зі сходу",https://t.me/kpszsu/68015
2026-07-11T06:20:23+00:00,kpszsu,68016,область,Дніпропетровська,північно-захід,БпЛА,48.4647,35.0462,🛵 БпЛА у Синельниківському районі Дніпропетровщини ➡️ північно-західним курсом,https://t.me/kpszsu/68016
2026-07-11T06:21:04+00:00,kpszsu,68017,область,Запорізька,південь,БпЛА,47.8388,35.1396,🛵 БпЛА на Запоріжжя з півдня,https://t.me/kpszsu/68017
2026-07-11T06:31:42+00:00,kpszsu,68018,область,Харківська,північно-схід,БпЛА|КАБ,49.9935,36.2304,КАБи на північний схід  Харківщини!,https://t.me/kpszsu/68018
2026-07-11T06:37:08+00:00,kpszsu,68019,область,Чернігівська,північ,БпЛА,51.4982,31.2893,🛵 Реактивний БпЛА на Батурин на Чернігівщині з півночі,https://t.me/kpszsu/68019
2026-07-11T06:39:44+00:00,kpszsu,68020,область,Херсонська,південь,БпЛА,46.6354,32.6169,🛵 БпЛА у напрямку Антонівки на Херсонщині з півдня 🛵 БпЛА у напрямку Богодухова на Харківщині з півночі,https://t.me/kpszsu/68020
2026-07-11T06:39:44+00:00,kpszsu,68020,область,Харківська,північ,БпЛА,49.9935,36.2304,🛵 БпЛА у напрямку Антонівки на Херсонщині з півдня 🛵 БпЛА у напрямку Богодухова на Харківщині з півночі,https://t.me/kpszsu/68020
2026-07-11T06:42:19+00:00,kpszsu,68021,область,Чернігівська,північ,БпЛА,51.4982,31.2893,🛵 Реактивний БпЛА на Батурин на Чернігівщині з півночі,https://t.me/kpszsu/68021
2026-07-11T06:49:32+00:00,kpszsu,68022,область,Донецька,,КАБ,48.0159,37.8029,КАБи на Донеччину!,https://t.me/kpszsu/68022
2026-07-11T06:55:37+00:00,kpszsu,68023,область,Запорізька,південь,БпЛА,47.8388,35.1396,🛵 БпЛА на Запоріжжя з півдня,https://t.me/kpszsu/68023
2026-07-11T07:05:32+00:00,kpszsu,68024,область,Харківська,північно-схід,КАБ,49.9935,36.2304,КАБи на північний схід  Харківщини та Донеччину!,https://t.me/kpszsu/68024
2026-07-11T07:05:32+00:00,kpszsu,68024,область,Донецька,,КАБ,48.0159,37.8029,КАБи на північний схід  Харківщини та Донеччину!,https://t.me/kpszsu/68024
2026-07-11T07:45:45+00:00,kpszsu,68027,область,Одеська,,ракета,46.4825,30.7233,🚀 Ракета на Одесу!,https://t.me/kpszsu/68027
2026-07-11T07:51:55+00:00,kpszsu,68028,область,Сумська,північ,БпЛА,50.9077,34.7981,🛵 Група реактивних БпЛА через північ Сумщини ➡️ у напрямку Новгород-Сіверського.,https://t.me/kpszsu/68028
2026-07-11T07:54:22+00:00,kpszsu,68029,область,Дніпропетровська,,КАБ,48.4647,35.0462,КАБи на Дніпропетровщину та Донеччину!,https://t.me/kpszsu/68029
2026-07-11T07:54:22+00:00,kpszsu,68029,область,Донецька,,КАБ,48.0159,37.8029,КАБи на Дніпропетровщину та Донеччину!,https://t.me/kpszsu/68029
2026-07-11T08:04:41+00:00,kpszsu,68030,область,Сумська,північ,БпЛА,50.9077,34.7981,🛵 Група реактивних БпЛА через північ Сумщини ➡️ у напрямку Новгород-Сіверського.,https://t.me/kpszsu/68030
2026-07-11T08:34:10+00:00,kpszsu,68032,область,Одеська,,БпЛА,46.4825,30.7233,🛵 БпЛА з акваторії Чорного моря ➡️ курсом на Одещину (Чорноморськ).,https://t.me/kpszsu/68032
2026-07-11T09:02:22+00:00,kpszsu,68033,область,Сумська,північ,БпЛА,50.9077,34.7981,🛵 БпЛА на Суми з півночі,https://t.me/kpszsu/68033
2026-07-11T09:09:05+00:00,kpszsu,68035,область,Запорізька,південно-схід,БпЛА,47.8388,35.1396,🛵 БпЛА у напрямку Запоріжжя з південного сходу,https://t.me/kpszsu/68035
2026-07-11T09:11:54+00:00,kpszsu,68036,область,Дніпропетровська,,КАБ,48.4647,35.0462,КАБи на Дніпропетровщину!,https://t.me/kpszsu/68036
2026-07-11T09:14:56+00:00,kpszsu,68037,область,Одеська,,БпЛА,46.4825,30.7233,🛵 БпЛА у напрямку Чорноморського на Одещині з акваторії Чорного моря,https://t.me/kpszsu/68037
2026-07-11T09:22:31+00:00,kpszsu,68038,область,Чернігівська,,БпЛА,51.4982,31.2893,🛵 Чернігівщина: група реактивних БпЛА ➡️ курсом на Славутич.,https://t.me/kpszsu/68038
2026-07-11T09:28:42+00:00,kpszsu,68039,область,Чернігівська,,БпЛА,51.4982,31.2893,🛵 Чернігівщина: група реактивних БпЛА ➡️ курсом на Славутич.,https://t.me/kpszsu/68039
2026-07-11T09:52:36+00:00,kpszsu,68040,область,Сумська,,БпЛА,50.9077,34.7981,🛵 Сумщина: реактивний БпЛА ➡️ курсом на Кролевець.,https://t.me/kpszsu/68040
2026-07-11T10:10:03+00:00,kpszsu,68041,область,Сумська,,БпЛА,50.9077,34.7981,🛵 Сумщина: реактивний БпЛА ➡️ курсом на Кролевець.,https://t.me/kpszsu/68041
2026-07-11T11:26:36+00:00,kpszsu,68043,область,Сумська,,КАБ,50.9077,34.7981,КАБи на Сумщину.,https://t.me/kpszsu/68043
2026-07-11T11:47:08+00:00,kpszsu,68044,область,Харківська,,КАБ,49.9935,36.2304,КАБи на Харківщину.,https://t.me/kpszsu/68044
2026-07-11T12:09:50+00:00,kpszsu,68045,область,Сумська,,БпЛА,50.9077,34.7981,🛵 Реактивний БпЛА в районі Шостки,https://t.me/kpszsu/68045
2026-07-11T12:10:18+00:00,kpszsu,68046,область,Харківська,,,49.9935,36.2304,Швидкісна ціль на Харків,https://t.me/kpszsu/68046
2026-07-11T12:11:57+00:00,kpszsu,68047,область,Сумська,,БпЛА,50.9077,34.7981,🛵 Реактивний БпЛА в районі Шостки,https://t.me/kpszsu/68047
2026-07-11T12:12:31+00:00,kpszsu,68048,область,Сумська,,БпЛА,50.9077,34.7981,🛵 БпЛА ➡️ курсом на Суми.,https://t.me/kpszsu/68048
2026-07-11T12:27:58+00:00,kpszsu,68049,область,Чернігівська,,БпЛА,51.4982,31.2893,🛵 Реактивний БпЛА із Сумщини ➡️ у напрямку Чернігівщини (Короп).,https://t.me/kpszsu/68049
2026-07-11T12:42:40+00:00,kpszsu,68050,область,Дніпропетровська,,БпЛА,48.4647,35.0462,🛵 Група БпЛА ➡️ курсом на Нікополь.,https://t.me/kpszsu/68050
2026-07-11T13:01:30+00:00,kpszsu,68051,область,Херсонська,,БпЛА,46.6354,32.6169,🛵 Група реактивних БпЛА через Херсонщину ➡️ курсом на Миколаївщину (Новий Буг/Казанка).,https://t.me/kpszsu/68051
2026-07-11T13:01:30+00:00,kpszsu,68051,область,Миколаївська,,БпЛА,46.975,31.9946,🛵 Група реактивних БпЛА через Херсонщину ➡️ курсом на Миколаївщину (Новий Буг/Казанка).,https://t.me/kpszsu/68051
2026-07-11T13:05:23+00:00,kpszsu,68052,область,Херсонська,,БпЛА,46.6354,32.6169,🛵 Група реактивних БпЛА через Херсонщину ➡️ курсом на Миколаївщину (Новий Буг/Казанка).,https://t.me/kpszsu/68052
2026-07-11T13:05:23+00:00,kpszsu,68052,область,Миколаївська,,БпЛА,46.975,31.9946,🛵 Група реактивних БпЛА через Херсонщину ➡️ курсом на Миколаївщину (Новий Буг/Казанка).,https://t.me/kpszsu/68052
2026-07-11T13:07:45+00:00,kpszsu,68053,область,Дніпропетровська,,КАБ,48.4647,35.0462,КАБи на Дніпропетровщину!,https://t.me/kpszsu/68053
2026-07-11T13:27:13+00:00,kpszsu,68055,область,Сумська,північ,БпЛА,50.9077,34.7981,🛵 БпЛА на Суми з півночі,https://t.me/kpszsu/68055
2026-07-11T13:35:29+00:00,kpszsu,68056,область,Сумська,північно-схід,БпЛА,50.9077,34.7981,🛵 Реактивні БпЛА у напрямку Охтирки на Сумщині з північного сходу,https://t.me/kpszsu/68056
2026-07-11T13:43:30+00:00,kpszsu,68058,область,Сумська,північно-схід,БпЛА,50.9077,34.7981,🛵 Реактивні БпЛА у напрямку Охтирки на Сумщині з північного сходу,https://t.me/kpszsu/68058
2026-07-11T13:44:35+00:00,kpszsu,68059,область,Дніпропетровська,,КАБ,48.4647,35.0462,КАБи на Дніпропетровщину!,https://t.me/kpszsu/68059
2026-07-11T13:48:50+00:00,kpszsu,68060,область,Херсонська,,КАБ,46.6354,32.6169,КАБи на Херсонщину!,https://t.me/kpszsu/68060
2026-07-11T13:51:35+00:00,kpszsu,68061,область,Дніпропетровська,,КАБ,48.4647,35.0462,КАБи на Дніпропетровщину!,https://t.me/kpszsu/68061
2026-07-11T14:01:00+00:00,kpszsu,68062,область,Чернігівська,північ,БпЛА,51.4982,31.2893,🛵 Реактивний БпЛА на півночі Чернігівщини у напрямку Сновська,https://t.me/kpszsu/68062
2026-07-11T14:03:16+00:00,kpszsu,68063,область,Запорізька,,КАБ,47.8388,35.1396,КАБи на Запорізьку область!,https://t.me/kpszsu/68063
2026-07-11T14:09:34+00:00,kpszsu,68065,область,Запорізька,,КАБ,47.8388,35.1396,КАБи на Запорізьку область!,https://t.me/kpszsu/68065
2026-07-11T14:24:56+00:00,kpszsu,68066,область,Чернігівська,північ,БпЛА,51.4982,31.2893,🛵 Реактивний БпЛА на півночі Чернігівщині ➡️ у південному напрямку 🛵 БпЛА на Запоріжжя з півдня,https://t.me/kpszsu/68066
2026-07-11T14:24:56+00:00,kpszsu,68066,область,Запорізька,південь,БпЛА,47.8388,35.1396,🛵 Реактивний БпЛА на півночі Чернігівщині ➡️ у південному напрямку 🛵 БпЛА на Запоріжжя з півдня,https://t.me/kpszsu/68066
2026-07-11T14:29:53+00:00,kpszsu,68067,область,Дніпропетровська,,КАБ,48.4647,35.0462,КАБи на Дніпропетровщину!,https://t.me/kpszsu/68067
2026-07-11T14:32:33+00:00,kpszsu,68068,область,Харківська,південно-схід,БпЛА,49.9935,36.2304,🛵 Реактивний БпЛА на Ков'яги Харківської області з південного сходу,https://t.me/kpszsu/68068
2026-07-11T14:34:46+00:00,kpszsu,68069,область,Чернігівська,південно-захід,БпЛА,51.4982,31.2893,🛵 Реактивний БпЛА на Холми на Чернігівщині з південного заходу,https://t.me/kpszsu/68069
2026-07-11T14:47:09+00:00,kpszsu,68070,область,Чернігівська,південно-захід,БпЛА,51.4982,31.2893,🛵 Реактивний БпЛА на Холми на Чернігівщині з південного заходу,https://t.me/kpszsu/68070
2026-07-11T14:52:53+00:00,kpszsu,68071,область,Чернігівська,,БпЛА,51.4982,31.2893,🛵 Чернігівщина: реактивний БпЛА ➡️ на Сновськ/Березну.,https://t.me/kpszsu/68071
2026-07-11T15:29:14+00:00,kpszsu,68072,область,Одеська,,БпЛА,46.4825,30.7233,🛵 Реактивний БпЛА з акваторії Чорного моря ➡️ курсом на Одещину (Овідіополь/ Чорноморськ),https://t.me/kpszsu/68072
2026-07-11T15:36:59+00:00,kpszsu,68073,область,Чернігівська,,БпЛА,51.4982,31.2893,🛵 Чернігівщина: реактивний БпЛА ➡️ курсом на Мену.,https://t.me/kpszsu/68073
2026-07-11T15:57:14+00:00,kpszsu,68074,область,Одеська,,БпЛА,46.4825,30.7233,🛵 Реактивний БпЛА з акваторії Чорного моря ➡️ курсом на Одещину (Овідіополь/ Чорноморськ),https://t.me/kpszsu/68074
2026-07-11T16:15:37+00:00,kpszsu,68075,область,Запорізька,,БпЛА,47.8388,35.1396,🛵 БпЛА ➡️ курсом на Запоріжжя.,https://t.me/kpszsu/68075
2026-07-11T16:38:15+00:00,kpszsu,68077,область,Одеська,північно-схід,БпЛА,46.4825,30.7233,🛵 БпЛА на Лиманку Одеської області з північного сходу,https://t.me/kpszsu/68077
2026-07-11T16:48:42+00:00,kpszsu,68080,область,Дніпропетровська,,БпЛА,48.4647,35.0462,🛵 БпЛА на межі Дніпропетровської та Кіровоградської областей ➡️ у північно-західному напрямку,https://t.me/kpszsu/68080
2026-07-11T16:48:42+00:00,kpszsu,68080,область,Кіровоградська,північно-захід,БпЛА,48.5079,32.2623,🛵 БпЛА на межі Дніпропетровської та Кіровоградської областей ➡️ у північно-західному напрямку,https://t.me/kpszsu/68080
2026-07-11T16:49:06+00:00,kpszsu,68081,область,Запорізька,південь,БпЛА,47.8388,35.1396,🛵 БпЛА на Запоріжжя з півдня,https://t.me/kpszsu/68081
2026-07-11T16:58:36+00:00,kpszsu,68082,область,Сумська,північно-схід,БпЛА,50.9077,34.7981,🛵 Реактивні БпЛА у напрямку Тростянця на Сумщині з північного сходу,https://t.me/kpszsu/68082
2026-07-11T17:01:51+00:00,kpszsu,68083,область,Харківська,північ,БпЛА,49.9935,36.2304,🛵 БпЛА на Харків з півночі,https://t.me/kpszsu/68083
2026-07-11T17:03:35+00:00,kpszsu,68084,область,Сумська,північно-схід,БпЛА,50.9077,34.7981,🛵 Реактивні БпЛА у напрямку Тростянця на Сумщині з північного сходу,https://t.me/kpszsu/68084
2026-07-11T17:13:18+00:00,kpszsu,68085,область,Одеська,,БпЛА,46.4825,30.7233,🛵 БпЛА у напрямку Овідіополя/Білгород-Дністровського на Одещині з акваторії Чорного моря,https://t.me/kpszsu/68085
2026-07-11T17:23:15+00:00,kpszsu,68086,область,Сумська,північ,БпЛА,50.9077,34.7981,🛵 БпЛА на Суми з півночі,https://t.me/kpszsu/68086
2026-07-11T17:41:37+00:00,kpszsu,68087,область,Чернігівська,північ,БпЛА,51.4982,31.2893,🛵 Реактивний БпЛА на півночі Чернігівщини вздовж кордону з Білоруссю ➡️ у західному напрямку,https://t.me/kpszsu/68087
2026-07-11T17:42:21+00:00,kpszsu,68088,область,Харківська,північно-схід,КАБ,49.9935,36.2304,КАБи на північний схід Харківщини!,https://t.me/kpszsu/68088
2026-07-11T18:01:08+00:00,kpszsu,68089,область,Харківська,південно-схід,БпЛА,49.9935,36.2304,🛵 Група БпЛА у напрямку Шевченкового на Харківщині з південного сходу,https://t.me/kpszsu/68089
2026-07-11T18:04:35+00:00,kpszsu,68090,область,Сумська,північно-схід,БпЛА,50.9077,34.7981,🛵 БпЛА у напрямку Охтирки на Сумщині з північного сходу,https://t.me/kpszsu/68090
2026-07-11T18:06:49+00:00,kpszsu,68091,область,Харківська,північно-схід,КАБ,49.9935,36.2304,КАБи на північний схід Харківщини!,https://t.me/kpszsu/68091
2026-07-11T18:19:30+00:00,kpszsu,68092,область,Чернігівська,,БпЛА,51.4982,31.2893,"🛵 Чернігівщина: реактивні БпЛА у напрямку Мени, Бахмача з  півночі.",https://t.me/kpszsu/68092
2026-07-11T18:21:19+00:00,kpszsu,68093,область,Харківська,північно-схід,КАБ,49.9935,36.2304,КАБи на північний схід Харківщини!,https://t.me/kpszsu/68093
2026-07-11T18:43:27+00:00,kpszsu,68094,область,Харківська,,БпЛА,49.9935,36.2304,🛵 Харківщина: група БпЛА в районі Старого Салтова.,https://t.me/kpszsu/68094
2026-07-11T18:59:53+00:00,kpszsu,68095,область,Сумська,,БпЛА,50.9077,34.7981,"🛵 Сумщина: БпЛА у напрямку Шостки, Краснопілля.",https://t.me/kpszsu/68095
2026-07-11T19:25:07+00:00,kpszsu,68096,область,Запорізька,,КАБ,47.8388,35.1396,КАБи на Запоріжжя.,https://t.me/kpszsu/68096
2026-07-11T19:55:08+00:00,kpszsu,68099,область,Одеська,,ракета,46.4825,30.7233,🚀 Ракета з акваторії Чорного моря на Одесу/Чорноморськ!,https://t.me/kpszsu/68099
2026-07-11T19:56:25+00:00,kpszsu,68100,область,Одеська,,ракета,46.4825,30.7233,🚀 Ще одна ракета на Одесу/Чорноморськ!,https://t.me/kpszsu/68100
2026-07-11T20:48:56+00:00,kpszsu,68103,область,Запорізька,,КАБ,47.8388,35.1396,КАБи на Запоріжжя.,https://t.me/kpszsu/68103
2026-07-11T22:11:48+00:00,kpszsu,68106,область,Миколаївська,,БпЛА,46.975,31.9946,🛵 Миколаївщина: декілька груп БпЛА ➡️ на/повз Баштанку.,https://t.me/kpszsu/68106
2026-07-11T23:03:08+00:00,kpszsu,68107,область,Одеська,південь,БпЛА,46.4825,30.7233,"🛵 Група БпЛА з акваторії Чорного моря на південь Одещини, вектор ➡️ Татарбунари/Сарата.",https://t.me/kpszsu/68107
2026-07-11T23:28:01+00:00,kpszsu,68108,область,Одеська,південь,БпЛА,46.4825,30.7233,"🛵 Група БпЛА з акваторії Чорного моря на південь Одещини, вектор ➡️ Татарбунари/Сарата.",https://t.me/kpszsu/68108
2026-07-11T23:39:24+00:00,kpszsu,68109,область,Сумська,,БпЛА,50.9077,34.7981,🛵 Сумщина: БпЛА ➡️ у напрямку Шостки.,https://t.me/kpszsu/68109
2026-07-11T23:46:21+00:00,kpszsu,68110,область,Запорізька,,БпЛА,47.8388,35.1396,🛵 Запоріжжя: реактивний БпЛА ➡️ повз Томаківку ➡️ курсом на Дніпропетровщину (Кам'янське). 🛵 БпЛА ➡️ курсом на Суми.,https://t.me/kpszsu/68110
2026-07-11T23:46:21+00:00,kpszsu,68110,область,Дніпропетровська,,БпЛА,48.4647,35.0462,🛵 Запоріжжя: реактивний БпЛА ➡️ повз Томаківку ➡️ курсом на Дніпропетровщину (Кам'янське). 🛵 БпЛА ➡️ курсом на Суми.,https://t.me/kpszsu/68110
2026-07-11T23:46:21+00:00,kpszsu,68110,область,Сумська,,БпЛА,50.9077,34.7981,🛵 Запоріжжя: реактивний БпЛА ➡️ повз Томаківку ➡️ курсом на Дніпропетровщину (Кам'янське). 🛵 БпЛА ➡️ курсом на Суми.,https://t.me/kpszsu/68110
2026-07-12T00:02:30+00:00,kpszsu,68111,область,Дніпропетровська,північно-захід,БпЛА,48.4647,35.0462,🛵 Реактивний БпЛА курсом на Дніпро з північного заходу 🛵 Реактивний БпЛА вздовж межі Запорізької та Дніпропетровської областей ➡️ північним курсом,https://t.me/kpszsu/68111
2026-07-12T00:02:30+00:00,kpszsu,68111,область,Запорізька,,БпЛА,47.8388,35.1396,🛵 Реактивний БпЛА курсом на Дніпро з північного заходу 🛵 Реактивний БпЛА вздовж межі Запорізької та Дніпропетровської областей ➡️ північним курсом,https://t.me/kpszsu/68111
2026-07-12T00:02:30+00:00,kpszsu,68111,область,Дніпропетровська,північ,БпЛА,48.4647,35.0462,🛵 Реактивний БпЛА курсом на Дніпро з північного заходу 🛵 Реактивний БпЛА вздовж межі Запорізької та Дніпропетровської областей ➡️ північним курсом,https://t.me/kpszsu/68111
2026-07-12T00:06:48+00:00,kpszsu,68113,область,Харківська,північно-схід,БпЛА,49.9935,36.2304,🛵 БпЛА на Харків з північного сходу,https://t.me/kpszsu/68113
2026-07-12T00:07:59+00:00,kpszsu,68114,область,Дніпропетровська,північно-захід,БпЛА,48.4647,35.0462,🛵 Реактивний БпЛА курсом на Дніпро з північного заходу 🛵 Реактивний БпЛА вздовж межі Запорізької та Дніпропетровської областей ➡️ північним курсом,https://t.me/kpszsu/68114
2026-07-12T00:07:59+00:00,kpszsu,68114,область,Запорізька,,БпЛА,47.8388,35.1396,🛵 Реактивний БпЛА курсом на Дніпро з північного заходу 🛵 Реактивний БпЛА вздовж межі Запорізької та Дніпропетровської областей ➡️ північним курсом,https://t.me/kpszsu/68114
2026-07-12T00:07:59+00:00,kpszsu,68114,область,Дніпропетровська,північ,БпЛА,48.4647,35.0462,🛵 Реактивний БпЛА курсом на Дніпро з північного заходу 🛵 Реактивний БпЛА вздовж межі Запорізької та Дніпропетровської областей ➡️ північним курсом,https://t.me/kpszsu/68114
2026-07-12T00:09:01+00:00,kpszsu,68115,область,Дніпропетровська,,КАБ,48.4647,35.0462,КАБи на Дніпропетровщину!,https://t.me/kpszsu/68115
2026-07-12T00:14:05+00:00,kpszsu,68116,область,Дніпропетровська,південно-схід,БпЛА,48.4647,35.0462,🛵 Реактивний БпЛА повз Синельникове у напрямку Дніпра з південного сходу,https://t.me/kpszsu/68116
2026-07-12T00:25:04+00:00,kpszsu,68117,область,Сумська,схід,КАБ,50.9077,34.7981,КАБи на схід Сумщини!,https://t.me/kpszsu/68117
2026-07-12T00:29:27+00:00,kpszsu,68118,область,Дніпропетровська,південно-схід,БпЛА,48.4647,35.0462,🛵 Реактивний БпЛА у напрямку Жовтих Вод на Дніпропетровщині з південного сходу,https://t.me/kpszsu/68118
2026-07-12T00:32:51+00:00,kpszsu,68119,область,Полтавська,південно-схід,БпЛА,49.5883,34.5514,🛵 Реактивний БпЛА у напрямку Нових Санжар на Полтавщині з південного сходу,https://t.me/kpszsu/68119
2026-07-12T00:33:43+00:00,kpszsu,68120,область,Харківська,північно-схід,БпЛА|КАБ,49.9935,36.2304,КАБи на північний схід Харківщини!,https://t.me/kpszsu/68120
2026-07-12T00:35:35+00:00,kpszsu,68121,область,Дніпропетровська,захід,БпЛА,48.4647,35.0462,🛵 Реактивний БпЛА у напрямку Кам'янського на Дніпропетровщині із заходу,https://t.me/kpszsu/68121
2026-07-12T00:47:35+00:00,kpszsu,68122,область,Запорізька,південь,БпЛА,47.8388,35.1396,🛵 БпЛА на Запоріжжя з півдня,https://t.me/kpszsu/68122
2026-07-12T00:58:24+00:00,kpszsu,68123,область,Сумська,північ,БпЛА,50.9077,34.7981,🛵 БпЛА на Суми із півночі,https://t.me/kpszsu/68123
2026-07-12T01:24:47+00:00,kpszsu,68124,область,Харківська,схід,КАБ,49.9935,36.2304,КАБи на схід Харківщини!,https://t.me/kpszsu/68124
2026-07-12T01:38:00+00:00,kpszsu,68125,область,Запорізька,,КАБ,47.8388,35.1396,КАБи на Запорізьку область та Донеччину!,https://t.me/kpszsu/68125
2026-07-12T01:38:00+00:00,kpszsu,68125,область,Донецька,,КАБ,48.0159,37.8029,КАБи на Запорізьку область та Донеччину!,https://t.me/kpszsu/68125
2026-07-12T01:43:22+00:00,kpszsu,68126,область,Харківська,південно-схід,БпЛА,49.9935,36.2304,🛵 БпЛА у напрямку Балаклії на Харківщині з південного сходу,https://t.me/kpszsu/68126
2026-07-12T02:09:50+00:00,kpszsu,68127,область,Харківська,північно-захід,БпЛА,49.9935,36.2304,🛵 БпЛА на Харків з північного заходу,https://t.me/kpszsu/68127
2026-07-12T02:15:11+00:00,kpszsu,68128,область,Запорізька,,КАБ,47.8388,35.1396,КАБи на Запорізьку область!,https://t.me/kpszsu/68128
2026-07-12T02:26:46+00:00,kpszsu,68130,область,Харківська,південно-схід,КАБ,49.9935,36.2304,КАБи на південний схід Харківщини!,https://t.me/kpszsu/68130
2026-07-12T02:33:06+00:00,kpszsu,68134,область,Запорізька,,КАБ,47.8388,35.1396,КАБи на Запоріжжя!,https://t.me/kpszsu/68134
2026-07-12T02:35:38+00:00,kpszsu,68135,область,Одеська,,,46.4825,30.7233,Ціль на Одесу!,https://t.me/kpszsu/68135
2026-07-12T02:36:26+00:00,kpszsu,68136,область,Одеська,,,46.4825,30.7233,Ціль на Одесу!,https://t.me/kpszsu/68136
2026-07-12T02:41:30+00:00,kpszsu,68137,область,Дніпропетровська,південно-схід,БпЛА,48.4647,35.0462,🛵 БпЛА у напрямку Шахтарського на Дніпропетровщині з південного сходу 🛵 БпЛА на Олександрівку на Донеччині з південного сходу,https://t.me/kpszsu/68137
2026-07-12T02:41:30+00:00,kpszsu,68137,область,Донецька,південно-схід,БпЛА,48.0159,37.8029,🛵 БпЛА у напрямку Шахтарського на Дніпропетровщині з південного сходу 🛵 БпЛА на Олександрівку на Донеччині з південного сходу,https://t.me/kpszsu/68137
2026-07-12T03:01:13+00:00,kpszsu,68138,область,Запорізька,,БпЛА|КАБ,47.8388,35.1396,КАБи на Запорізьку область!,https://t.me/kpszsu/68138
2026-07-12T03:16:47+00:00,kpszsu,68139,область,Дніпропетровська,південь,БпЛА,48.4647,35.0462,🛵 Реактивний БпЛА у напрямку Жовтих Вод на Дніпропетровщині з південного напрямку,https://t.me/kpszsu/68139
2026-07-12T03:23:39+00:00,kpszsu,68140,область,Дніпропетровська,південь,БпЛА,48.4647,35.0462,🛵 Реактивний БпЛА у напрямку Жовтих Вод на Дніпропетровщині з південного напрямку,https://t.me/kpszsu/68140
2026-07-12T03:40:56+00:00,kpszsu,68141,область,Сумська,північ,БпЛА,50.9077,34.7981,🛵 БпЛА на Сум з півночі,https://t.me/kpszsu/68141
2026-07-12T04:09:17+00:00,kpszsu,68142,область,Запорізька,,КАБ,47.8388,35.1396,КАБи на Запорізьку область!,https://t.me/kpszsu/68142
2026-07-12T04:15:37+00:00,kpszsu,68143,область,Дніпропетровська,,БпЛА,48.4647,35.0462,🛵 Реактивний БпЛА в Криворізькому районі Дніпропетровщини ➡️ північним курсом 🛵 Реактивні БпЛА у напрямку Старого Мерчика на Харківщині із півночі,https://t.me/kpszsu/68143
2026-07-12T04:15:37+00:00,kpszsu,68143,область,Дніпропетровська,північ,БпЛА,48.4647,35.0462,🛵 Реактивний БпЛА в Криворізькому районі Дніпропетровщини ➡️ північним курсом 🛵 Реактивні БпЛА у напрямку Старого Мерчика на Харківщині із півночі,https://t.me/kpszsu/68143
2026-07-12T04:15:37+00:00,kpszsu,68143,область,Харківська,північ,БпЛА,49.9935,36.2304,🛵 Реактивний БпЛА в Криворізькому районі Дніпропетровщини ➡️ північним курсом 🛵 Реактивні БпЛА у напрямку Старого Мерчика на Харківщині із півночі,https://t.me/kpszsu/68143
2026-07-12T04:28:23+00:00,kpszsu,68144,область,Дніпропетровська,,БпЛА,48.4647,35.0462,🛵 Реактивний БпЛА в Криворізькому районі Дніпропетровщини ➡️ північним курсом 🛵 Реактивні БпЛА у напрямку Старого Мерчика на Харківщині із півночі,https://t.me/kpszsu/68144
2026-07-12T04:28:23+00:00,kpszsu,68144,область,Дніпропетровська,північ,БпЛА,48.4647,35.0462,🛵 Реактивний БпЛА в Криворізькому районі Дніпропетровщини ➡️ північним курсом 🛵 Реактивні БпЛА у напрямку Старого Мерчика на Харківщині із півночі,https://t.me/kpszsu/68144
2026-07-12T04:28:23+00:00,kpszsu,68144,область,Харківська,північ,БпЛА,49.9935,36.2304,🛵 Реактивний БпЛА в Криворізькому районі Дніпропетровщини ➡️ північним курсом 🛵 Реактивні БпЛА у напрямку Старого Мерчика на Харківщині із півночі,https://t.me/kpszsu/68144
2026-07-12T04:34:44+00:00,kpszsu,68145,область,Одеська,південь,БпЛА,46.4825,30.7233,🛵 БпЛА у напрямку Чорноморського та Південного на Одещині з акваторії Чорного моря,https://t.me/kpszsu/68145
2026-07-12T04:46:41+00:00,kpszsu,68146,область,Харківська,північно-захід,БпЛА,49.9935,36.2304,🛵 Реактивний БпЛА у напрямку Балаклії на Харківщині з північного заходу,https://t.me/kpszsu/68146
2026-07-12T04:57:32+00:00,kpszsu,68147,область,Дніпропетровська,,БпЛА,48.4647,35.0462,🛵 Реактивний БпЛА у Криворізькому районі Дніпропетровщини ➡️ північним курсом,https://t.me/kpszsu/68147
2026-07-12T04:57:32+00:00,kpszsu,68147,область,Дніпропетровська,північ,БпЛА,48.4647,35.0462,🛵 Реактивний БпЛА у Криворізькому районі Дніпропетровщини ➡️ північним курсом,https://t.me/kpszsu/68147
2026-07-12T05:15:20+00:00,kpszsu,68148,область,Запорізька,південь,БпЛА,47.8388,35.1396,🛵 БпЛА на Запоріжжя з півдня,https://t.me/kpszsu/68148
2026-07-12T05:21:55+00:00,kpszsu,68149,область,Сумська,північ,БпЛА,50.9077,34.7981,🛵 БпЛА на Суми з півночі,https://t.me/kpszsu/68149
2026-07-12T05:49:38+00:00,kpszsu,68150,область,Донецька,,БпЛА|збиття|ракета,48.0159,37.8029,"⚡️ ЗБИТО/ПОДАВЛЕНО 102 ЦІЛІ ➖ ➖ ➖ ➖ ➖ ➖ ➖ ➖ ➖ ➖ У ніч на 12 липня (з 18:00 11 липня) противник атакував 9 керованими авіаційними ракетами Х-59/69 та 4 протирадіолокаційними ракетами Х-31 з південного напрямку, а також 115 ударними БпЛА типу Shahed (в т.ч. реактивними), Гербера, Італмас, та дронами-імітаторами типу «Пародія» із напрямків: Курськ, Орел, Приморсько-Ахтарськ, Міллерово – рф, Донецьк – ТОТ,  Гвардійське – ТОТ АР Крим. Повітряний напад відбивали авіація, зенітні ракетні війська, підрозділи РЕБ та безпілотних систем, мобільні вогневі групи Сил оборони України. 💥 За попередніми даними, станом на 08:30, протиповітряною обороною збито/подавлено 7 керованих авіаційних ракет Х-59/69, 95 ворожих БпЛА типу Shahed, Гербера, Італмас та дронів інших типів на півночі, півдні, центрі та сході країни. Зафіксовано влучання 2 керованих авіаційних ракет Х-59/69 та 19 ударних БпЛА на 12 локаціях, а також падіння збитих (уламки) на 12 локаціях. Крім того, протирадіолокаційні ракети Х-31 не досягли цілей, інформація уточнюється. Атака триває, в повітряному просторі декілька ворожих БпЛА. Дотримуйтесь правил безпеки! ✊ Тримаймо небо! 🇺🇦 Разом – до перемоги!",https://t.me/kpszsu/68150
2026-07-12T06:02:16+00:00,kpszsu,68151,область,Дніпропетровська,,КАБ,48.4647,35.0462,КАБи на Дніпропетровщину!,https://t.me/kpszsu/68151
2026-07-12T06:16:58+00:00,kpszsu,68152,область,Сумська,,КАБ,50.9077,34.7981,КАБи на Сумщину.,https://t.me/kpszsu/68152
2026-07-12T07:24:45+00:00,kpszsu,68153,область,Харківська,,БпЛА,49.9935,36.2304,"🛵 Реактивний БпЛА в Богодухівському районі Харківщини, курс південний.",https://t.me/kpszsu/68153
2026-07-12T07:29:40+00:00,kpszsu,68154,область,Харківська,схід,БпЛА|КАБ,49.9935,36.2304,КАБи на схід Харківщини!,https://t.me/kpszsu/68154
2026-07-12T07:31:11+00:00,kpszsu,68155,область,Дніпропетровська,,БпЛА,48.4647,35.0462,"🛵 Реактивний БпЛА на Дніпропетровщині, курсом на Софіївку.",https://t.me/kpszsu/68155
2026-07-12T07:51:48+00:00,kpszsu,68156,область,Дніпропетровська,,авіація,48.4647,35.0462,🚀 Пуски керованих авіаційних бомб ворожою тактичною авіацією на Дніпропетровщину (Синельниківський р-н).,https://t.me/kpszsu/68156
2026-07-12T08:02:29+00:00,kpszsu,68157,область,Запорізька,,авіація,47.8388,35.1396,🚀 Пуски керованих авіаційних бомб ворожою тактичною авіацією на Запорізьку область!,https://t.me/kpszsu/68157
2026-07-12T08:07:10+00:00,kpszsu,68158,область,Харківська,,БпЛА,49.9935,36.2304,🛵 Харківщина: реактивні БпЛА ➡️ в напрямку Змієва та Слобожанського.,https://t.me/kpszsu/68158
2026-07-12T08:15:48+00:00,kpszsu,68160,область,Одеська,,БпЛА,46.4825,30.7233,🛵 БпЛА в напрямку Одеси з акваторії Чорного моря.,https://t.me/kpszsu/68160
2026-07-12T08:38:28+00:00,kpszsu,68162,область,Донецька,,авіація,48.0159,37.8029,🚀 Пуски керованих авіаційних бомб ворожою тактичною авіацією на Донеччину!,https://t.me/kpszsu/68162
2026-07-12T08:41:37+00:00,kpszsu,68163,область,Харківська,,БпЛА,49.9935,36.2304,🛵 Харківщина: БпЛА на/повз Богодухів ➡️ в південному напрямку.,https://t.me/kpszsu/68163
2026-07-12T08:52:18+00:00,kpszsu,68164,область,Запорізька,,авіація,47.8388,35.1396,🚀 Пуски керованих авіаційних бомб ворожою тактичною авіацією на Запорізьку область!,https://t.me/kpszsu/68164
2026-07-12T09:08:45+00:00,kpszsu,68165,область,Сумська,,БпЛА,50.9077,34.7981,"🛵 Сумщина: - БпЛА ➡️ на/повз н.п.Хутір-Михайлівський в південному/південно-західному напрямку, - БпЛА в напрямку Сум з північного сходу; 🛵 Харківщина: БпЛА в районі н.п. Прудянка, курс - змінний.",https://t.me/kpszsu/68165
2026-07-12T09:08:45+00:00,kpszsu,68165,область,Сумська,північно-схід,БпЛА,50.9077,34.7981,"🛵 Сумщина: - БпЛА ➡️ на/повз н.п.Хутір-Михайлівський в південному/південно-західному напрямку, - БпЛА в напрямку Сум з північного сходу; 🛵 Харківщина: БпЛА в районі н.п. Прудянка, курс - змінний.",https://t.me/kpszsu/68165
2026-07-12T09:08:45+00:00,kpszsu,68165,область,Харківська,північно-схід,БпЛА,49.9935,36.2304,"🛵 Сумщина: - БпЛА ➡️ на/повз н.п.Хутір-Михайлівський в південному/південно-західному напрямку, - БпЛА в напрямку Сум з північного сходу; 🛵 Харківщина: БпЛА в районі н.п. Прудянка, курс - змінний.",https://t.me/kpszsu/68165
2026-07-12T09:15:57+00:00,kpszsu,68166,область,Запорізька,південно-схід,БпЛА,47.8388,35.1396,🛵 🛸 БпЛА ➡️ в напрямку м.Запоріжжя з південного сходу.,https://t.me/kpszsu/68166
2026-07-12T10:11:32+00:00,kpszsu,68167,область,Запорізька,,БпЛА,47.8388,35.1396,🛵 🛸 Запорізька область: БпЛА ➡️ на/повз Кушугум/Балабине.,https://t.me/kpszsu/68167
2026-07-12T10:35:26+00:00,kpszsu,68168,область,Сумська,,БпЛА,50.9077,34.7981,"🛵 БпЛА в Шосткинському районі Сумщини, курс західний.",https://t.me/kpszsu/68168
2026-07-12T10:41:07+00:00,kpszsu,68169,область,Харківська,,БпЛА,49.9935,36.2304,🛵 Харківщина: БпЛА ➡️ на/повз Старий Салтів східним та південним курсом.,https://t.me/kpszsu/68169
2026-07-12T10:58:33+00:00,kpszsu,68170,область,Дніпропетровська,,БпЛА,48.4647,35.0462,🛵 БпЛА з Нікопольського району Дніпропетровщини ➡️ в напрямку Запорізької області. 🛵 Сумщина: БпЛА ➡️ на/повз Глухів у західному напрямку.,https://t.me/kpszsu/68170
2026-07-12T10:58:33+00:00,kpszsu,68170,область,Запорізька,,БпЛА,47.8388,35.1396,🛵 БпЛА з Нікопольського району Дніпропетровщини ➡️ в напрямку Запорізької області. 🛵 Сумщина: БпЛА ➡️ на/повз Глухів у західному напрямку.,https://t.me/kpszsu/68170
2026-07-12T10:58:33+00:00,kpszsu,68170,область,Сумська,,БпЛА,50.9077,34.7981,🛵 БпЛА з Нікопольського району Дніпропетровщини ➡️ в напрямку Запорізької області. 🛵 Сумщина: БпЛА ➡️ на/повз Глухів у західному напрямку.,https://t.me/kpszsu/68170
2026-07-12T11:01:38+00:00,kpszsu,68171,область,Харківська,,БпЛА,49.9935,36.2304,🛵 Харківщина: БпЛА на/повз Богодухів ➡️ в південному напрямку.,https://t.me/kpszsu/68171
2026-07-12T11:13:36+00:00,kpszsu,68173,область,Запорізька,,БпЛА,47.8388,35.1396,"🛵 🛸 Запорізька область: БпЛА ➡️ на/повз Кушугум, Комишуваху.",https://t.me/kpszsu/68173
2026-07-12T11:23:56+00:00,kpszsu,68174,область,Чернігівська,північ,БпЛА,51.4982,31.2893,🛵 Реактивний БпЛА на півночі Чернігівщини в напрямку на/повз Городню.,https://t.me/kpszsu/68174
2026-07-12T11:25:29+00:00,kpszsu,68175,область,Чернігівська,північ,БпЛА,51.4982,31.2893,🛵 Реактивний БпЛА на півночі Чернігівщини в напрямку на/повз Городню.,https://t.me/kpszsu/68175
2026-07-12T11:31:57+00:00,kpszsu,68176,область,Дніпропетровська,,,48.4647,35.0462,🚀 Швидкісна ціль На Дніпропетровщину (Нікопольський район),https://t.me/kpszsu/68176
2026-07-12T12:07:47+00:00,kpszsu,68178,область,Дніпропетровська,,авіація,48.4647,35.0462,🚀 Пуски керованих авіаційних бомб ворожою тактичною авіацією на Дніпропетровщину (Синельниківський р-н).,https://t.me/kpszsu/68178
2026-07-12T12:08:22+00:00,kpszsu,68179,область,Сумська,,авіація,50.9077,34.7981,🚀 Пуски керованих авіаційних бомб ворожою тактичною авіацією на Сумщину.,https://t.me/kpszsu/68179
2026-07-12T12:17:41+00:00,kpszsu,68180,область,Сумська,,авіація,50.9077,34.7981,🚀 Пуски керованих авіаційних бомб ворожою тактичною авіацією на Сумщину.,https://t.me/kpszsu/68180
2026-07-12T12:21:00+00:00,kpszsu,68181,область,Запорізька,,авіація,47.8388,35.1396,🚀 Пуски керованих авіаційних бомб ворожою тактичною авіацією на Запорізьку область!,https://t.me/kpszsu/68181
2026-07-12T12:31:25+00:00,kpszsu,68182,область,Чернігівська,північ,БпЛА,51.4982,31.2893,🛵 Реактивні БпЛА на півночі Чернігівщини уздовж кордону з Білоруссю у західному напрямку; 🛵 Чернігівщина: БпЛА у напрямку Корюківки.,https://t.me/kpszsu/68182
2026-07-12T12:31:25+00:00,kpszsu,68182,область,Чернігівська,захід,БпЛА,51.4982,31.2893,🛵 Реактивні БпЛА на півночі Чернігівщини уздовж кордону з Білоруссю у західному напрямку; 🛵 Чернігівщина: БпЛА у напрямку Корюківки.,https://t.me/kpszsu/68182
2026-07-12T12:40:13+00:00,kpszsu,68183,область,Дніпропетровська,,БпЛА,48.4647,35.0462,🛵 БпЛА ➡️ на Криворізький район Дніпропетровщини з півдня.,https://t.me/kpszsu/68183
2026-07-12T12:40:13+00:00,kpszsu,68183,область,Дніпропетровська,південь,БпЛА,48.4647,35.0462,🛵 БпЛА ➡️ на Криворізький район Дніпропетровщини з півдня.,https://t.me/kpszsu/68183
2026-07-12T12:40:56+00:00,kpszsu,68184,область,Харківська,північ,авіація,49.9935,36.2304,🚀 Пуски керованих авіаційних бомб ворожою тактичною авіацією на Харківщину з півночі.,https://t.me/kpszsu/68184
2026-07-12T12:50:49+00:00,kpszsu,68185,область,Дніпропетровська,,БпЛА,48.4647,35.0462,"🛵 Дніпропетровщина: - БпЛА ➡️ на/повз Софіївку з півдня, - БпЛА ➡️ на/повз Апостолове з південного сходу; 🛵 Запорізька область: БпЛА ➡️ на/повз Комишуваху, курс - північно-західний; 🛵 реактивні БпЛА з Чернігівщини ➡️ курсом на північ Київщини.",https://t.me/kpszsu/68185
2026-07-12T12:50:49+00:00,kpszsu,68185,область,Запорізька,південно-схід,БпЛА,47.8388,35.1396,"🛵 Дніпропетровщина: - БпЛА ➡️ на/повз Софіївку з півдня, - БпЛА ➡️ на/повз Апостолове з південного сходу; 🛵 Запорізька область: БпЛА ➡️ на/повз Комишуваху, курс - північно-західний; 🛵 реактивні БпЛА з Чернігівщини ➡️ курсом на північ Київщини.",https://t.me/kpszsu/68185
2026-07-12T12:50:49+00:00,kpszsu,68185,область,Запорізька,,БпЛА,47.8388,35.1396,"🛵 Дніпропетровщина: - БпЛА ➡️ на/повз Софіївку з півдня, - БпЛА ➡️ на/повз Апостолове з південного сходу; 🛵 Запорізька область: БпЛА ➡️ на/повз Комишуваху, курс - північно-західний; 🛵 реактивні БпЛА з Чернігівщини ➡️ курсом на північ Київщини.",https://t.me/kpszsu/68185
2026-07-12T12:50:49+00:00,kpszsu,68185,область,Київська,північ,БпЛА,50.4501,30.5234,"🛵 Дніпропетровщина: - БпЛА ➡️ на/повз Софіївку з півдня, - БпЛА ➡️ на/повз Апостолове з південного сходу; 🛵 Запорізька область: БпЛА ➡️ на/повз Комишуваху, курс - північно-західний; 🛵 реактивні БпЛА з Чернігівщини ➡️ курсом на північ Київщини.",https://t.me/kpszsu/68185
2026-07-12T12:55:17+00:00,kpszsu,68187,область,Запорізька,,авіація,47.8388,35.1396,🚀 Пуски керованих авіаційних бомб ворожою тактичною авіацією на Запорізьку область та схід Дніпропетровської.,https://t.me/kpszsu/68187
2026-07-12T12:55:17+00:00,kpszsu,68187,область,Дніпропетровська,схід,авіація,48.4647,35.0462,🚀 Пуски керованих авіаційних бомб ворожою тактичною авіацією на Запорізьку область та схід Дніпропетровської.,https://t.me/kpszsu/68187
2026-07-12T13:10:01+00:00,kpszsu,68189,область,Чернігівська,,БпЛА,51.4982,31.2893,🛵 Чернігівщина: БпЛА ➡️ в напрямку Батурина/Бахмача та Сновська.,https://t.me/kpszsu/68189
2026-07-12T13:22:17+00:00,kpszsu,68190,область,Запорізька,,авіація,47.8388,35.1396,🚀 Пуски керованих авіаційних бомб ворожою тактичною авіацією на Запорізьку область та схід Дніпропетровської.,https://t.me/kpszsu/68190
2026-07-12T13:22:17+00:00,kpszsu,68190,область,Дніпропетровська,схід,авіація,48.4647,35.0462,🚀 Пуски керованих авіаційних бомб ворожою тактичною авіацією на Запорізьку область та схід Дніпропетровської.,https://t.me/kpszsu/68190
2026-07-12T13:24:48+00:00,kpszsu,68191,область,Чернігівська,північ,БпЛА,51.4982,31.2893,🛵 Реактивний БпЛА на півночі Чернігівщини уздовж кордону з Білоруссю у західному/південно-західному напрямку.,https://t.me/kpszsu/68191
2026-07-12T13:26:21+00:00,kpszsu,68192,область,Одеська,,БпЛА,46.4825,30.7233,"🛵 БпЛА в акваторії Чорного моря ➡️ в напрямку Одещини (Одеса, Чорноморськ).",https://t.me/kpszsu/68192
2026-07-12T13:48:39+00:00,kpszsu,68194,область,Чернігівська,,БпЛА,51.4982,31.2893,🛵 Чернігівщина: БпЛА ➡️ в напрямку Мени/Сосниці.,https://t.me/kpszsu/68194
2026-07-12T14:06:42+00:00,kpszsu,68195,область,Харківська,,,49.9935,36.2304,🚀 Швидкісна ціль на Харківщину з Донеччини!,https://t.me/kpszsu/68195
2026-07-12T14:16:46+00:00,kpszsu,68198,область,Чернігівська,північ,БпЛА,51.4982,31.2893,🛵 Реактивні БпЛА на півночі Чернігівщини уздовж кордону з Білоруссю у західному/південно-західному напрямку.,https://t.me/kpszsu/68198
2026-07-12T14:23:02+00:00,kpszsu,68199,область,Чернігівська,північ,БпЛА,51.4982,31.2893,🛵 Реактивні БпЛА на півночі Чернігівщини уздовж кордону з Білоруссю у західному/південно-західному напрямку.,https://t.me/kpszsu/68199
2026-07-12T14:33:21+00:00,kpszsu,68200,область,Сумська,,БпЛА,50.9077,34.7981,🛵 Реактивний БпЛА на Сумщину з Бєлгородщини (рф) ➡️ в напрямку Кириківки.,https://t.me/kpszsu/68200
2026-07-12T14:35:04+00:00,kpszsu,68201,область,Дніпропетровська,схід,авіація,48.4647,35.0462,🚀 Пуски керованих авіаційних бомб ворожою тактичною авіацією на схід Дніпропетровщини.,https://t.me/kpszsu/68201
2026-07-12T14:39:51+00:00,kpszsu,68202,область,Сумська,,БпЛА,50.9077,34.7981,🛵 Реактивний БпЛА на Сумщину з Бєлгородщини (рф) ➡️ в напрямку Кириківки.,https://t.me/kpszsu/68202
2026-07-12T14:51:45+00:00,kpszsu,68204,область,Сумська,,БпЛА,50.9077,34.7981,🛵 Реактивний БпЛА на Сумщину з Бєлгородщини (рф) ➡️ в напрямку Кириківки.,https://t.me/kpszsu/68204
2026-07-12T14:52:18+00:00,kpszsu,68205,область,Херсонська,південно-захід,БпЛА,46.6354,32.6169,🛵 БпЛА ➡️ в напрямку Херсона з південного заходу.,https://t.me/kpszsu/68205
2026-07-12T15:02:36+00:00,kpszsu,68206,область,Сумська,,БпЛА,50.9077,34.7981,🛵 Реактивний БпЛА на Сумщину з Бєлгородщини (рф) ➡️ в напрямку Кириківки.,https://t.me/kpszsu/68206
2026-07-12T15:04:44+00:00,kpszsu,68207,область,Одеська,,БпЛА,46.4825,30.7233,"🛵 БпЛА з акваторії Чорного моря ➡️ курсом на Одещину (Лиманка/Чорноморськ, Кароліно-Бугаз).",https://t.me/kpszsu/68207
2026-07-12T15:21:44+00:00,kpszsu,68208,область,Запорізька,,БпЛА,47.8388,35.1396,🛵 БпЛА ➡️ в напрямку м.Запоріжжя та Харкова.,https://t.me/kpszsu/68208
2026-07-12T15:26:48+00:00,kpszsu,68209,область,Сумська,,,50.9077,34.7981,Ціль на Сумщині в напрямку Кролевця.,https://t.me/kpszsu/68209
2026-07-12T15:29:20+00:00,kpszsu,68210,область,Одеська,,БпЛА,46.4825,30.7233,🛵 БпЛА в напрямку Одеси з акваторії Чорного моря.,https://t.me/kpszsu/68210
2026-07-12T15:31:28+00:00,kpszsu,68211,область,Одеська,,БпЛА,46.4825,30.7233,🛵 БпЛА в напрямку Одеси з акваторії Чорного моря.,https://t.me/kpszsu/68211
2026-07-12T16:06:50+00:00,kpszsu,68213,область,Одеська,,БпЛА,46.4825,30.7233,"🛵 Декілька груп БпЛА в акваторії Чорного моря, курс - Одещина (попередньо).",https://t.me/kpszsu/68213
2026-07-12T16:11:47+00:00,kpszsu,68214,область,Сумська,південно-схід,БпЛА,50.9077,34.7981,🛵 🛸 БпЛА в напрямку Сум з південного сходу.,https://t.me/kpszsu/68214
2026-07-12T16:45:46+00:00,kpszsu,68215,область,Дніпропетровська,,БпЛА,48.4647,35.0462,"🛵 БпЛА в Криворізькому районі Дніпропетровщини, курсом на Кропивницький район Кіровоградщини.",https://t.me/kpszsu/68215
2026-07-12T16:45:46+00:00,kpszsu,68215,область,Кіровоградська,,БпЛА,48.5079,32.2623,"🛵 БпЛА в Криворізькому районі Дніпропетровщини, курсом на Кропивницький район Кіровоградщини.",https://t.me/kpszsu/68215
2026-07-12T17:12:00+00:00,kpszsu,68216,область,Одеська,,БпЛА,46.4825,30.7233,🛵 БпЛА з акваторії Чорного моря курсом на Чорноморське та Білгород-Дністровський район Одещини.,https://t.me/kpszsu/68216
2026-07-12T17:26:05+00:00,kpszsu,68217,область,Дніпропетровська,,БпЛА,48.4647,35.0462,"🛵 БпЛА в Криворізькому районі Дніпропетровщини, курсом на Софіївку.",https://t.me/kpszsu/68217
2026-07-12T17:54:38+00:00,kpszsu,68218,область,Донецька,,КАБ,48.0159,37.8029,КАБи на Донеччину!,https://t.me/kpszsu/68218
2026-07-12T18:03:19+00:00,kpszsu,68219,область,Харківська,північ,КАБ,49.9935,36.2304,КАБи на північ Харківщини.,https://t.me/kpszsu/68219
2026-07-12T18:36:30+00:00,kpszsu,68220,область,Харківська,південь,БпЛА,49.9935,36.2304,"🛵 БпЛА на півдні Харківщини, курс західний. 🛵 Реактивний БпЛА з акваторії Чорного моря курсом на Одещину. 🛵 Реактивні БпЛА в Нікопольському районі Дніпропетровщини,курс північно-західний.",https://t.me/kpszsu/68220
2026-07-12T18:36:30+00:00,kpszsu,68220,область,Одеська,,БпЛА,46.4825,30.7233,"🛵 БпЛА на півдні Харківщини, курс західний. 🛵 Реактивний БпЛА з акваторії Чорного моря курсом на Одещину. 🛵 Реактивні БпЛА в Нікопольському районі Дніпропетровщини,курс північно-західний.",https://t.me/kpszsu/68220
2026-07-12T18:36:30+00:00,kpszsu,68220,область,Дніпропетровська,,БпЛА,48.4647,35.0462,"🛵 БпЛА на півдні Харківщини, курс західний. 🛵 Реактивний БпЛА з акваторії Чорного моря курсом на Одещину. 🛵 Реактивні БпЛА в Нікопольському районі Дніпропетровщини,курс північно-західний.",https://t.me/kpszsu/68220
2026-07-12T18:54:13+00:00,kpszsu,68221,область,Запорізька,,авіація,47.8388,35.1396,🚀 Пуски керованих авіаційних бомб ворожою тактичною авіацією на Запорізьку область.,https://t.me/kpszsu/68221
2026-07-12T19:01:41+00:00,kpszsu,68222,область,Харківська,схід,авіація,49.9935,36.2304,🚀 Пуски керованих авіаційних бомб ворожою тактичною авіацією на Харківщину зі сходу.,https://t.me/kpszsu/68222
2026-07-12T19:05:05+00:00,kpszsu,68223,область,Харківська,,БпЛА,49.9935,36.2304,🛵 Харківщина: БпЛА на/повз Шевченкове ➡️ в напрямку Печеніг/Чугуєва; 🛵 🛸 БпЛА ➡️ в напрямку м.Запоріжжя з південного сходу.,https://t.me/kpszsu/68223
2026-07-12T19:05:05+00:00,kpszsu,68223,область,Запорізька,південно-схід,БпЛА,47.8388,35.1396,🛵 Харківщина: БпЛА на/повз Шевченкове ➡️ в напрямку Печеніг/Чугуєва; 🛵 🛸 БпЛА ➡️ в напрямку м.Запоріжжя з південного сходу.,https://t.me/kpszsu/68223
2026-07-12T19:08:53+00:00,kpszsu,68224,область,Харківська,,БпЛА,49.9935,36.2304,🛵 Харківщина: БпЛА на/повз Богодухів ➡️ в південному напрямку.,https://t.me/kpszsu/68224
2026-07-12T19:16:28+00:00,kpszsu,68225,область,Запорізька,,авіація,47.8388,35.1396,🚀 Повторні пуски керованих авіаційних бомб ворожою тактичною авіацією на Запорізьку область.,https://t.me/kpszsu/68225
2026-07-12T19:17:38+00:00,kpszsu,68226,область,Полтавська,північно-схід,БпЛА,49.5883,34.5514,🛵 БпЛА ➡️ в напрямку Полтави з північного сходу.,https://t.me/kpszsu/68226
2026-07-12T19:20:03+00:00,kpszsu,68227,область,Одеська,,БпЛА,46.4825,30.7233,"🛵 БпЛА з акваторії Чорного моря ➡️ курсом на Одещину (Лиманка, Чорноморськ, Одеса/Чорноморське).",https://t.me/kpszsu/68227
2026-07-12T19:30:28+00:00,kpszsu,68228,область,Запорізька,південно-захід,БпЛА,47.8388,35.1396,🛵 Реактивний БпЛА в напрямку   м.Запоріжжя з південного заходу.,https://t.me/kpszsu/68228
2026-07-12T19:35:32+00:00,kpszsu,68229,область,Сумська,північ,БпЛА,50.9077,34.7981,🛵 БпЛА ➡️ курсом на Суми з півночі.,https://t.me/kpszsu/68229
2026-07-12T19:48:19+00:00,kpszsu,68230,область,Дніпропетровська,схід,авіація,48.4647,35.0462,🚀 Пуски керованих авіаційних бомб ворожою тактичною авіацією на схід Дніпропетровщини.,https://t.me/kpszsu/68230
2026-07-12T19:49:58+00:00,kpszsu,68231,область,Чернігівська,,БпЛА,51.4982,31.2893,"🛵 Чернігівщина: реактивний БпЛА ➡️ в напрямку Сосниці/Мени; 🛵 Сумщина: БпЛА на північному заході від Шостки, курс - західний.",https://t.me/kpszsu/68231
2026-07-12T19:49:58+00:00,kpszsu,68231,область,Сумська,північно-захід,БпЛА,50.9077,34.7981,"🛵 Чернігівщина: реактивний БпЛА ➡️ в напрямку Сосниці/Мени; 🛵 Сумщина: БпЛА на північному заході від Шостки, курс - західний.",https://t.me/kpszsu/68231
2026-07-12T20:29:29+00:00,kpszsu,68232,область,Сумська,північ,БпЛА,50.9077,34.7981,🛵 БпЛА ➡️ курсом на Суми з півночі.,https://t.me/kpszsu/68232
2026-07-12T20:41:35+00:00,kpszsu,68233,область,Чернігівська,,БпЛА,51.4982,31.2893,🛵 Чернігівщина: реактивний БпЛА в напрямку Сновська/Корюківки з півночі.,https://t.me/kpszsu/68233
2026-07-12T20:47:35+00:00,kpszsu,68235,область,Чернігівська,,БпЛА,51.4982,31.2893,🛵 Чернігівщина: реактивний БпЛА в напрямку Сновська/Корюківки з півночі.,https://t.me/kpszsu/68235
2026-07-12T20:49:37+00:00,kpszsu,68236,область,Сумська,північ,БпЛА,50.9077,34.7981,"🛵 Сумщина: БпЛА на півночі від Конотопа, курс - змінний та в напрямку Глухова з північного сходу.",https://t.me/kpszsu/68236
2026-07-12T20:57:20+00:00,kpszsu,68237,область,Одеська,,,46.4825,30.7233,🚀 КАР в напрямку Одеси з акваторії Чорного моря!,https://t.me/kpszsu/68237
2026-07-12T20:58:19+00:00,kpszsu,68238,область,Одеська,,,46.4825,30.7233,🚀 КАР в напрямку Одеси з акваторії Чорного моря!,https://t.me/kpszsu/68238
2026-07-12T21:05:35+00:00,kpszsu,68240,область,Одеська,південь,БпЛА,46.4825,30.7233,"🛵 Група БпЛА з акваторії Чорного моря ➡️ курсом на південь Одещини (Національний парк ""Тузловські лимани"").",https://t.me/kpszsu/68240
2026-07-12T21:10:18+00:00,kpszsu,68242,область,Одеська,,ракета,46.4825,30.7233,🚀 Ракета в Чорному морі ➡️ курсом на Одещину.,https://t.me/kpszsu/68242
2026-07-12T21:13:03+00:00,kpszsu,68243,область,Одеська,,ракета,46.4825,30.7233,🚀 Ракета в Чорному морі ➡️ курсом на Одещину.,https://t.me/kpszsu/68243
2026-07-12T21:15:17+00:00,kpszsu,68244,область,Одеська,південь,БпЛА,46.4825,30.7233,"🛵 Група БпЛА з акваторії Чорного моря ➡️ курсом на південь Одещини (Національний парк ""Тузловські лимани"").",https://t.me/kpszsu/68244
2026-07-12T21:30:25+00:00,kpszsu,68245,область,Сумська,північно-схід,БпЛА,50.9077,34.7981,"🛵 БпЛА ➡️ на північному сході  від Сум, курс - змінний; 🛵 Група БпЛА на Одещині  на/повз Маяки ➡️ в напрямку Чорноморська/Лиманки.",https://t.me/kpszsu/68245
2026-07-12T21:30:25+00:00,kpszsu,68245,область,Одеська,,БпЛА,46.4825,30.7233,"🛵 БпЛА ➡️ на північному сході  від Сум, курс - змінний; 🛵 Група БпЛА на Одещині  на/повз Маяки ➡️ в напрямку Чорноморська/Лиманки.",https://t.me/kpszsu/68245
2026-07-12T21:33:29+00:00,kpszsu,68247,область,Сумська,північно-схід,БпЛА,50.9077,34.7981,"🛵 Сумщина: БпЛА ➡️ на північному сході від Бурині, курс - змінний.",https://t.me/kpszsu/68247
2026-07-12T21:43:49+00:00,kpszsu,68248,область,Сумська,північ,БпЛА,50.9077,34.7981,"🛵 БпЛА ➡️ на півночі від Сум, курс - на місто.",https://t.me/kpszsu/68248
2026-07-12T22:05:17+00:00,kpszsu,68249,область,Харківська,,,49.9935,36.2304,🚀 Швидкісна ціль на Харківщині в напрямку Старого Салтова з півночі.,https://t.me/kpszsu/68249
2026-07-12T22:43:50+00:00,kpszsu,68251,область,Запорізька,захід,БпЛА,47.8388,35.1396,🛵 БпЛА ➡️ курсом на м.Запоріжжя із заходу.,https://t.me/kpszsu/68251
2026-07-12T23:01:20+00:00,kpszsu,68252,область,Харківська,південь,БпЛА,49.9935,36.2304,🛵 Харківщина: БпЛА повз Вільшани на півдні ➡️ південно-східним курсом.,https://t.me/kpszsu/68252
2026-07-12T23:13:23+00:00,kpszsu,68253,область,Сумська,північно-захід,БпЛА,50.9077,34.7981,🛵 БпЛА в напрямку Сум з північного заходу.,https://t.me/kpszsu/68253
2026-07-12T23:15:46+00:00,kpszsu,68254,область,Запорізька,захід,БпЛА,47.8388,35.1396,🛵 🛸 БпЛА повз м.Запоріжжя на заході північним курсом.,https://t.me/kpszsu/68254
2026-07-12T23:38:09+00:00,kpszsu,68255,область,Чернігівська,північ,БпЛА,51.4982,31.2893,🛵 БпЛА на півночі Чернігівщини уздовж кордону з Білоруссю ➡️ у західному/південно-західному напрямку.,https://t.me/kpszsu/68255
2026-07-12T23:45:39+00:00,kpszsu,68256,область,Чернігівська,,БпЛА,51.4982,31.2893,"🛵 Чернігівщина: БпЛА повз Куликівку в південно-західному напрямку; 🛵 Харківщина: БпЛА на півночі від Златополя, курс - південно-західний.",https://t.me/kpszsu/68256
2026-07-12T23:45:39+00:00,kpszsu,68256,область,Харківська,захід,БпЛА,49.9935,36.2304,"🛵 Чернігівщина: БпЛА повз Куликівку в південно-західному напрямку; 🛵 Харківщина: БпЛА на півночі від Златополя, курс - південно-західний.",https://t.me/kpszsu/68256
2026-07-12T23:54:54+00:00,kpszsu,68258,область,Чернігівська,південь,БпЛА,51.4982,31.2893,🛵 Реактивний БпЛА на півдні Чернігівщини ➡️ в південному напрямку.,https://t.me/kpszsu/68258
2026-07-12T23:56:24+00:00,kpszsu,68260,область,Дніпропетровська,схід,КАБ,48.4647,35.0462,Пуски КАБ на схід Дніпропетровщини!,https://t.me/kpszsu/68260
2026-07-13T00:04:05+00:00,kpszsu,68261,область,Харківська,,БпЛА,49.9935,36.2304,"🛵 Харківщина: - БпЛА на/повз Старий Мерчик у південно-східному напрямку, - БпЛА на південному сході від Златополя, курс - південно-східний; 🛵 Дніпропетровщина: БпЛА повз Шахтарське на півночі, курс - західний/північно-західний; 🛵 Полтавщина: реактивний БпЛА в напрямку на/повз Гребінку з півночі.",https://t.me/kpszsu/68261
2026-07-13T00:04:05+00:00,kpszsu,68261,область,Дніпропетровська,південно-схід,БпЛА,48.4647,35.0462,"🛵 Харківщина: - БпЛА на/повз Старий Мерчик у південно-східному напрямку, - БпЛА на південному сході від Златополя, курс - південно-східний; 🛵 Дніпропетровщина: БпЛА повз Шахтарське на півночі, курс - західний/північно-західний; 🛵 Полтавщина: реактивний БпЛА в напрямку на/повз Гребінку з півночі.",https://t.me/kpszsu/68261
2026-07-13T00:04:05+00:00,kpszsu,68261,область,Полтавська,північно-захід,БпЛА,49.5883,34.5514,"🛵 Харківщина: - БпЛА на/повз Старий Мерчик у південно-східному напрямку, - БпЛА на південному сході від Златополя, курс - південно-східний; 🛵 Дніпропетровщина: БпЛА повз Шахтарське на півночі, курс - західний/північно-західний; 🛵 Полтавщина: реактивний БпЛА в напрямку на/повз Гребінку з півночі.",https://t.me/kpszsu/68261
2026-07-13T00:14:33+00:00,kpszsu,68262,область,Черкаська,,БпЛА,49.4444,32.0598,🛵 Реактивний БпЛА курсом на Черкаси.,https://t.me/kpszsu/68262
2026-07-13T00:15:37+00:00,kpszsu,68263,область,Дніпропетровська,,авіація,48.4647,35.0462,🚀 Пуски керованих авіаційних бомб ворожою тактичною авіацією на Дніпропетровщину (Синельниківський р-н).,https://t.me/kpszsu/68263
2026-07-13T00:34:33+00:00,kpszsu,68264,область,Черкаська,,БпЛА,49.4444,32.0598,"🛵 БпЛА на Черкащині, курсом на Звенигородку. 🛵 БпЛА в акваторії Чорного моря, курсом на Білгород-Дністровський район Одещини. 🛵 БпЛА на Дніпропетровщині, курсом на Петропавлівку/Шахтарське. 🛵 БпЛА на півдні Харківщини, курс південно-західний. 🛵 БпЛА в центральній частині Харківщини, курсом на Златопіль. 🛵 БпЛА курсом на Харків з півночі.",https://t.me/kpszsu/68264
2026-07-13T00:34:33+00:00,kpszsu,68264,область,Одеська,,БпЛА,46.4825,30.7233,"🛵 БпЛА на Черкащині, курсом на Звенигородку. 🛵 БпЛА в акваторії Чорного моря, курсом на Білгород-Дністровський район Одещини. 🛵 БпЛА на Дніпропетровщині, курсом на Петропавлівку/Шахтарське. 🛵 БпЛА на півдні Харківщини, курс південно-західний. 🛵 БпЛА в центральній частині Харківщини, курсом на Златопіль. 🛵 БпЛА курсом на Харків з півночі.",https://t.me/kpszsu/68264
2026-07-13T00:34:33+00:00,kpszsu,68264,область,Дніпропетровська,,БпЛА,48.4647,35.0462,"🛵 БпЛА на Черкащині, курсом на Звенигородку. 🛵 БпЛА в акваторії Чорного моря, курсом на Білгород-Дністровський район Одещини. 🛵 БпЛА на Дніпропетровщині, курсом на Петропавлівку/Шахтарське. 🛵 БпЛА на півдні Харківщини, курс південно-західний. 🛵 БпЛА в центральній частині Харківщини, курсом на Златопіль. 🛵 БпЛА курсом на Харків з півночі.",https://t.me/kpszsu/68264
2026-07-13T00:34:33+00:00,kpszsu,68264,область,Харківська,південь,БпЛА,49.9935,36.2304,"🛵 БпЛА на Черкащині, курсом на Звенигородку. 🛵 БпЛА в акваторії Чорного моря, курсом на Білгород-Дністровський район Одещини. 🛵 БпЛА на Дніпропетровщині, курсом на Петропавлівку/Шахтарське. 🛵 БпЛА на півдні Харківщини, курс південно-західний. 🛵 БпЛА в центральній частині Харківщини, курсом на Златопіль. 🛵 БпЛА курсом на Харків з півночі.",https://t.me/kpszsu/68264
2026-07-13T00:34:33+00:00,kpszsu,68264,область,Харківська,,БпЛА,49.9935,36.2304,"🛵 БпЛА на Черкащині, курсом на Звенигородку. 🛵 БпЛА в акваторії Чорного моря, курсом на Білгород-Дністровський район Одещини. 🛵 БпЛА на Дніпропетровщині, курсом на Петропавлівку/Шахтарське. 🛵 БпЛА на півдні Харківщини, курс південно-західний. 🛵 БпЛА в центральній частині Харківщини, курсом на Златопіль. 🛵 БпЛА курсом на Харків з півночі.",https://t.me/kpszsu/68264
2026-07-13T00:34:33+00:00,kpszsu,68264,область,Харківська,північ,БпЛА,49.9935,36.2304,"🛵 БпЛА на Черкащині, курсом на Звенигородку. 🛵 БпЛА в акваторії Чорного моря, курсом на Білгород-Дністровський район Одещини. 🛵 БпЛА на Дніпропетровщині, курсом на Петропавлівку/Шахтарське. 🛵 БпЛА на півдні Харківщини, курс південно-західний. 🛵 БпЛА в центральній частині Харківщини, курсом на Златопіль. 🛵 БпЛА курсом на Харків з півночі.",https://t.me/kpszsu/68264
2026-07-13T00:40:22+00:00,kpszsu,68266,область,Запорізька,,авіація,47.8388,35.1396,🚀 Пуски керованих авіаційних бомб ворожою тактичною авіацією на Запорізьку область.,https://t.me/kpszsu/68266
2026-07-13T01:07:22+00:00,kpszsu,68267,область,Сумська,північ,БпЛА,50.9077,34.7981,🛵 БпЛА курсом на Суми з півночі.,https://t.me/kpszsu/68267
2026-07-13T02:00:10+00:00,kpszsu,68268,область,Дніпропетровська,,БпЛА,48.4647,35.0462,"🛵 Реактивний БпЛА в Криворізькому районі Дніпропетровщини, курсом на Кіровоградщину. 🛵 Реактивний БпЛА на півночі Запорізької області, курс західний.",https://t.me/kpszsu/68268
2026-07-13T02:00:10+00:00,kpszsu,68268,область,Кіровоградська,,БпЛА,48.5079,32.2623,"🛵 Реактивний БпЛА в Криворізькому районі Дніпропетровщини, курсом на Кіровоградщину. 🛵 Реактивний БпЛА на півночі Запорізької області, курс західний.",https://t.me/kpszsu/68268
2026-07-13T02:00:10+00:00,kpszsu,68268,область,Запорізька,північ,БпЛА,47.8388,35.1396,"🛵 Реактивний БпЛА в Криворізькому районі Дніпропетровщини, курсом на Кіровоградщину. 🛵 Реактивний БпЛА на півночі Запорізької області, курс західний.",https://t.me/kpszsu/68268
2026-07-13T02:35:23+00:00,kpszsu,68269,область,Дніпропетровська,,БпЛА,48.4647,35.0462,"🛵 Реактивний БпЛА на Дніпропетровщині, курсом на П'ятихатки.",https://t.me/kpszsu/68269
2026-07-13T03:13:00+00:00,kpszsu,68270,область,Дніпропетровська,,БпЛА,48.4647,35.0462,🛵 Дніпропетровщина: Реактивний БпЛА курсом на Софіївку. Реактивний БпЛА курсом на Шевченківське. Реактивний БпЛА курсом на П'ятихатки.,https://t.me/kpszsu/68270
2026-07-13T03:21:33+00:00,kpszsu,68271,область,Миколаївська,,БпЛА,46.975,31.9946,"🛵 БпЛА на Миколаївщині, курсом на Вознесенський район.",https://t.me/kpszsu/68271
2026-07-13T03:40:01+00:00,kpszsu,68272,область,Дніпропетровська,,БпЛА,48.4647,35.0462,🛵 Реактивний БпЛА курсом на Кривий Ріг.,https://t.me/kpszsu/68272
2026-07-13T03:55:12+00:00,kpszsu,68273,область,Миколаївська,південь,БпЛА,46.975,31.9946,"🛵 БпЛА на півдні Миколаївщини, курс північний. 🛵 Реактивні БпЛА в районі Софіївки на Дніпропетровщині. 🛵 БпЛА в акваторії Чорного моря, курсом на Вилкове.",https://t.me/kpszsu/68273
2026-07-13T03:55:12+00:00,kpszsu,68273,область,Дніпропетровська,,БпЛА,48.4647,35.0462,"🛵 БпЛА на півдні Миколаївщини, курс північний. 🛵 Реактивні БпЛА в районі Софіївки на Дніпропетровщині. 🛵 БпЛА в акваторії Чорного моря, курсом на Вилкове.",https://t.me/kpszsu/68273
2026-07-13T04:27:02+00:00,kpszsu,68274,область,Одеська,,ракета,46.4825,30.7233,"🚀 Ракети в акваторії Чорного моря, курсом на Одесу/Чорноморськ.",https://t.me/kpszsu/68274
2026-07-13T04:58:03+00:00,kpszsu,68276,область,Одеська,,БпЛА,46.4825,30.7233,"🛵 БпЛА повз Затоку на Одещині, курс північно-західний.",https://t.me/kpszsu/68276
2026-07-13T05:20:55+00:00,kpszsu,68277,область,Одеська,,БпЛА,46.4825,30.7233,"🛵 Реактивні БпЛА в акваторії Чорного моря, курсом на Одесу/Чорноморськ. 🛵 Реактивний БпЛА повз Краснопавлівку на Харківщині, курс північний. 🛵 БпЛА в акваторії Чорного моря, курсом на південь Одещини. 🛵 БпЛА повз Новопокровку на Харківщині, курс східний. 🛵 БпЛА на півночі Харківщини, курсом на Старий Салтів.",https://t.me/kpszsu/68277
2026-07-13T05:20:55+00:00,kpszsu,68277,область,Харківська,,БпЛА,49.9935,36.2304,"🛵 Реактивні БпЛА в акваторії Чорного моря, курсом на Одесу/Чорноморськ. 🛵 Реактивний БпЛА повз Краснопавлівку на Харківщині, курс північний. 🛵 БпЛА в акваторії Чорного моря, курсом на південь Одещини. 🛵 БпЛА повз Новопокровку на Харківщині, курс східний. 🛵 БпЛА на півночі Харківщини, курсом на Старий Салтів.",https://t.me/kpszsu/68277
2026-07-13T05:20:55+00:00,kpszsu,68277,область,Одеська,південь,БпЛА,46.4825,30.7233,"🛵 Реактивні БпЛА в акваторії Чорного моря, курсом на Одесу/Чорноморськ. 🛵 Реактивний БпЛА повз Краснопавлівку на Харківщині, курс північний. 🛵 БпЛА в акваторії Чорного моря, курсом на південь Одещини. 🛵 БпЛА повз Новопокровку на Харківщині, курс східний. 🛵 БпЛА на півночі Харківщини, курсом на Старий Салтів.",https://t.me/kpszsu/68277
2026-07-13T05:20:55+00:00,kpszsu,68277,область,Харківська,північ,БпЛА,49.9935,36.2304,"🛵 Реактивні БпЛА в акваторії Чорного моря, курсом на Одесу/Чорноморськ. 🛵 Реактивний БпЛА повз Краснопавлівку на Харківщині, курс північний. 🛵 БпЛА в акваторії Чорного моря, курсом на південь Одещини. 🛵 БпЛА повз Новопокровку на Харківщині, курс східний. 🛵 БпЛА на півночі Харківщини, курсом на Старий Салтів.",https://t.me/kpszsu/68277
2026-07-13T05:35:12+00:00,kpszsu,68278,область,Миколаївська,північ,БпЛА,46.975,31.9946,"🛵 Миколаївщина: БпЛА на півночі від Солончаків, курс - північний, північно-східний; 🛵 Запорізька область: БпЛА в напрямку Вільнянська з південного сходу.",https://t.me/kpszsu/68278
2026-07-13T05:35:12+00:00,kpszsu,68278,область,Запорізька,північно-схід,БпЛА,47.8388,35.1396,"🛵 Миколаївщина: БпЛА на півночі від Солончаків, курс - північний, північно-східний; 🛵 Запорізька область: БпЛА в напрямку Вільнянська з південного сходу.",https://t.me/kpszsu/68278
2026-07-13T05:35:12+00:00,kpszsu,68278,область,Запорізька,південно-схід,БпЛА,47.8388,35.1396,"🛵 Миколаївщина: БпЛА на півночі від Солончаків, курс - північний, північно-східний; 🛵 Запорізька область: БпЛА в напрямку Вільнянська з південного сходу.",https://t.me/kpszsu/68278
2026-07-13T05:53:55+00:00,kpszsu,68279,область,Харківська,схід,БпЛА,49.9935,36.2304,"🛵 БпЛА курсом на Харків зі сходу. 🛵 БпЛА повз Андріївку на Харківщині, курс південний. 🛵 БпЛА на півдні Миколаївщини, курс північний.",https://t.me/kpszsu/68279
2026-07-13T05:53:55+00:00,kpszsu,68279,область,Харківська,,БпЛА,49.9935,36.2304,"🛵 БпЛА курсом на Харків зі сходу. 🛵 БпЛА повз Андріївку на Харківщині, курс південний. 🛵 БпЛА на півдні Миколаївщини, курс північний.",https://t.me/kpszsu/68279
2026-07-13T05:53:55+00:00,kpszsu,68279,область,Миколаївська,південь,БпЛА,46.975,31.9946,"🛵 БпЛА курсом на Харків зі сходу. 🛵 БпЛА повз Андріївку на Харківщині, курс південний. 🛵 БпЛА на півдні Миколаївщини, курс північний.",https://t.me/kpszsu/68279
2026-07-13T05:56:48+00:00,kpszsu,68280,область,Одеська,,БпЛА,46.4825,30.7233,"🛵 Реактивний БпЛА в акваторії Чорного моря, курсом на Одещину.",https://t.me/kpszsu/68280
2026-07-13T06:00:00+00:00,kpszsu,68281,область,Одеська,,БпЛА,46.4825,30.7233,"🛵 Реактивний БпЛА в акваторії Чорного моря, курсом на Одещину.",https://t.me/kpszsu/68281
2026-07-13T06:04:02+00:00,kpszsu,68282,область,Запорізька,,БпЛА,47.8388,35.1396,🛵 БпЛА курсом на Запоріжжя.,https://t.me/kpszsu/68282
2026-07-13T06:26:47+00:00,kpszsu,68283,область,Донецька,,БпЛА|збиття|ракета,48.0159,37.8029,"⚡️ ЗБИТО/ПОДАВЛЕНО 126 ЦІЛЕЙ ПРОТИВНИКА ➖ ➖ ➖ ➖ ➖ ➖ ➖ ➖ ➖ ➖ У ніч на 13 липня (з 18:00 12 липня) противник атакував 3 керованими авіаційними ракетами Х-59/69 із повітряного простору ТОТ АР Крим та 134 ударними БпЛА типу Shahed (в т.ч. реактивними), Гербера, Італмас та дронами-імітаторами типу «Пародія» із напрямків: Курськ, Орел, Міллерово – рф., ТОТ Донецьк, Гвардійське, Чауда – ТОТ АР Крим. Повітряний напад відбивали авіація, зенітні ракетні війська, підрозділи РЕБ та безпілотних систем, мобільні вогневі групи Сил оборони України. 💥 За попередніми даними, станом на 09:30, протиповітряною обороною збито/подавлено 3 керовані авіаційні ракети Х-59/69 та 123 ворожих БпЛА типу Shahed, Гербера, Італмас та дронів інших типів на півночі, півдні та сході країни. Зафіксовано влучання 6 ударних БпЛА на 5 локаціях, а також падіння збитих (уламки) на 4 локаціях. Крім того, вранці ворог завдав повторного авіаційного удару по Одещині. Результати бойової роботи та наслідки атаки уточнюються. Атака триває, в повітряному просторі декілька ворожих БпЛА. Дотримуйтесь правил безпеки! ✊ Тримаймо небо! 🇺🇦 Разом – до перемоги!",https://t.me/kpszsu/68283
2026-07-13T06:26:47+00:00,kpszsu,68283,область,Одеська,,БпЛА|збиття|ракета,46.4825,30.7233,"⚡️ ЗБИТО/ПОДАВЛЕНО 126 ЦІЛЕЙ ПРОТИВНИКА ➖ ➖ ➖ ➖ ➖ ➖ ➖ ➖ ➖ ➖ У ніч на 13 липня (з 18:00 12 липня) противник атакував 3 керованими авіаційними ракетами Х-59/69 із повітряного простору ТОТ АР Крим та 134 ударними БпЛА типу Shahed (в т.ч. реактивними), Гербера, Італмас та дронами-імітаторами типу «Пародія» із напрямків: Курськ, Орел, Міллерово – рф., ТОТ Донецьк, Гвардійське, Чауда – ТОТ АР Крим. Повітряний напад відбивали авіація, зенітні ракетні війська, підрозділи РЕБ та безпілотних систем, мобільні вогневі групи Сил оборони України. 💥 За попередніми даними, станом на 09:30, протиповітряною обороною збито/подавлено 3 керовані авіаційні ракети Х-59/69 та 123 ворожих БпЛА типу Shahed, Гербера, Італмас та дронів інших типів на півночі, півдні та сході країни. Зафіксовано влучання 6 ударних БпЛА на 5 локаціях, а також падіння збитих (уламки) на 4 локаціях. Крім того, вранці ворог завдав повторного авіаційного удару по Одещині. Результати бойової роботи та наслідки атаки уточнюються. Атака триває, в повітряному просторі декілька ворожих БпЛА. Дотримуйтесь правил безпеки! ✊ Тримаймо небо! 🇺🇦 Разом – до перемоги!",https://t.me/kpszsu/68283
2026-07-13T06:28:04+00:00,kpszsu,68284,область,Сумська,,КАБ,50.9077,34.7981,КАБи на Сумщину.,https://t.me/kpszsu/68284
2026-07-13T06:33:34+00:00,kpszsu,68285,область,Запорізька,південь,БпЛА,47.8388,35.1396,🛵 БпЛА на м.Запоріжжя з півдня.,https://t.me/kpszsu/68285
2026-07-13T06:58:55+00:00,kpszsu,68287,область,Херсонська,,КАБ,46.6354,32.6169,Пуски КАБ на Херсонщині.,https://t.me/kpszsu/68287
2026-07-13T07:00:23+00:00,kpszsu,68288,область,Херсонська,,КАБ,46.6354,32.6169,КАБ на Херсон.,https://t.me/kpszsu/68288
2026-07-13T07:08:47+00:00,kpszsu,68290,область,Херсонська,,КАБ,46.6354,32.6169,КАБи на Херсон.,https://t.me/kpszsu/68290
2026-07-13T07:24:47+00:00,kpszsu,68293,область,Харківська,,КАБ,49.9935,36.2304,КАБи на Ізюм.,https://t.me/kpszsu/68293
2026-07-13T07:26:29+00:00,kpszsu,68294,область,Харківська,північ,БпЛА,49.9935,36.2304,🛵 БпЛА на Харків з півночі.,https://t.me/kpszsu/68294
2026-07-13T07:31:38+00:00,kpszsu,68295,область,Запорізька,,КАБ,47.8388,35.1396,КАБи на Запорізьку область.,https://t.me/kpszsu/68295
2026-07-13T07:34:23+00:00,kpszsu,68296,область,Запорізька,,КАБ,47.8388,35.1396,КАБ у напрямку м. Запоріжжя.,https://t.me/kpszsu/68296
2026-07-13T07:54:54+00:00,kpszsu,68297,область,Одеська,,БпЛА,46.4825,30.7233,🛵 Одещина: БпЛА в районі н.п. Кошари.,https://t.me/kpszsu/68297
2026-07-13T08:02:06+00:00,kpszsu,68298,область,Запорізька,південь,БпЛА,47.8388,35.1396,🛵 БпЛА на Запоріжжя з півдня.,https://t.me/kpszsu/68298
2026-07-13T08:13:47+00:00,kpszsu,68299,область,Одеська,,БпЛА,46.4825,30.7233,🛵 БпЛА на Чорноморське/Одесу.,https://t.me/kpszsu/68299
2026-07-13T08:16:11+00:00,kpszsu,68300,область,Дніпропетровська,,КАБ,48.4647,35.0462,КАБи на Дніпропетровщину.,https://t.me/kpszsu/68300
2026-07-13T08:23:24+00:00,kpszsu,68301,область,Дніпропетровська,,БпЛА,48.4647,35.0462,🛵 Кривий Ріг - БпЛА в напрямку міста.,https://t.me/kpszsu/68301
2026-07-13T08:58:56+00:00,kpszsu,68302,область,Запорізька,,КАБ,47.8388,35.1396,КАБи на Запорізьку область.,https://t.me/kpszsu/68302
2026-07-13T10:01:12+00:00,kpszsu,68303,область,Запорізька,,БпЛА,47.8388,35.1396,🛵 Група БпЛА в напрямку Запоріжжя.,https://t.me/kpszsu/68303
2026-07-13T10:13:03+00:00,kpszsu,68304,область,Одеська,,БпЛА,46.4825,30.7233,🛵 БпЛА з акваторії Чорного моря ➡️ в напрямку Одещини/Миколаївщини.,https://t.me/kpszsu/68304
2026-07-13T10:13:03+00:00,kpszsu,68304,область,Миколаївська,,БпЛА,46.975,31.9946,🛵 БпЛА з акваторії Чорного моря ➡️ в напрямку Одещини/Миколаївщини.,https://t.me/kpszsu/68304
2026-07-13T10:50:11+00:00,kpszsu,68305,область,Чернігівська,,БпЛА,51.4982,31.2893,🛵 Чернігівщина: реактивний БпЛА повз Семенівку ➡️ курсом на Сновськ.,https://t.me/kpszsu/68305
2026-07-13T11:03:08+00:00,kpszsu,68306,область,Одеська,,БпЛА,46.4825,30.7233,🛵 Реактивний БпЛА ➡️ в напрямку Чернігова. 🛵 Реактивні БпЛА з акваторії Чорного моря ➡️ курсом на Одесу/Чорноморське.,https://t.me/kpszsu/68306
2026-07-13T11:34:33+00:00,kpszsu,68307,область,Сумська,,БпЛА,50.9077,34.7981,🛵 БпЛА на м. Суми.,https://t.me/kpszsu/68307
2026-07-13T11:54:09+00:00,kpszsu,68308,область,Дніпропетровська,схід,БпЛА,48.4647,35.0462,🛵 Група реактивних БпЛА на сході Дніпропетровщини - курсом на захід.,https://t.me/kpszsu/68308
2026-07-13T12:02:09+00:00,kpszsu,68309,область,Харківська,,ракета,49.9935,36.2304,Харківщина - ракетна небезпека.,https://t.me/kpszsu/68309
2026-07-13T12:09:13+00:00,kpszsu,68310,область,Донецька,,КАБ,48.0159,37.8029,КАБи на Донеччину.,https://t.me/kpszsu/68310
2026-07-13T12:15:16+00:00,kpszsu,68311,область,Сумська,,БпЛА,50.9077,34.7981,"🛵 Група реактивних БпЛА на Сумщині, повз Боромлю, західним курсом.",https://t.me/kpszsu/68311
2026-07-13T12:20:15+00:00,kpszsu,68313,область,Сумська,,БпЛА,50.9077,34.7981,"🛵 Група реактивних БпЛА на Сумщині, повз Боромлю, західним курсом.",https://t.me/kpszsu/68313
2026-07-13T12:32:58+00:00,kpszsu,68316,область,Херсонська,,КАБ,46.6354,32.6169,Пуски КАБ на Херсонщині.,https://t.me/kpszsu/68316
2026-07-13T12:40:55+00:00,kpszsu,68317,область,Харківська,північ,КАБ,49.9935,36.2304,Пуски КАБ на північ Харківщини.,https://t.me/kpszsu/68317
2026-07-13T12:58:07+00:00,kpszsu,68318,область,Миколаївська,,БпЛА,46.975,31.9946,🛵 Миколаїв - БпЛА в напрямку міста.,https://t.me/kpszsu/68318
2026-07-13T13:01:29+00:00,kpszsu,68319,область,Запорізька,,КАБ,47.8388,35.1396,КАБи на Запорізьку область.,https://t.me/kpszsu/68319
2026-07-13T13:02:57+00:00,kpszsu,68320,область,Харківська,,КАБ,49.9935,36.2304,Харків - КАБи в напрямку міста!,https://t.me/kpszsu/68320
2026-07-13T13:06:01+00:00,kpszsu,68321,область,Запорізька,,КАБ,47.8388,35.1396,Запоріжжя - КАБи в напрямку міста!,https://t.me/kpszsu/68321
2026-07-13T13:14:28+00:00,kpszsu,68322,область,Одеська,,БпЛА,46.4825,30.7233,"🛵 БпЛА в акваторії Чорного моря, курсом на Чорноморське (Одещина).",https://t.me/kpszsu/68322
2026-07-13T13:21:54+00:00,kpszsu,68323,область,Чернігівська,,БпЛА,51.4982,31.2893,🛵 Чернігівщина - реактивний БпЛА курсом на Славутич.,https://t.me/kpszsu/68323
2026-07-13T13:28:53+00:00,kpszsu,68324,область,Сумська,,КАБ,50.9077,34.7981,КАБи на Сумщину.,https://t.me/kpszsu/68324
2026-07-13T13:49:50+00:00,kpszsu,68326,область,Запорізька,,КАБ,47.8388,35.1396,КАБи на Запорізьку та Дніпропетровську області.,https://t.me/kpszsu/68326
2026-07-13T13:49:50+00:00,kpszsu,68326,область,Дніпропетровська,,КАБ,48.4647,35.0462,КАБи на Запорізьку та Дніпропетровську області.,https://t.me/kpszsu/68326
2026-07-13T14:43:56+00:00,kpszsu,68327,область,Запорізька,,БпЛА,47.8388,35.1396,"🛵 БпЛА на Запоріжжі, прямують на північ курсом на Дніпропетровщину.",https://t.me/kpszsu/68327
2026-07-13T14:43:56+00:00,kpszsu,68327,область,Дніпропетровська,північ,БпЛА,48.4647,35.0462,"🛵 БпЛА на Запоріжжі, прямують на північ курсом на Дніпропетровщину.",https://t.me/kpszsu/68327
2026-07-13T14:59:15+00:00,kpszsu,68328,область,Сумська,,БпЛА,50.9077,34.7981,🛵 Сумщина: БпЛА курсом на Білопілля.,https://t.me/kpszsu/68328
2026-07-13T15:08:39+00:00,kpszsu,68329,область,Сумська,,БпЛА,50.9077,34.7981,🛵 Сумщина: БпЛА курсом на Ворожбу.,https://t.me/kpszsu/68329
2026-07-13T15:14:09+00:00,kpszsu,68330,область,Дніпропетровська,,БпЛА,48.4647,35.0462,🛵 Дніпропетровщина: БпЛА курсом на Синельникове та Божедарівку.,https://t.me/kpszsu/68330
2026-07-13T15:22:15+00:00,kpszsu,68332,область,Дніпропетровська,захід,БпЛА,48.4647,35.0462,🛵 БпЛА на Дніпро із заходу.,https://t.me/kpszsu/68332
2026-07-13T15:45:17+00:00,kpszsu,68333,область,Дніпропетровська,,БпЛА,48.4647,35.0462,🛵 Дніпропетровщина: БпЛА курсом на Синельникове.,https://t.me/kpszsu/68333
2026-07-13T15:54:54+00:00,kpszsu,68334,область,Миколаївська,,БпЛА,46.975,31.9946,🛵 Миколаївщина: БпЛА в районі Очакова.,https://t.me/kpszsu/68334
2026-07-13T16:27:04+00:00,kpszsu,68336,область,Сумська,,БпЛА,50.9077,34.7981,🛵 Суми - БпЛА в напрямку міста з півночі. 🛵 Миколаївщина - БпЛА в північному напрямку.,https://t.me/kpszsu/68336
2026-07-13T16:27:04+00:00,kpszsu,68336,область,Миколаївська,північ,БпЛА,46.975,31.9946,🛵 Суми - БпЛА в напрямку міста з півночі. 🛵 Миколаївщина - БпЛА в північному напрямку.,https://t.me/kpszsu/68336
2026-07-13T16:56:16+00:00,kpszsu,68337,область,Одеська,південь,БпЛА,46.4825,30.7233,🛵 Реактивний БпЛА на Південне (Одещина),https://t.me/kpszsu/68337
2026-07-13T17:39:04+00:00,kpszsu,68338,область,Сумська,,БпЛА,50.9077,34.7981,🛵 Суми - БпЛА в напрямку міста з півночі.,https://t.me/kpszsu/68338
2026-07-13T17:59:33+00:00,kpszsu,68339,область,Донецька,,КАБ,48.0159,37.8029,КАБи на Донеччину.,https://t.me/kpszsu/68339
2026-07-13T18:01:58+00:00,kpszsu,68340,область,Харківська,,КАБ,49.9935,36.2304,КАБи на Харківщину.,https://t.me/kpszsu/68340
2026-07-13T18:06:07+00:00,kpszsu,68341,область,Харківська,,ракета,49.9935,36.2304,Харківщина - ракетна небезпека.,https://t.me/kpszsu/68341
2026-07-13T18:07:02+00:00,kpszsu,68342,область,Харківська,південь,,49.9935,36.2304,Харківщина - швидкісна південним курсом - Слобожанське.,https://t.me/kpszsu/68342
2026-07-13T18:13:27+00:00,kpszsu,68343,область,Харківська,,,49.9935,36.2304,"Харківщина - швидкісна, курс Введенка.",https://t.me/kpszsu/68343
2026-07-13T18:15:56+00:00,kpszsu,68344,область,Сумська,,КАБ,50.9077,34.7981,КАБи на  Сумщину.,https://t.me/kpszsu/68344
2026-07-13T18:25:49+00:00,kpszsu,68345,область,Миколаївська,південь,БпЛА,46.975,31.9946,🛵 Реактивний БпЛА на Миколаївщину з півдня.,https://t.me/kpszsu/68345
2026-07-13T18:42:18+00:00,kpszsu,68346,область,Донецька,,КАБ,48.0159,37.8029,КАБи на Донеччину.,https://t.me/kpszsu/68346
2026-07-13T18:54:02+00:00,kpszsu,68347,область,Запорізька,,КАБ,47.8388,35.1396,КАБи на Запорізьку область.,https://t.me/kpszsu/68347
2026-07-13T19:25:28+00:00,kpszsu,68349,область,Сумська,,БпЛА,50.9077,34.7981,🛵 Суми - БпЛА в напрямку міста.,https://t.me/kpszsu/68349
2026-07-13T19:28:24+00:00,kpszsu,68350,область,Дніпропетровська,,КАБ,48.4647,35.0462,КАБи на Дніпропетровщину.,https://t.me/kpszsu/68350
2026-07-13T20:02:27+00:00,kpszsu,68352,область,Харківська,,БпЛА,49.9935,36.2304,"🛵 БпЛА на Харківщині - курсом на Полтавщину (Чугове), в заідному напрямку. 🛵 Група БпЛА на Сумщині - повз Білопілля, північно-західним курсом.",https://t.me/kpszsu/68352
2026-07-13T20:02:27+00:00,kpszsu,68352,область,Полтавська,,БпЛА,49.5883,34.5514,"🛵 БпЛА на Харківщині - курсом на Полтавщину (Чугове), в заідному напрямку. 🛵 Група БпЛА на Сумщині - повз Білопілля, північно-західним курсом.",https://t.me/kpszsu/68352
2026-07-13T20:02:27+00:00,kpszsu,68352,область,Сумська,,БпЛА,50.9077,34.7981,"🛵 БпЛА на Харківщині - курсом на Полтавщину (Чугове), в заідному напрямку. 🛵 Група БпЛА на Сумщині - повз Білопілля, північно-західним курсом.",https://t.me/kpszsu/68352
2026-07-13T20:28:41+00:00,kpszsu,68354,область,Одеська,,ракета,46.4825,30.7233,Ракети на Одесу!,https://t.me/kpszsu/68354
2026-07-13T20:29:14+00:00,kpszsu,68355,область,Одеська,,ракета,46.4825,30.7233,Ракети на Одесу!,https://t.me/kpszsu/68355
2026-07-13T21:16:35+00:00,kpszsu,68356,область,Київська,,ракета,50.4501,30.5234,Ракета на Київ!,https://t.me/kpszsu/68356
2026-07-13T21:17:05+00:00,kpszsu,68357,область,Чернігівська,,ракета,51.4982,31.2893,Ракети на Чернігівщині - курсом на Київщину!,https://t.me/kpszsu/68357
2026-07-13T21:17:05+00:00,kpszsu,68357,область,Київська,,ракета,50.4501,30.5234,Ракети на Чернігівщині - курсом на Київщину!,https://t.me/kpszsu/68357
2026-07-13T21:17:28+00:00,kpszsu,68358,область,Київська,,,50.4501,30.5234,Київ  в укриття!,https://t.me/kpszsu/68358
2026-07-13T21:29:52+00:00,kpszsu,68360,область,Миколаївська,південь,БпЛА,46.975,31.9946,"🛵 Група БпЛА на Миколаївщині з півдня, в північно-західному напрямку.",https://t.me/kpszsu/68360
2026-07-13T21:57:18+00:00,kpszsu,68361,область,Одеська,,БпЛА,46.4825,30.7233,🛵 Група БпЛА в акваторії Чорного моря - курсом на Одещину (Білгород-Дністровський р-н).,https://t.me/kpszsu/68361
2026-07-13T22:14:26+00:00,kpszsu,68363,область,Одеська,,БпЛА,46.4825,30.7233,"🛵 Групи БпЛА на Одещині - курсом на Білгород-Дністровський, група БпЛА курсом на Сергіївку.",https://t.me/kpszsu/68363
2026-07-13T22:51:52+00:00,kpszsu,68364,область,Одеська,,БпЛА,46.4825,30.7233,🛵 БпЛА в акваторії Чорного моря - курсом на Одещину (Білгород-Дністровський р-н).,https://t.me/kpszsu/68364
2026-07-13T23:38:37+00:00,kpszsu,68368,область,Сумська,,БпЛА,50.9077,34.7981,🛵 Група реактивних БпЛА на Сумщині - курсом на Полтавщину.,https://t.me/kpszsu/68368
2026-07-13T23:38:37+00:00,kpszsu,68368,область,Полтавська,,БпЛА,49.5883,34.5514,🛵 Група реактивних БпЛА на Сумщині - курсом на Полтавщину.,https://t.me/kpszsu/68368
2026-07-13T23:53:06+00:00,kpszsu,68369,область,Донецька,,КАБ,48.0159,37.8029,КАБи на Донеччину.,https://t.me/kpszsu/68369
2026-07-14T00:20:08+00:00,kpszsu,68371,область,Харківська,північно-схід,КАБ,49.9935,36.2304,Пуски КАБ на північний схід Харківщини та схід Дніпропетровщини.,https://t.me/kpszsu/68371
2026-07-14T00:20:08+00:00,kpszsu,68371,область,Дніпропетровська,схід,КАБ,48.4647,35.0462,Пуски КАБ на північний схід Харківщини та схід Дніпропетровщини.,https://t.me/kpszsu/68371
2026-07-14T00:35:02+00:00,kpszsu,68372,область,Чернігівська,північ,БпЛА,51.4982,31.2893,🛵 Чернігівщина: БпЛА на Бахмач з північного заходу.,https://t.me/kpszsu/68372
2026-07-14T00:42:29+00:00,kpszsu,68373,область,Харківська,північ,БпЛА,49.9935,36.2304,🛵 БпЛА на Харків з півночі.,https://t.me/kpszsu/68373
2026-07-14T01:25:34+00:00,kpszsu,68374,область,Чернігівська,,БпЛА,51.4982,31.2893,🛵 Чернігівщина: БпЛА в районі Семенівки та Корюківки.,https://t.me/kpszsu/68374
2026-07-14T01:32:43+00:00,kpszsu,68375,область,Запорізька,,КАБ,47.8388,35.1396,Пуски КАБ на Запоріжжі.,https://t.me/kpszsu/68375
2026-07-14T01:45:47+00:00,kpszsu,68376,область,Запорізька,,КАБ,47.8388,35.1396,КАБ у напрямку м. Запоріжжя.,https://t.me/kpszsu/68376
2026-07-14T01:46:52+00:00,kpszsu,68377,область,Чернігівська,,БпЛА,51.4982,31.2893,🛵 Чернігівщина: реактивні БпЛА повз Любеч курсом на південь.,https://t.me/kpszsu/68377
2026-07-14T01:47:50+00:00,kpszsu,68378,область,Сумська,північ,БпЛА,50.9077,34.7981,🛵 БпЛА на Суми з півночі.,https://t.me/kpszsu/68378
2026-07-14T02:01:45+00:00,kpszsu,68379,область,Київська,,БпЛА,50.4501,30.5234,"🛵 Реактивні БпЛА повз Прип'ять на Київщині, курс західний.",https://t.me/kpszsu/68379
2026-07-14T02:09:26+00:00,kpszsu,68380,область,Харківська,,БпЛА,49.9935,36.2304,"🛵 Харківщина: реактивний БпЛА повз Богодухів, курс - південно-західний.",https://t.me/kpszsu/68380
2026-07-14T02:17:24+00:00,kpszsu,68381,область,Полтавська,північно-схід,БпЛА,49.5883,34.5514,🛵 Реактивний БпЛА у напрямку Полтави з північного сходу.,https://t.me/kpszsu/68381
2026-07-14T02:25:10+00:00,kpszsu,68382,область,Житомирська,,БпЛА,50.2547,28.6587,"🛵 Житомирщина: БпЛА в районі Овруча, курсом на Коростень.",https://t.me/kpszsu/68382
2026-07-14T02:47:14+00:00,kpszsu,68383,область,Житомирська,,БпЛА,50.2547,28.6587,🛵 Житомирщина: БпЛА в районі Малина.,https://t.me/kpszsu/68383
2026-07-14T03:07:59+00:00,kpszsu,68385,область,Запорізька,,БпЛА,47.8388,35.1396,🛵 Запоріжжя: БпЛА курсом на Вільнянськ з півдня.,https://t.me/kpszsu/68385
2026-07-14T03:07:59+00:00,kpszsu,68385,область,Запорізька,південь,БпЛА,47.8388,35.1396,🛵 Запоріжжя: БпЛА курсом на Вільнянськ з півдня.,https://t.me/kpszsu/68385
2026-07-14T03:08:17+00:00,kpszsu,68386,область,Запорізька,,КАБ,47.8388,35.1396,Пуски КАБ на Запоріжжі.,https://t.me/kpszsu/68386
2026-07-14T03:42:11+00:00,kpszsu,68387,область,Дніпропетровська,,БпЛА,48.4647,35.0462,🛵 Дніпропетровщина: реактивний БпЛА на Божедарівку.,https://t.me/kpszsu/68387
2026-07-14T04:32:37+00:00,kpszsu,68388,область,Одеська,,БпЛА,46.4825,30.7233,🛵 Реактивний БпЛА у напрямку Одеси з акваторії Чорного моря.,https://t.me/kpszsu/68388
2026-07-14T04:55:20+00:00,kpszsu,68389,область,Одеська,,БпЛА,46.4825,30.7233,🛵 Реактивний БпЛА у напрямку Одеси з акваторії Чорного моря.,https://t.me/kpszsu/68389
2026-07-14T05:10:05+00:00,kpszsu,68390,область,Одеська,,ракета,46.4825,30.7233,🚀 Ракета у напрямку Одещини з акваторії Чорного моря.,https://t.me/kpszsu/68390
2026-07-14T05:38:23+00:00,kpszsu,68391,область,Дніпропетровська,,БпЛА,48.4647,35.0462,🛵 Дніпропетровщина: реактивний БпЛА на Божедарівку.,https://t.me/kpszsu/68391
2026-07-14T05:40:40+00:00,kpszsu,68392,область,Одеська,,БпЛА,46.4825,30.7233,🛵 Реактивний БпЛА у напрямку Одеси з акваторії.,https://t.me/kpszsu/68392
2026-07-14T05:54:03+00:00,kpszsu,68394,область,Одеська,,БпЛА,46.4825,30.7233,🛵 Реактивний БпЛА у напрямку Одеси з акваторії.,https://t.me/kpszsu/68394
2026-07-14T05:55:57+00:00,kpszsu,68395,область,Чернігівська,північ,БпЛА,51.4982,31.2893,🛵 Реактивний БпЛА на Чернігів з півночі.,https://t.me/kpszsu/68395
2026-07-14T06:20:22+00:00,kpszsu,68398,область,Донецька,,БпЛА|збиття|ракета,48.0159,37.8029,"⚡️ ЗБИТО/ПОДАВЛЕНО 7 РАКЕТ ТА 108 ВОРОЖИХ БПЛА ➖ ➖ ➖ ➖ ➖ ➖ ➖ ➖ ➖ ➖ У ніч на 14 липня (з 18:00 13 липня) противник атакував 8 балістичними ракетами Іскандер-М/С-400 із Бринської області, 2 керованими авіаційними ракетами Х-59/69 (район пуску – повітряний простір ТОТ АР Крим) та 135 ударними БпЛА типу Shahed (в т.ч. реактивними), Гербера, Італмас, баражуючими боєприпасами ""Бандероль"" та дронами-імітаторами типу «Пародія» із напрямків: Орел, Курськ, Брянськ, Міллєрово, Приморсько-Ахтарськ – рф.,  ТОТ Донецька, Гвардійське – ТОТ АР Крим. Повітряний напад відбивали авіація, зенітні ракетні війська, підрозділи РЕБ та безпілотних систем, мобільні вогневі групи Сил оборони України. 💥 За попередніми даними, станом на 09:00, протиповітряною обороною збито/подавлено 5 балістичних ракет Іскандер-М/С-400, 2 керовані авіаційні ракети Х-59/69 та 108 ворожих БпЛА типу Shahed, Гербера, Італмас та дронів інших типів на півночі, півдні, сході та центрі країни. Зафіксовано влучання балістичної ракети та 25 ударних БпЛА на 17 локаціях, а також падіння уламків на 10 локаціях. Інформація по двох балістичних ракетах уточнюється. Атака триває, в повітряному просторі знаходяться ворожі БпЛА. Дотримуйтесь правил безпеки! ✊ Тримаймо небо! 🇺🇦 Разом – до перемоги!",https://t.me/kpszsu/68398
2026-07-14T06:27:30+00:00,kpszsu,68399,область,Сумська,,,50.9077,34.7981,🚀 Пуски керованих авіаційних бомб на Сумщину.,https://t.me/kpszsu/68399
2026-07-14T06:37:03+00:00,kpszsu,68400,область,Запорізька,південь,БпЛА,47.8388,35.1396,🛵 БпЛА на Запоріжжя з півдня.,https://t.me/kpszsu/68400
2026-07-14T06:39:05+00:00,kpszsu,68401,область,Чернігівська,північ,БпЛА,51.4982,31.2893,"🛵 БпЛА на в центрі та півночі Чернігівщини, курс на південь.",https://t.me/kpszsu/68401
2026-07-14T06:47:08+00:00,kpszsu,68402,область,Чернігівська,північ,БпЛА,51.4982,31.2893,"🛵 БпЛА на в центрі та півночі Чернігівщини, курс на південь.",https://t.me/kpszsu/68402
2026-07-14T06:48:23+00:00,kpszsu,68403,область,Харківська,,,49.9935,36.2304,🚀 Пуски керованих авіаційних бомб на Харківщину.,https://t.me/kpszsu/68403
2026-07-14T06:50:26+00:00,kpszsu,68404,область,Донецька,,,48.0159,37.8029,🚀 Пуски керованих авіаційних бомб на Донеччину.,https://t.me/kpszsu/68404
2026-07-14T07:00:08+00:00,kpszsu,68405,область,Харківська,схід,БпЛА,49.9935,36.2304,🛵 БпЛА в напрямку н.п.Чугуїв на Харківщині зі сходу.,https://t.me/kpszsu/68405
2026-07-14T07:01:58+00:00,kpszsu,68406,область,Харківська,схід,БпЛА,49.9935,36.2304,🛵 БпЛА в напрямку н.п.Чугуїв на Харківщині зі сходу.,https://t.me/kpszsu/68406
2026-07-14T07:07:25+00:00,kpszsu,68407,область,Харківська,північ,БпЛА,49.9935,36.2304,"🛵 БпЛА на півночі Харківщини, курс на південь.",https://t.me/kpszsu/68407
2026-07-14T07:28:58+00:00,kpszsu,68409,область,Одеська,,БпЛА,46.4825,30.7233,🛵 БпЛА з Чорного моря в напрямку Одещини.,https://t.me/kpszsu/68409
2026-07-14T07:52:17+00:00,kpszsu,68410,область,Харківська,,,49.9935,36.2304,"🚀 Пуски керованих авіаційних бомб на Харківщину, Запоріжжя, Донеччину.",https://t.me/kpszsu/68410
2026-07-14T07:52:17+00:00,kpszsu,68410,область,Запорізька,,,47.8388,35.1396,"🚀 Пуски керованих авіаційних бомб на Харківщину, Запоріжжя, Донеччину.",https://t.me/kpszsu/68410
2026-07-14T07:52:17+00:00,kpszsu,68410,область,Донецька,,,48.0159,37.8029,"🚀 Пуски керованих авіаційних бомб на Харківщину, Запоріжжя, Донеччину.",https://t.me/kpszsu/68410
2026-07-14T08:25:32+00:00,kpszsu,68411,область,Дніпропетровська,,БпЛА,48.4647,35.0462,"🛵 Дніпропетровщина: група реактивних БпЛА повз Томаківку, курс на північний захід.",https://t.me/kpszsu/68411
2026-07-14T08:36:49+00:00,kpszsu,68413,область,Запорізька,,КАБ,47.8388,35.1396,КАБи на Запорізьку область.,https://t.me/kpszsu/68413
2026-07-14T08:40:24+00:00,kpszsu,68414,область,Дніпропетровська,,БпЛА,48.4647,35.0462,"🛵 Реактивний БпЛА в Кам'янському районі Дніпропетровщини, курс північно-західний. 🛵 БпЛА на півночі Харківщини, курс південний. 🛵 БпЛА на заході Чернігівщини, курс південний.",https://t.me/kpszsu/68414
2026-07-14T08:40:24+00:00,kpszsu,68414,область,Харківська,північ,БпЛА,49.9935,36.2304,"🛵 Реактивний БпЛА в Кам'янському районі Дніпропетровщини, курс північно-західний. 🛵 БпЛА на півночі Харківщини, курс південний. 🛵 БпЛА на заході Чернігівщини, курс південний.",https://t.me/kpszsu/68414
2026-07-14T08:40:24+00:00,kpszsu,68414,область,Чернігівська,захід,БпЛА,51.4982,31.2893,"🛵 Реактивний БпЛА в Кам'янському районі Дніпропетровщини, курс північно-західний. 🛵 БпЛА на півночі Харківщини, курс південний. 🛵 БпЛА на заході Чернігівщини, курс південний.",https://t.me/kpszsu/68414
2026-07-14T08:42:09+00:00,kpszsu,68415,область,Херсонська,,,46.6354,32.6169,🚀 Швидкісна ціль на Херсон.,https://t.me/kpszsu/68415
2026-07-14T08:53:11+00:00,kpszsu,68416,область,Сумська,північ,БпЛА,50.9077,34.7981,🛵 БпЛА на Суми з півночі,https://t.me/kpszsu/68416
2026-07-14T10:22:11+00:00,kpszsu,68419,область,Одеська,,ракета,46.4825,30.7233,🚀 Ракета у напрямку Одещини з акваторії Чорного моря.,https://t.me/kpszsu/68419
2026-07-14T10:23:09+00:00,kpszsu,68420,область,Одеська,,ракета,46.4825,30.7233,🚀 Ракета у напрямку Одещини з акваторії Чорного моря.,https://t.me/kpszsu/68420
2026-07-14T10:40:38+00:00,kpszsu,68421,область,Дніпропетровська,,БпЛА,48.4647,35.0462,🛵 Дніпропетровщина: група реактивних БпЛА повз Нікопольський район у напрямку Кривого Рогу.,https://t.me/kpszsu/68421
2026-07-14T11:01:31+00:00,kpszsu,68422,область,Харківська,північ,БпЛА,49.9935,36.2304,🛵 БпЛА на Харків з півночі.,https://t.me/kpszsu/68422
2026-07-14T11:04:55+00:00,kpszsu,68423,область,Дніпропетровська,схід,БпЛА,48.4647,35.0462,"🛵 БпЛА на сході Дніпропетровщини, курс на захід.",https://t.me/kpszsu/68423
2026-07-14T12:11:00+00:00,kpszsu,68425,область,Сумська,,КАБ,50.9077,34.7981,КАБи на Сумщину.,https://t.me/kpszsu/68425
2026-07-14T12:12:44+00:00,kpszsu,68426,область,Одеська,,БпЛА,46.4825,30.7233,🛵 БпЛА з Чорного моря в напрямку Одещини.,https://t.me/kpszsu/68426
2026-07-14T12:14:45+00:00,kpszsu,68427,область,Донецька,,КАБ,48.0159,37.8029,КАБи на Донеччину та Харківщину.,https://t.me/kpszsu/68427
2026-07-14T12:14:45+00:00,kpszsu,68427,область,Харківська,,КАБ,49.9935,36.2304,КАБи на Донеччину та Харківщину.,https://t.me/kpszsu/68427
2026-07-14T12:29:56+00:00,kpszsu,68429,область,Запорізька,захід,БпЛА,47.8388,35.1396,"🛵 Реактивні БпЛА на заході від Запоріжжя, курс на північ.",https://t.me/kpszsu/68429
2026-07-14T12:35:24+00:00,kpszsu,68430,область,Харківська,,БпЛА,49.9935,36.2304,🛵 Реактивний БпЛА з белгородщини курсом на лінію розмежування Харківщини та Сумщини.,https://t.me/kpszsu/68430
2026-07-14T12:35:24+00:00,kpszsu,68430,область,Сумська,,БпЛА,50.9077,34.7981,🛵 Реактивний БпЛА з белгородщини курсом на лінію розмежування Харківщини та Сумщини.,https://t.me/kpszsu/68430
2026-07-14T12:37:22+00:00,kpszsu,68431,область,Донецька,,КАБ,48.0159,37.8029,"КАБи на Донеччину,  на південно-східний напрямок Дніпропетровщини.",https://t.me/kpszsu/68431
2026-07-14T12:37:22+00:00,kpszsu,68431,область,Дніпропетровська,південно-схід,КАБ,48.4647,35.0462,"КАБи на Донеччину,  на південно-східний напрямок Дніпропетровщини.",https://t.me/kpszsu/68431
2026-07-14T12:41:43+00:00,kpszsu,68432,область,Запорізька,,КАБ,47.8388,35.1396,КАБи на Запорізьку область.,https://t.me/kpszsu/68432
2026-07-14T12:48:46+00:00,kpszsu,68434,область,Чернігівська,південь,БпЛА,51.4982,31.2893,"🛵 БпЛА на півдні від н.п.Ніжин, курс на південь.",https://t.me/kpszsu/68434
2026-07-14T12:51:53+00:00,kpszsu,68435,область,Харківська,,БпЛА|КАБ,49.9935,36.2304,КАБи на Харківщину.,https://t.me/kpszsu/68435
2026-07-14T12:54:32+00:00,kpszsu,68436,область,Полтавська,захід,БпЛА,49.5883,34.5514,"🛵 БпЛА на заході Полтавщини, курс на Черкащину.",https://t.me/kpszsu/68436
2026-07-14T12:54:32+00:00,kpszsu,68436,область,Черкаська,,БпЛА,49.4444,32.0598,"🛵 БпЛА на заході Полтавщини, курс на Черкащину.",https://t.me/kpszsu/68436
2026-07-14T12:56:12+00:00,kpszsu,68437,область,Донецька,,БпЛА|КАБ,48.0159,37.8029,КАБи на Донеччину.,https://t.me/kpszsu/68437
2026-07-14T13:07:02+00:00,kpszsu,68438,область,Харківська,північ,БпЛА,49.9935,36.2304,🛵 БпЛА на Харків з півночі.,https://t.me/kpszsu/68438
2026-07-14T13:18:16+00:00,kpszsu,68439,область,Запорізька,,КАБ,47.8388,35.1396,КАБи на Запорізьку область.,https://t.me/kpszsu/68439
2026-07-14T13:19:44+00:00,kpszsu,68440,область,Запорізька,,КАБ,47.8388,35.1396,КАБи на Запорізьку область.,https://t.me/kpszsu/68440
2026-07-14T13:27:08+00:00,kpszsu,68442,область,Харківська,північ,БпЛА,49.9935,36.2304,🛵 Реактивні БпЛА на  північ Харківщини.,https://t.me/kpszsu/68442
2026-07-14T13:31:38+00:00,kpszsu,68443,область,Харківська,північ,БпЛА,49.9935,36.2304,🛵 Реактивні БпЛА на  північ Харківщини.,https://t.me/kpszsu/68443
2026-07-14T13:35:25+00:00,kpszsu,68444,область,Сумська,північ,БпЛА,50.9077,34.7981,🛵 БпЛА в напрямку Сум з півночі.,https://t.me/kpszsu/68444
2026-07-14T13:36:41+00:00,kpszsu,68445,область,Одеська,,БпЛА,46.4825,30.7233,🛵 БпЛА в Чорному морі в напрямку Одещини.,https://t.me/kpszsu/68445
2026-07-14T13:42:14+00:00,kpszsu,68446,область,Одеська,,БпЛА,46.4825,30.7233,🛵 Реактивні БпЛА в напрямку Одеси та Кривого Рогу.,https://t.me/kpszsu/68446
2026-07-14T14:42:12+00:00,kpszsu,68447,область,Одеська,,БпЛА,46.4825,30.7233,🛵 Реактивні БпЛА в напрямку Одеси з Чорного моря. 🚀 Швидкісна ціль на Миколаївщину з півдня.,https://t.me/kpszsu/68447
2026-07-14T14:42:12+00:00,kpszsu,68447,область,Миколаївська,південь,БпЛА,46.975,31.9946,🛵 Реактивні БпЛА в напрямку Одеси з Чорного моря. 🚀 Швидкісна ціль на Миколаївщину з півдня.,https://t.me/kpszsu/68447
2026-07-14T14:53:50+00:00,kpszsu,68449,область,Сумська,північ,БпЛА,50.9077,34.7981,🛵 БпЛА на Суми з півночі.,https://t.me/kpszsu/68449
2026-07-14T15:02:34+00:00,kpszsu,68450,область,Запорізька,схід,БпЛА,47.8388,35.1396,"🛵 БпЛА на сході від Запоріжжя, курс на північ. 🛵 Реактивні БпЛА в напрямку Харкова з півночі та на н.п.Краснопавлівка.",https://t.me/kpszsu/68450
2026-07-14T15:07:59+00:00,kpszsu,68452,область,Сумська,північ,БпЛА,50.9077,34.7981,🛵 БпЛА на Суми з півночі.,https://t.me/kpszsu/68452
2026-07-14T15:16:13+00:00,kpszsu,68453,область,Одеська,,БпЛА,46.4825,30.7233,🛵 Реактивні БпЛА в напрямку Одещини з Чорного моря.,https://t.me/kpszsu/68453
2026-07-14T15:17:42+00:00,kpszsu,68454,область,Сумська,північ,БпЛА,50.9077,34.7981,🛵 Реактивний БпЛА на Сумщину з півночі.,https://t.me/kpszsu/68454
2026-07-14T15:34:16+00:00,kpszsu,68455,область,Харківська,північ,БпЛА,49.9935,36.2304,🛵 Реактивний БпЛА на Богодухівський район на Харківщині з півночі.,https://t.me/kpszsu/68455
2026-07-14T15:43:42+00:00,kpszsu,68456,область,Харківська,північ,БпЛА,49.9935,36.2304,🛵 Реактивний БпЛА на Богодухівський район на Харківщині з півночі.,https://t.me/kpszsu/68456
2026-07-14T15:53:56+00:00,kpszsu,68457,область,Одеська,,БпЛА,46.4825,30.7233,🛵 Реактивні БпЛА на Одесу з Чорного моря.,https://t.me/kpszsu/68457
2026-07-14T16:01:51+00:00,kpszsu,68458,область,Запорізька,захід,БпЛА,47.8388,35.1396,"🛵 Реактивний БпЛА на заході від Запоріжжя(на півдні Дніпропетровщини), курс на північ.",https://t.me/kpszsu/68458
2026-07-14T16:01:51+00:00,kpszsu,68458,область,Дніпропетровська,південь,БпЛА,48.4647,35.0462,"🛵 Реактивний БпЛА на заході від Запоріжжя(на півдні Дніпропетровщини), курс на північ.",https://t.me/kpszsu/68458
2026-07-14T16:12:06+00:00,kpszsu,68459,область,Херсонська,північ,БпЛА,46.6354,32.6169,"🛵 Реактивні БпЛА в напрямку Кривого Рогу зі сходу. 🛵 БпЛА на півночі від Херсона, курс на північ. 🛵 БпЛА на півночі від Сум та Харкова, в північному напрямку.",https://t.me/kpszsu/68459
2026-07-14T16:12:06+00:00,kpszsu,68459,область,Сумська,північ,БпЛА,50.9077,34.7981,"🛵 Реактивні БпЛА в напрямку Кривого Рогу зі сходу. 🛵 БпЛА на півночі від Херсона, курс на північ. 🛵 БпЛА на півночі від Сум та Харкова, в північному напрямку.",https://t.me/kpszsu/68459
2026-07-14T16:20:54+00:00,kpszsu,68460,область,Запорізька,південь,БпЛА,47.8388,35.1396,🛵 Реактивні БпЛА на Запоріжжя з півдня.,https://t.me/kpszsu/68460
2026-07-14T17:24:45+00:00,kpszsu,68463,область,Запорізька,південь,БпЛА,47.8388,35.1396,🛵 БпЛА в напрямку Запоріжжя з півдня.,https://t.me/kpszsu/68463
2026-07-14T17:44:53+00:00,kpszsu,68464,область,Харківська,північ,КАБ,49.9935,36.2304,КАБи на північ Харківщини.,https://t.me/kpszsu/68464
2026-07-14T17:45:29+00:00,kpszsu,68465,область,Донецька,,КАБ,48.0159,37.8029,КАБи на Донеччину.,https://t.me/kpszsu/68465
2026-07-14T18:00:09+00:00,kpszsu,68466,область,Сумська,,,50.9077,34.7981,Швидкісна ціль на Суми.,https://t.me/kpszsu/68466
2026-07-14T18:26:02+00:00,kpszsu,68467,область,Харківська,північ,БпЛА,49.9935,36.2304,🛵 БпЛА курсом на Харків з півночі.,https://t.me/kpszsu/68467
2026-07-14T18:36:47+00:00,kpszsu,68468,область,Запорізька,схід,БпЛА,47.8388,35.1396,🛵 БпЛА курсом на Запоріжжя зі сходу.,https://t.me/kpszsu/68468
2026-07-14T19:08:15+00:00,kpszsu,68469,область,Сумська,південь,БпЛА,50.9077,34.7981,"🛵 Ситуація по БпЛА: - в напрямку Сум з півдня та півночі; - на заході Харківщини на південний напрямок; - у південно-східній частині Харківщини на захід; - на заході Донеччини, курс на південь.",https://t.me/kpszsu/68469
2026-07-14T19:08:15+00:00,kpszsu,68469,область,Харківська,захід,БпЛА,49.9935,36.2304,"🛵 Ситуація по БпЛА: - в напрямку Сум з півдня та півночі; - на заході Харківщини на південний напрямок; - у південно-східній частині Харківщини на захід; - на заході Донеччини, курс на південь.",https://t.me/kpszsu/68469
2026-07-14T19:08:15+00:00,kpszsu,68469,область,Харківська,південно-схід,БпЛА,49.9935,36.2304,"🛵 Ситуація по БпЛА: - в напрямку Сум з півдня та півночі; - на заході Харківщини на південний напрямок; - у південно-східній частині Харківщини на захід; - на заході Донеччини, курс на південь.",https://t.me/kpszsu/68469
2026-07-14T19:08:15+00:00,kpszsu,68469,область,Донецька,захід,БпЛА,48.0159,37.8029,"🛵 Ситуація по БпЛА: - в напрямку Сум з півдня та півночі; - на заході Харківщини на південний напрямок; - у південно-східній частині Харківщини на захід; - на заході Донеччини, курс на південь.",https://t.me/kpszsu/68469
2026-07-14T19:11:38+00:00,kpszsu,68470,область,Одеська,,БпЛА,46.4825,30.7233,🛵 Реактивні БпЛА на Одещину з Чорного моря.,https://t.me/kpszsu/68470
2026-07-14T19:13:44+00:00,kpszsu,68471,область,Запорізька,,КАБ,47.8388,35.1396,КАБи на Запорізьку область.,https://t.me/kpszsu/68471
2026-07-14T19:16:22+00:00,kpszsu,68472,область,Одеська,південь,БпЛА,46.4825,30.7233,"🛵 БпЛА з акваторії Чорного моря, курсом на південь Одещини.",https://t.me/kpszsu/68472
2026-07-14T19:22:58+00:00,kpszsu,68473,область,Одеська,,ракета,46.4825,30.7233,🚀 Ракета на Одесу,https://t.me/kpszsu/68473
2026-07-14T19:39:14+00:00,kpszsu,68474,область,Одеська,,ракета,46.4825,30.7233,🚀 Ракета в напрямку Одеси.,https://t.me/kpszsu/68474
2026-07-14T19:42:15+00:00,kpszsu,68475,область,Запорізька,схід,БпЛА,47.8388,35.1396,"🛵 Група БпЛА  на сході від Запоріжжя, на північно-західний напрямок. 🛵 БпЛА  на півночі Чернігівщини, курс на схід.",https://t.me/kpszsu/68475
2026-07-14T19:42:15+00:00,kpszsu,68475,область,Чернігівська,північ,БпЛА,51.4982,31.2893,"🛵 Група БпЛА  на сході від Запоріжжя, на північно-західний напрямок. 🛵 БпЛА  на півночі Чернігівщини, курс на схід.",https://t.me/kpszsu/68475
2026-07-14T19:46:54+00:00,kpszsu,68476,область,Донецька,,КАБ,48.0159,37.8029,КАБи на Донеччину.,https://t.me/kpszsu/68476
2026-07-14T19:49:12+00:00,kpszsu,68477,область,Запорізька,схід,БпЛА,47.8388,35.1396,🛵 БпЛА  на Запоріжжя зі сходу та півдня.,https://t.me/kpszsu/68477
2026-07-14T20:06:13+00:00,kpszsu,68478,область,Запорізька,,КАБ,47.8388,35.1396,"КАБи на Запорізьку область, курсом на південь Дніпропетровщини.",https://t.me/kpszsu/68478
2026-07-14T20:06:13+00:00,kpszsu,68478,область,Дніпропетровська,південь,КАБ,48.4647,35.0462,"КАБи на Запорізьку область, курсом на південь Дніпропетровщини.",https://t.me/kpszsu/68478
2026-07-14T20:10:20+00:00,kpszsu,68479,область,Дніпропетровська,схід,БпЛА,48.4647,35.0462,"🛵 Ситуація по БпЛА: - на сході від Дніпра, курс на місто; - на заході Харківщини на південний напрямок; - курсом на Суми з півночі.",https://t.me/kpszsu/68479
2026-07-14T20:10:20+00:00,kpszsu,68479,область,Харківська,захід,БпЛА,49.9935,36.2304,"🛵 Ситуація по БпЛА: - на сході від Дніпра, курс на місто; - на заході Харківщини на південний напрямок; - курсом на Суми з півночі.",https://t.me/kpszsu/68479
2026-07-14T20:10:20+00:00,kpszsu,68479,область,Сумська,північ,БпЛА,50.9077,34.7981,"🛵 Ситуація по БпЛА: - на сході від Дніпра, курс на місто; - на заході Харківщини на південний напрямок; - курсом на Суми з півночі.",https://t.me/kpszsu/68479
2026-07-14T20:25:42+00:00,kpszsu,68480,область,Одеська,,БпЛА,46.4825,30.7233,🛵 БпЛА на Одещину з Чорного моря.,https://t.me/kpszsu/68480
2026-07-14T20:33:13+00:00,kpszsu,68481,область,Сумська,схід,БпЛА,50.9077,34.7981,"🛵 Ситуація по БпЛА: - на сході Сумщини, курс на Харківщину; - на заході Харківщини, курс на Полтавщину; - на сході Харківщини, курс на південь та схід; - на сході Дніпропетровщини, курс на захід; - на заході Запоріжжя, курс на Дніпропетровщину.",https://t.me/kpszsu/68481
2026-07-14T20:33:13+00:00,kpszsu,68481,область,Харківська,,БпЛА,49.9935,36.2304,"🛵 Ситуація по БпЛА: - на сході Сумщини, курс на Харківщину; - на заході Харківщини, курс на Полтавщину; - на сході Харківщини, курс на південь та схід; - на сході Дніпропетровщини, курс на захід; - на заході Запоріжжя, курс на Дніпропетровщину.",https://t.me/kpszsu/68481
2026-07-14T20:33:13+00:00,kpszsu,68481,область,Харківська,захід,БпЛА,49.9935,36.2304,"🛵 Ситуація по БпЛА: - на сході Сумщини, курс на Харківщину; - на заході Харківщини, курс на Полтавщину; - на сході Харківщини, курс на південь та схід; - на сході Дніпропетровщини, курс на захід; - на заході Запоріжжя, курс на Дніпропетровщину.",https://t.me/kpszsu/68481
2026-07-14T20:33:13+00:00,kpszsu,68481,область,Полтавська,,БпЛА,49.5883,34.5514,"🛵 Ситуація по БпЛА: - на сході Сумщини, курс на Харківщину; - на заході Харківщини, курс на Полтавщину; - на сході Харківщини, курс на південь та схід; - на сході Дніпропетровщини, курс на захід; - на заході Запоріжжя, курс на Дніпропетровщину.",https://t.me/kpszsu/68481
2026-07-14T20:33:13+00:00,kpszsu,68481,область,Харківська,схід,БпЛА,49.9935,36.2304,"🛵 Ситуація по БпЛА: - на сході Сумщини, курс на Харківщину; - на заході Харківщини, курс на Полтавщину; - на сході Харківщини, курс на південь та схід; - на сході Дніпропетровщини, курс на захід; - на заході Запоріжжя, курс на Дніпропетровщину.",https://t.me/kpszsu/68481
2026-07-14T20:33:13+00:00,kpszsu,68481,область,Дніпропетровська,схід,БпЛА,48.4647,35.0462,"🛵 Ситуація по БпЛА: - на сході Сумщини, курс на Харківщину; - на заході Харківщини, курс на Полтавщину; - на сході Харківщини, курс на південь та схід; - на сході Дніпропетровщини, курс на захід; - на заході Запоріжжя, курс на Дніпропетровщину.",https://t.me/kpszsu/68481
2026-07-14T20:33:13+00:00,kpszsu,68481,область,Запорізька,захід,БпЛА,47.8388,35.1396,"🛵 Ситуація по БпЛА: - на сході Сумщини, курс на Харківщину; - на заході Харківщини, курс на Полтавщину; - на сході Харківщини, курс на південь та схід; - на сході Дніпропетровщини, курс на захід; - на заході Запоріжжя, курс на Дніпропетровщину.",https://t.me/kpszsu/68481
2026-07-14T20:33:13+00:00,kpszsu,68481,область,Дніпропетровська,,БпЛА,48.4647,35.0462,"🛵 Ситуація по БпЛА: - на сході Сумщини, курс на Харківщину; - на заході Харківщини, курс на Полтавщину; - на сході Харківщини, курс на південь та схід; - на сході Дніпропетровщини, курс на захід; - на заході Запоріжжя, курс на Дніпропетровщину.",https://t.me/kpszsu/68481
2026-07-14T20:36:23+00:00,kpszsu,68482,область,Запорізька,,КАБ,47.8388,35.1396,"КАБи на Запорізьку область, курсом на південь Дніпропетровщини.",https://t.me/kpszsu/68482
2026-07-14T20:36:23+00:00,kpszsu,68482,область,Дніпропетровська,південь,КАБ,48.4647,35.0462,"КАБи на Запорізьку область, курсом на південь Дніпропетровщини.",https://t.me/kpszsu/68482
2026-07-14T20:42:22+00:00,kpszsu,68483,область,Донецька,,КАБ,48.0159,37.8029,КАБи на Донеччину.,https://t.me/kpszsu/68483
2026-07-14T20:46:49+00:00,kpszsu,68484,область,Одеська,,БпЛА,46.4825,30.7233,"🛵 Реактивний БпЛА в напрямку н.п.Татарбунари на Одещині. 🛵 БпЛА повз Лебедин на Сумщині, курс на захід. 🛵 БпЛА на сході Дніпропетровщини, курс на північ.",https://t.me/kpszsu/68484
2026-07-14T20:46:49+00:00,kpszsu,68484,область,Сумська,,БпЛА,50.9077,34.7981,"🛵 Реактивний БпЛА в напрямку н.п.Татарбунари на Одещині. 🛵 БпЛА повз Лебедин на Сумщині, курс на захід. 🛵 БпЛА на сході Дніпропетровщини, курс на північ.",https://t.me/kpszsu/68484
2026-07-14T20:46:49+00:00,kpszsu,68484,область,Дніпропетровська,схід,БпЛА,48.4647,35.0462,"🛵 Реактивний БпЛА в напрямку н.п.Татарбунари на Одещині. 🛵 БпЛА повз Лебедин на Сумщині, курс на захід. 🛵 БпЛА на сході Дніпропетровщини, курс на північ.",https://t.me/kpszsu/68484
2026-07-14T21:07:52+00:00,kpszsu,68485,область,Дніпропетровська,захід,БпЛА,48.4647,35.0462,"🛵 БпЛА на Дніпро із заходу. 🛵 БпЛА на півдні Сумщини, курс на Полтавщину. 🛵 БпЛА на сході Харківщини, курс на захід.",https://t.me/kpszsu/68485
2026-07-14T21:07:52+00:00,kpszsu,68485,область,Сумська,південь,БпЛА,50.9077,34.7981,"🛵 БпЛА на Дніпро із заходу. 🛵 БпЛА на півдні Сумщини, курс на Полтавщину. 🛵 БпЛА на сході Харківщини, курс на захід.",https://t.me/kpszsu/68485
2026-07-14T21:07:52+00:00,kpszsu,68485,область,Полтавська,,БпЛА,49.5883,34.5514,"🛵 БпЛА на Дніпро із заходу. 🛵 БпЛА на півдні Сумщини, курс на Полтавщину. 🛵 БпЛА на сході Харківщини, курс на захід.",https://t.me/kpszsu/68485
2026-07-14T21:07:52+00:00,kpszsu,68485,область,Харківська,схід,БпЛА,49.9935,36.2304,"🛵 БпЛА на Дніпро із заходу. 🛵 БпЛА на півдні Сумщини, курс на Полтавщину. 🛵 БпЛА на сході Харківщини, курс на захід.",https://t.me/kpszsu/68485
2026-07-14T21:15:23+00:00,kpszsu,68486,область,Полтавська,північ,БпЛА,49.5883,34.5514,🛵 БпЛА на н.п.Заводське на Полтавщині з півночі. 🛵 БпЛА в напрямку Харкова з півночі.,https://t.me/kpszsu/68486
2026-07-14T21:17:45+00:00,kpszsu,68487,область,Сумська,північ,БпЛА,50.9077,34.7981,🛵 БпЛА на Суми з півночі.,https://t.me/kpszsu/68487
2026-07-14T22:05:40+00:00,kpszsu,68488,область,Сумська,північ,БпЛА,50.9077,34.7981,"🛵 БпЛА на Суми з півночі. 🛵 БпЛА на заході від Полтави, курс на південь.",https://t.me/kpszsu/68488
2026-07-14T22:05:40+00:00,kpszsu,68488,область,Полтавська,захід,БпЛА,49.5883,34.5514,"🛵 БпЛА на Суми з півночі. 🛵 БпЛА на заході від Полтави, курс на південь.",https://t.me/kpszsu/68488
2026-07-14T22:10:08+00:00,kpszsu,68489,область,Херсонська,захід,БпЛА,46.6354,32.6169,"🛵 БпЛА на заході від Херсона, курс на північ та на обласний центр.",https://t.me/kpszsu/68489
2026-07-14T22:30:07+00:00,kpszsu,68490,область,Миколаївська,південь,БпЛА,46.975,31.9946,"🛵 БпЛА на Миколаїв з півдня. 🛵 БпЛА на сході від Кременчука, курс на південь. 🛵 БпЛА в центрі Полтавщини, курс на північ.",https://t.me/kpszsu/68490
2026-07-14T22:30:07+00:00,kpszsu,68490,область,Полтавська,схід,БпЛА,49.5883,34.5514,"🛵 БпЛА на Миколаїв з півдня. 🛵 БпЛА на сході від Кременчука, курс на південь. 🛵 БпЛА в центрі Полтавщини, курс на північ.",https://t.me/kpszsu/68490
2026-07-14T22:30:07+00:00,kpszsu,68490,область,Полтавська,південь,БпЛА,49.5883,34.5514,"🛵 БпЛА на Миколаїв з півдня. 🛵 БпЛА на сході від Кременчука, курс на південь. 🛵 БпЛА в центрі Полтавщини, курс на північ.",https://t.me/kpszsu/68490
2026-07-14T22:56:41+00:00,kpszsu,68491,область,Харківська,північ,БпЛА,49.9935,36.2304,🛵 БпЛА на Харків з півночі. 🛵 БпЛА на Миколаїв з півдня. 🛵 БпЛА на Покровське на Дніпропетровщині.,https://t.me/kpszsu/68491
2026-07-14T22:56:41+00:00,kpszsu,68491,область,Миколаївська,північ,БпЛА,46.975,31.9946,🛵 БпЛА на Харків з півночі. 🛵 БпЛА на Миколаїв з півдня. 🛵 БпЛА на Покровське на Дніпропетровщині.,https://t.me/kpszsu/68491
2026-07-14T22:56:41+00:00,kpszsu,68491,область,Донецька,південь,БпЛА,48.0159,37.8029,🛵 БпЛА на Харків з півночі. 🛵 БпЛА на Миколаїв з півдня. 🛵 БпЛА на Покровське на Дніпропетровщині.,https://t.me/kpszsu/68491
2026-07-14T22:56:41+00:00,kpszsu,68491,область,Дніпропетровська,,БпЛА,48.4647,35.0462,🛵 БпЛА на Харків з півночі. 🛵 БпЛА на Миколаїв з півдня. 🛵 БпЛА на Покровське на Дніпропетровщині.,https://t.me/kpszsu/68491
2026-07-14T23:07:14+00:00,kpszsu,68492,область,Сумська,північ,БпЛА,50.9077,34.7981,"🛵 БпЛА на півночі Сумщини, в напрямку Конотопа.",https://t.me/kpszsu/68492
2026-07-14T23:07:14+00:00,kpszsu,68492,область,Сумська,,БпЛА,50.9077,34.7981,"🛵 БпЛА на півночі Сумщини, в напрямку Конотопа.",https://t.me/kpszsu/68492
2026-07-14T23:10:48+00:00,kpszsu,68493,область,Чернігівська,південь,БпЛА,51.4982,31.2893,"🛵 БпЛА на півдні Чернігівщини, курс на н.п.Срібне.",https://t.me/kpszsu/68493
2026-07-14T23:19:13+00:00,kpszsu,68494,область,Сумська,захід,БпЛА,50.9077,34.7981,"🛵 БпЛА на заході Сумщини, курс на Чернігівщину. 🛵 БпЛА на півночі Харківщини, курс на Полтавщину.",https://t.me/kpszsu/68494
2026-07-14T23:19:13+00:00,kpszsu,68494,область,Чернігівська,,БпЛА,51.4982,31.2893,"🛵 БпЛА на заході Сумщини, курс на Чернігівщину. 🛵 БпЛА на півночі Харківщини, курс на Полтавщину.",https://t.me/kpszsu/68494
2026-07-14T23:19:13+00:00,kpszsu,68494,область,Харківська,північ,БпЛА,49.9935,36.2304,"🛵 БпЛА на заході Сумщини, курс на Чернігівщину. 🛵 БпЛА на півночі Харківщини, курс на Полтавщину.",https://t.me/kpszsu/68494
2026-07-14T23:19:13+00:00,kpszsu,68494,область,Полтавська,,БпЛА,49.5883,34.5514,"🛵 БпЛА на заході Сумщини, курс на Чернігівщину. 🛵 БпЛА на півночі Харківщини, курс на Полтавщину.",https://t.me/kpszsu/68494
2026-07-14T23:29:27+00:00,kpszsu,68495,область,Запорізька,південь,БпЛА,47.8388,35.1396,🛵 БпЛА на Запоріжжя з півдня.,https://t.me/kpszsu/68495
2026-07-14T23:32:45+00:00,kpszsu,68496,область,Сумська,північ,БпЛА,50.9077,34.7981,🛵 БпЛА на Суми з півночі. 🛵 БпЛА на  н.п. Ічня на Чернігівщині зі сходу. 🛵 БпЛА на Полтавщину із заходу Харківщини.,https://t.me/kpszsu/68496
2026-07-14T23:32:45+00:00,kpszsu,68496,область,Чернігівська,схід,БпЛА,51.4982,31.2893,🛵 БпЛА на Суми з півночі. 🛵 БпЛА на  н.п. Ічня на Чернігівщині зі сходу. 🛵 БпЛА на Полтавщину із заходу Харківщини.,https://t.me/kpszsu/68496
2026-07-14T23:32:45+00:00,kpszsu,68496,область,Полтавська,схід,БпЛА,49.5883,34.5514,🛵 БпЛА на Суми з півночі. 🛵 БпЛА на  н.п. Ічня на Чернігівщині зі сходу. 🛵 БпЛА на Полтавщину із заходу Харківщини.,https://t.me/kpszsu/68496
2026-07-14T23:32:45+00:00,kpszsu,68496,область,Харківська,захід,БпЛА,49.9935,36.2304,🛵 БпЛА на Суми з півночі. 🛵 БпЛА на  н.п. Ічня на Чернігівщині зі сходу. 🛵 БпЛА на Полтавщину із заходу Харківщини.,https://t.me/kpszsu/68496
2026-07-14T23:44:30+00:00,kpszsu,68498,область,Чернігівська,схід,БпЛА,51.4982,31.2893,🛵 БпЛА на н.п.Прилуки на Чернігівщині зі сходу.,https://t.me/kpszsu/68498
2026-07-14T23:45:30+00:00,kpszsu,68499,область,Харківська,,КАБ,49.9935,36.2304,КАБи на Харківщину.,https://t.me/kpszsu/68499
2026-07-14T23:48:48+00:00,kpszsu,68500,область,Донецька,,КАБ,48.0159,37.8029,КАБи на Донеччину.,https://t.me/kpszsu/68500
2026-07-14T23:58:49+00:00,kpszsu,68501,область,Сумська,,БпЛА,50.9077,34.7981,"🛵 БпЛА на Сумщині на н.п. Велика Писарівка з півночі. 🛵 БпЛА на заході Харківщини, курс на південь.",https://t.me/kpszsu/68501
2026-07-14T23:58:49+00:00,kpszsu,68501,область,Харківська,захід,БпЛА,49.9935,36.2304,"🛵 БпЛА на Сумщині на н.п. Велика Писарівка з півночі. 🛵 БпЛА на заході Харківщини, курс на південь.",https://t.me/kpszsu/68501
2026-07-15T00:16:12+00:00,kpszsu,68503,область,Харківська,схід,БпЛА,49.9935,36.2304,"🛵 БпЛА на сході Харківщини, курс на захід.",https://t.me/kpszsu/68503
2026-07-15T00:33:20+00:00,kpszsu,68504,область,Харківська,північ,КАБ,49.9935,36.2304,КАБи на північ Харківщини.,https://t.me/kpszsu/68504
2026-07-15T00:39:39+00:00,kpszsu,68505,область,Дніпропетровська,,БпЛА|авіація,48.4647,35.0462,"🛵 БпЛА з Харківщини, курсом на Дніпропетровщину. 🛵 БпЛА на Дніпропетровщині, курсом на Синельникове. 🛵 Реактивний БпЛА в Новгород-Сіверському районі Чернігівщини, курс південний. 🚀 Пуски керованих авіаційних бомб ворожою тактичною авіацією на Дніпропетровщину (Синельниківський р-н).",https://t.me/kpszsu/68505
2026-07-15T00:39:39+00:00,kpszsu,68505,область,Чернігівська,,БпЛА|авіація,51.4982,31.2893,"🛵 БпЛА з Харківщини, курсом на Дніпропетровщину. 🛵 БпЛА на Дніпропетровщині, курсом на Синельникове. 🛵 Реактивний БпЛА в Новгород-Сіверському районі Чернігівщини, курс південний. 🚀 Пуски керованих авіаційних бомб ворожою тактичною авіацією на Дніпропетровщину (Синельниківський р-н).",https://t.me/kpszsu/68505
2026-07-15T00:50:03+00:00,kpszsu,68506,область,Харківська,північ,БпЛА,49.9935,36.2304,"🛵 БпЛА на півночі Харківщини, курс південний.",https://t.me/kpszsu/68506
2026-07-15T01:27:23+00:00,kpszsu,68507,область,Миколаївська,,БпЛА,46.975,31.9946,"🛵 БпЛА в Первомайському районі Миколаївщини, курс південно-західний.",https://t.me/kpszsu/68507
2026-07-15T02:12:26+00:00,kpszsu,68508,область,Одеська,,БпЛА,46.4825,30.7233,"🛵 Реактивний БпЛА в акваторії Чорного моря, курсом на Одещину.",https://t.me/kpszsu/68508
2026-07-15T02:20:37+00:00,kpszsu,68509,область,Дніпропетровська,,авіація,48.4647,35.0462,🚀 Пуски керованих авіаційних бомб ворожою тактичною авіацією на Дніпропетровщину (Синельниківський р-н).,https://t.me/kpszsu/68509
2026-07-15T03:05:39+00:00,kpszsu,68511,область,Запорізька,,КАБ,47.8388,35.1396,КАБи на Запорізьку область.,https://t.me/kpszsu/68511
2026-07-15T03:14:12+00:00,kpszsu,68512,область,Сумська,північ,БпЛА,50.9077,34.7981,🛵 БпЛА курсом на Суми з півночі.,https://t.me/kpszsu/68512
2026-07-15T03:22:58+00:00,kpszsu,68513,область,Чернігівська,захід,БпЛА,51.4982,31.2893,"🛵 Реактивний БпЛА на заході Чернігівщини, курсом на Київщину.",https://t.me/kpszsu/68513
2026-07-15T03:22:58+00:00,kpszsu,68513,область,Київська,,БпЛА,50.4501,30.5234,"🛵 Реактивний БпЛА на заході Чернігівщини, курсом на Київщину.",https://t.me/kpszsu/68513
2026-07-15T03:30:20+00:00,kpszsu,68514,область,Київська,північ,БпЛА,50.4501,30.5234,"🛵 Реактивні БпЛА на півночі Київщини, курс західний.",https://t.me/kpszsu/68514
2026-07-15T03:30:40+00:00,kpszsu,68515,область,Сумська,північ,БпЛА,50.9077,34.7981,🛵 БпЛА курсом на Суми з півночі.,https://t.me/kpszsu/68515
2026-07-15T03:57:33+00:00,kpszsu,68516,область,Одеська,,,46.4825,30.7233,"🚀 Швидкісні цілі в акваторії Чорного моря, в напрямку Одеси.",https://t.me/kpszsu/68516
2026-07-15T03:59:34+00:00,kpszsu,68517,область,Одеська,,,46.4825,30.7233,"🚀 Швидкісні цілі в акваторії Чорного моря, в напрямку Одеси.",https://t.me/kpszsu/68517
2026-07-15T04:00:59+00:00,kpszsu,68518,область,Житомирська,,БпЛА,50.2547,28.6587,"🛵 Реактивні БпЛА на Житомирщині, курсом на Коростень.",https://t.me/kpszsu/68518
2026-07-15T05:03:23+00:00,kpszsu,68520,область,Сумська,північ,БпЛА,50.9077,34.7981,🛵 БпЛА курсом на Суми з півночі.,https://t.me/kpszsu/68520
2026-07-15T05:30:21+00:00,kpszsu,68521,область,Донецька,,БпЛА|збиття|ракета,48.0159,37.8029,"⚡️ ЗБИТО/ПОДАВЛЕНО 101 ВОРОЖИЙ БПЛА ➖ ➖ ➖ ➖ ➖ ➖ ➖ ➖ ➖ ➖ У ніч на 15 липня (з 18:00 14 липня) противник атакував 2 керованими авіаційними ракетами Х-59/69 із повітряного простору ТОТ АР Крим та 122 ударними БпЛА типу Shahed (в т.ч. реактивними), Гербера, Італмас та дронами-імітаторами типу «Пародія» із напрямків: Курськ, Орел, Міллерово – рф., ТОТ Донецьк, Гвардійське – ТОТ АР Крим. Повітряний напад відбивали авіація, зенітні ракетні війська, підрозділи РЕБ та безпілотних систем, мобільні вогневі групи Сил оборони України. 💥 За попередніми даними, станом на 08:30, протиповітряною обороною збито/подавлено 101 ворожий БпЛА типу Shahed, Гербера, Італмас та дронів інших типів на півночі, півдні та сході країни. Зафіксовано влучання ракет та 18 ударних БпЛА на 19 локаціях, а також падіння збитих (уламки) на 7 локаціях. Атака триває, в повітряному просторі декілька ворожих БпЛА. Дотримуйтесь правил безпеки! Крім того, близько 07.00 ворог завдав повторного авіаційного удару по Одещині. ✊ Тримаймо небо! 🇺🇦 Разом – до перемоги!",https://t.me/kpszsu/68521
2026-07-15T05:30:21+00:00,kpszsu,68521,область,Одеська,,БпЛА|збиття|ракета,46.4825,30.7233,"⚡️ ЗБИТО/ПОДАВЛЕНО 101 ВОРОЖИЙ БПЛА ➖ ➖ ➖ ➖ ➖ ➖ ➖ ➖ ➖ ➖ У ніч на 15 липня (з 18:00 14 липня) противник атакував 2 керованими авіаційними ракетами Х-59/69 із повітряного простору ТОТ АР Крим та 122 ударними БпЛА типу Shahed (в т.ч. реактивними), Гербера, Італмас та дронами-імітаторами типу «Пародія» із напрямків: Курськ, Орел, Міллерово – рф., ТОТ Донецьк, Гвардійське – ТОТ АР Крим. Повітряний напад відбивали авіація, зенітні ракетні війська, підрозділи РЕБ та безпілотних систем, мобільні вогневі групи Сил оборони України. 💥 За попередніми даними, станом на 08:30, протиповітряною обороною збито/подавлено 101 ворожий БпЛА типу Shahed, Гербера, Італмас та дронів інших типів на півночі, півдні та сході країни. Зафіксовано влучання ракет та 18 ударних БпЛА на 19 локаціях, а також падіння збитих (уламки) на 7 локаціях. Атака триває, в повітряному просторі декілька ворожих БпЛА. Дотримуйтесь правил безпеки! Крім того, близько 07.00 ворог завдав повторного авіаційного удару по Одещині. ✊ Тримаймо небо! 🇺🇦 Разом – до перемоги!",https://t.me/kpszsu/68521
2026-07-15T05:40:45+00:00,kpszsu,68522,область,Запорізька,південь,БпЛА,47.8388,35.1396,🛵 БпЛА курсом на Запоріжжя з півдня.,https://t.me/kpszsu/68522
2026-07-15T05:45:46+00:00,kpszsu,68523,область,Одеська,,БпЛА,46.4825,30.7233,"🛵 БпЛА з акваторії Чорного моря, курсом на Одещину.",https://t.me/kpszsu/68523
2026-07-15T05:58:48+00:00,kpszsu,68524,область,Донецька,,КАБ,48.0159,37.8029,КАБи на Донеччину!,https://t.me/kpszsu/68524
2026-07-15T05:59:39+00:00,kpszsu,68525,область,Сумська,північ,КАБ,50.9077,34.7981,КАБи на північ Сумщини!,https://t.me/kpszsu/68525
2026-07-15T06:07:28+00:00,kpszsu,68526,область,Сумська,,КАБ,50.9077,34.7981,КАБи на  Сумщину!,https://t.me/kpszsu/68526
2026-07-15T06:11:31+00:00,kpszsu,68527,область,Полтавська,північ,БпЛА,49.5883,34.5514,🛵 БпЛА у напрямку Опішні на Полтавщині з півночі,https://t.me/kpszsu/68527
2026-07-15T06:12:52+00:00,kpszsu,68528,область,Сумська,,КАБ,50.9077,34.7981,КАБ у напрямку Сум!,https://t.me/kpszsu/68528
2026-07-15T06:15:22+00:00,kpszsu,68529,область,Полтавська,північ,БпЛА,49.5883,34.5514,🛵 БпЛА у напрямку Диканьки на Полтавщині з півночі,https://t.me/kpszsu/68529
2026-07-15T06:19:10+00:00,kpszsu,68530,область,Сумська,,КАБ,50.9077,34.7981,КАБ у напрямку Сум!,https://t.me/kpszsu/68530
2026-07-15T06:29:28+00:00,kpszsu,68531,область,Харківська,північ,БпЛА,49.9935,36.2304,🛵 БпЛА на Слатине на Харківщині з півночі,https://t.me/kpszsu/68531
2026-07-15T06:32:32+00:00,kpszsu,68532,область,Запорізька,південь,БпЛА,47.8388,35.1396,🛵 БпЛА у напрямку Вільнянська Запорізької області з півдня,https://t.me/kpszsu/68532
2026-07-15T07:05:00+00:00,kpszsu,68533,область,Харківська,,КАБ,49.9935,36.2304,"КАБи на Харківщину, Донеччину!",https://t.me/kpszsu/68533
2026-07-15T07:05:00+00:00,kpszsu,68533,область,Донецька,,КАБ,48.0159,37.8029,"КАБи на Харківщину, Донеччину!",https://t.me/kpszsu/68533
2026-07-15T07:16:14+00:00,kpszsu,68534,область,Запорізька,,БпЛА,47.8388,35.1396,"🛵 БпЛА на Запоріжжя, Суми.",https://t.me/kpszsu/68534
2026-07-15T07:16:14+00:00,kpszsu,68534,область,Сумська,,БпЛА,50.9077,34.7981,"🛵 БпЛА на Запоріжжя, Суми.",https://t.me/kpszsu/68534
2026-07-15T08:03:10+00:00,kpszsu,68539,область,Запорізька,,КАБ,47.8388,35.1396,КАБи на Запоріжжя.,https://t.me/kpszsu/68539
2026-07-15T08:40:45+00:00,kpszsu,68540,область,Одеська,,БпЛА,46.4825,30.7233,"🛵 БпЛА з акваторії Чорного моря, курсом на Одесу.",https://t.me/kpszsu/68540
2026-07-15T09:16:00+00:00,kpszsu,68541,область,Запорізька,,БпЛА|КАБ,47.8388,35.1396,КАБи на Запорізьку область!,https://t.me/kpszsu/68541
2026-07-15T09:24:21+00:00,kpszsu,68543,область,Одеська,,БпЛА,46.4825,30.7233,🛵 Група БпЛА у напрямку Одещини та Миколаївщини з акваторії Чорного моря,https://t.me/kpszsu/68543
2026-07-15T09:24:21+00:00,kpszsu,68543,область,Миколаївська,,БпЛА,46.975,31.9946,🛵 Група БпЛА у напрямку Одещини та Миколаївщини з акваторії Чорного моря,https://t.me/kpszsu/68543
2026-07-15T09:31:03+00:00,kpszsu,68544,область,Харківська,північ,БпЛА,49.9935,36.2304,🛵 БпЛА на Харків з півночі,https://t.me/kpszsu/68544
2026-07-15T10:02:10+00:00,kpszsu,68546,область,Запорізька,південь,БпЛА,47.8388,35.1396,🛵 БпЛА на Запоріжжя з півдня,https://t.me/kpszsu/68546
2026-07-15T11:44:39+00:00,kpszsu,68548,область,Сумська,,КАБ,50.9077,34.7981,КАБи на Сумщину.,https://t.me/kpszsu/68548
2026-07-15T12:13:05+00:00,kpszsu,68550,область,Харківська,,КАБ,49.9935,36.2304,КАБи на Харківщину.,https://t.me/kpszsu/68550
2026-07-15T12:35:12+00:00,kpszsu,68551,область,Дніпропетровська,,КАБ,48.4647,35.0462,КАБи на Дніпропетровщину.,https://t.me/kpszsu/68551
2026-07-15T13:01:48+00:00,kpszsu,68552,область,Запорізька,,КАБ,47.8388,35.1396,КАБи на Запоріжжя.,https://t.me/kpszsu/68552
2026-07-15T13:43:14+00:00,kpszsu,68553,область,Одеська,,БпЛА,46.4825,30.7233,"🛵 Група БпЛА у напрямку Одещини (Затока, Сергіївка) з акваторії Чорного моря.",https://t.me/kpszsu/68553
2026-07-15T13:58:17+00:00,kpszsu,68554,область,Запорізька,,КАБ,47.8388,35.1396,КАБи на Запорізьку область!,https://t.me/kpszsu/68554
2026-07-15T14:03:34+00:00,kpszsu,68555,область,Чернігівська,північно-схід,БпЛА,51.4982,31.2893,🛵 БпЛА у напрямку Новгород-Сіверського на Чернігівщині з північного сходу,https://t.me/kpszsu/68555
2026-07-15T14:13:38+00:00,kpszsu,68556,область,Чернігівська,північно-схід,БпЛА,51.4982,31.2893,🛵 Реактивний БпЛА у напрямку Сосниці на Чернігівщині з північного сходу,https://t.me/kpszsu/68556
2026-07-15T14:20:32+00:00,kpszsu,68557,область,Сумська,північ,БпЛА,50.9077,34.7981,🛵 БпЛА на Суми з півночі,https://t.me/kpszsu/68557
2026-07-15T14:32:10+00:00,kpszsu,68558,область,Чернігівська,південно-захід,БпЛА,51.4982,31.2893,🛵 Реактивний БпЛА у Чернігівському районі південно-західним курсом,https://t.me/kpszsu/68558
2026-07-15T14:38:29+00:00,kpszsu,68559,область,Чернігівська,південно-захід,БпЛА,51.4982,31.2893,🛵 Реактивний БпЛА у Чернігівському районі південно-західним курсом,https://t.me/kpszsu/68559
2026-07-15T14:45:56+00:00,kpszsu,68560,область,Київська,північ,БпЛА,50.4501,30.5234,🛵 Реактивний БпЛА на півночі Київщини рухається в південно-західному напрямку,https://t.me/kpszsu/68560
2026-07-15T14:59:24+00:00,kpszsu,68562,область,Сумська,північ,БпЛА,50.9077,34.7981,🛵 БпЛА на Суми з півночі,https://t.me/kpszsu/68562
2026-07-15T15:00:44+00:00,kpszsu,68563,область,Київська,північ,БпЛА,50.4501,30.5234,🛵 Реактивний БпЛА на півночі Київщини рухається в південно-західному напрямку,https://t.me/kpszsu/68563
2026-07-15T15:02:13+00:00,kpszsu,68564,область,Одеська,,БпЛА,46.4825,30.7233,🛵 БпЛА на Одесу з акваторії Чорного моря,https://t.me/kpszsu/68564
2026-07-15T15:03:27+00:00,kpszsu,68565,область,Одеська,,,46.4825,30.7233,"Баражуючий боєприпас ""Бандероль"" курсом на Одесу з Чорного моря",https://t.me/kpszsu/68565
2026-07-15T15:19:31+00:00,kpszsu,68566,область,Дніпропетровська,схід,БпЛА,48.4647,35.0462,🛵 БпЛА у напрямку Марганця на Дніпропетровщині зі сходу,https://t.me/kpszsu/68566
2026-07-15T15:21:28+00:00,kpszsu,68567,область,Дніпропетровська,,БпЛА,48.4647,35.0462,🛵 Реактивний БпЛА у Нікопольському районі Дніпропетровщини ➡️ у північному напрямку,https://t.me/kpszsu/68567
2026-07-15T15:21:28+00:00,kpszsu,68567,область,Дніпропетровська,північ,БпЛА,48.4647,35.0462,🛵 Реактивний БпЛА у Нікопольському районі Дніпропетровщини ➡️ у північному напрямку,https://t.me/kpszsu/68567
2026-07-15T15:32:57+00:00,kpszsu,68568,область,Дніпропетровська,,БпЛА,48.4647,35.0462,🛵 Реактивний БпЛА у Нікопольському районі Дніпропетровщини ➡️ у північному напрямку,https://t.me/kpszsu/68568
2026-07-15T15:32:57+00:00,kpszsu,68568,область,Дніпропетровська,північ,БпЛА,48.4647,35.0462,🛵 Реактивний БпЛА у Нікопольському районі Дніпропетровщини ➡️ у північному напрямку,https://t.me/kpszsu/68568
2026-07-15T15:35:58+00:00,kpszsu,68569,область,Харківська,,БпЛА,49.9935,36.2304,🛵 Реактивний  БпЛА на межі Харківської та Дніпропетровської областей ➡️ північно-західним курсом,https://t.me/kpszsu/68569
2026-07-15T15:35:58+00:00,kpszsu,68569,область,Дніпропетровська,північно-захід,БпЛА,48.4647,35.0462,🛵 Реактивний  БпЛА на межі Харківської та Дніпропетровської областей ➡️ північно-західним курсом,https://t.me/kpszsu/68569
2026-07-15T15:37:03+00:00,kpszsu,68570,область,Дніпропетровська,,БпЛА,48.4647,35.0462,🛵 Реактивний БпЛА у Криворізькому районі Дніпропетровщини ➡️ прямує північно-західним курсом,https://t.me/kpszsu/68570
2026-07-15T15:37:03+00:00,kpszsu,68570,область,Дніпропетровська,північно-захід,БпЛА,48.4647,35.0462,🛵 Реактивний БпЛА у Криворізькому районі Дніпропетровщини ➡️ прямує північно-західним курсом,https://t.me/kpszsu/68570
2026-07-15T15:38:36+00:00,kpszsu,68571,область,Чернігівська,північ,БпЛА,51.4982,31.2893,🛵 БпЛА на півночі Чернігівщини вздовж кордону з Білоруссю ➡️ у західному напрямку,https://t.me/kpszsu/68571
2026-07-15T15:50:50+00:00,kpszsu,68572,область,Чернігівська,,БпЛА,51.4982,31.2893,🛵 Реактивний БпЛА вздовж межі між Чернігівською та Сумською областями з півночі ➡️ південним курсом,https://t.me/kpszsu/68572
2026-07-15T15:50:50+00:00,kpszsu,68572,область,Сумська,північ,БпЛА,50.9077,34.7981,🛵 Реактивний БпЛА вздовж межі між Чернігівською та Сумською областями з півночі ➡️ південним курсом,https://t.me/kpszsu/68572
2026-07-15T15:54:49+00:00,kpszsu,68573,область,Запорізька,південь,БпЛА,47.8388,35.1396,🛵 БпЛА на Запоріжжя з півдня,https://t.me/kpszsu/68573
2026-07-15T16:09:31+00:00,kpszsu,68575,область,Київська,північ,БпЛА,50.4501,30.5234,"🛵 БпЛА на півночі Київщини, в районі Чорнобильської зони ➡️ курсом на захід. 🛵 Реактивний БпЛА ➡️ курсом на Кременчук.",https://t.me/kpszsu/68575
2026-07-15T16:09:31+00:00,kpszsu,68575,область,Полтавська,,БпЛА,49.5883,34.5514,"🛵 БпЛА на півночі Київщини, в районі Чорнобильської зони ➡️ курсом на захід. 🛵 Реактивний БпЛА ➡️ курсом на Кременчук.",https://t.me/kpszsu/68575
2026-07-15T16:17:07+00:00,kpszsu,68576,область,Чернігівська,,БпЛА,51.4982,31.2893,🛵 Чернігівщина: реактивний БпЛА ➡️ курсом на Козелець.,https://t.me/kpszsu/68576
2026-07-15T16:22:23+00:00,kpszsu,68577,область,Чернігівська,,БпЛА,51.4982,31.2893,🛵 Чернігівщина: реактивний БпЛА ➡️ курсом на Козелець.,https://t.me/kpszsu/68577
2026-07-15T16:28:14+00:00,kpszsu,68578,область,Київська,,БпЛА,50.4501,30.5234,"🛵 БпЛА в районі Київського водосховища, курс на Київ.",https://t.me/kpszsu/68578
2026-07-15T16:43:17+00:00,kpszsu,68580,область,Житомирська,,БпЛА,50.2547,28.6587,🛵 Реактивний БпЛА із Київщини ➡️ на Житомирщину.,https://t.me/kpszsu/68580
2026-07-15T16:52:18+00:00,kpszsu,68581,область,Житомирська,,БпЛА,50.2547,28.6587,🛵 Реактивний БпЛА із Київщини ➡️ на Житомирщину.,https://t.me/kpszsu/68581
2026-07-15T16:58:49+00:00,kpszsu,68584,область,Одеська,,ракета,46.4825,30.7233,🚀 Декілька груп ракет Х-22 в бік Одеса/Чорноморське! 🚀 Ще одна ракета в бік Херсонщини!,https://t.me/kpszsu/68584
2026-07-15T16:58:49+00:00,kpszsu,68584,область,Херсонська,,ракета,46.6354,32.6169,🚀 Декілька груп ракет Х-22 в бік Одеса/Чорноморське! 🚀 Ще одна ракета в бік Херсонщини!,https://t.me/kpszsu/68584
2026-07-15T17:00:05+00:00,kpszsu,68585,область,Одеська,,ракета,46.4825,30.7233,🚀 Декілька груп ракет Х-22 в бік Одеса/Чорноморське! 🚀 Ще одна ракета в бік Херсонщини!,https://t.me/kpszsu/68585
2026-07-15T17:00:05+00:00,kpszsu,68585,область,Херсонська,,ракета,46.6354,32.6169,🚀 Декілька груп ракет Х-22 в бік Одеса/Чорноморське! 🚀 Ще одна ракета в бік Херсонщини!,https://t.me/kpszsu/68585
2026-07-15T17:13:31+00:00,kpszsu,68586,область,Чернігівська,,БпЛА,51.4982,31.2893,🛵 Чернігівщина: реактивні БпЛА ➡️ курсом на Ніжин.,https://t.me/kpszsu/68586
2026-07-15T17:21:50+00:00,kpszsu,68587,область,Кіровоградська,південь,БпЛА,48.5079,32.2623,🛵 Реактивний БпЛА ➡️ на південь Кіровоградщини. 🛵 Реактивний БпЛА ➡️ курсом на Черкаси.,https://t.me/kpszsu/68587
2026-07-15T17:21:50+00:00,kpszsu,68587,область,Черкаська,,БпЛА,49.4444,32.0598,🛵 Реактивний БпЛА ➡️ на південь Кіровоградщини. 🛵 Реактивний БпЛА ➡️ курсом на Черкаси.,https://t.me/kpszsu/68587
2026-07-15T17:50:13+00:00,kpszsu,68588,область,Київська,,БпЛА,50.4501,30.5234,🛵 Київщина : БпЛА ➡️ реактивний БпЛа повз Ржищів курсом на Київ/Бориспіль.,https://t.me/kpszsu/68588
2026-07-15T17:57:30+00:00,kpszsu,68589,область,Чернігівська,,БпЛА,51.4982,31.2893,🛵 Чернігівщина: БпЛА ➡️ в напрямку Славутича та Коропа.,https://t.me/kpszsu/68589
2026-07-15T18:07:27+00:00,kpszsu,68590,область,Одеська,,БпЛА|збиття,46.4825,30.7233,🛸 Поблизу узбережжя Одещини ➡️ ворожі розвідувальні БпЛА. Залучено засоби для збиття.,https://t.me/kpszsu/68590
2026-07-15T18:21:03+00:00,kpszsu,68591,область,Сумська,північ,КАБ,50.9077,34.7981,КАБи на північ Сумщини.,https://t.me/kpszsu/68591
2026-07-15T19:25:33+00:00,kpszsu,68593,область,Дніпропетровська,,КАБ,48.4647,35.0462,"КАБи на Дніпропетровщину, Харківщину, Донеччину.",https://t.me/kpszsu/68593
2026-07-15T19:25:33+00:00,kpszsu,68593,область,Харківська,,КАБ,49.9935,36.2304,"КАБи на Дніпропетровщину, Харківщину, Донеччину.",https://t.me/kpszsu/68593
2026-07-15T19:25:33+00:00,kpszsu,68593,область,Донецька,,КАБ,48.0159,37.8029,"КАБи на Дніпропетровщину, Харківщину, Донеччину.",https://t.me/kpszsu/68593
2026-07-15T19:51:46+00:00,kpszsu,68594,область,Запорізька,,БпЛА,47.8388,35.1396,🛵 Група БпЛА ➡️ курсом на Запоріжжя.,https://t.me/kpszsu/68594
2026-07-15T20:13:55+00:00,kpszsu,68595,область,Сумська,,БпЛА,50.9077,34.7981,🛵 БпЛА ➡️ курсом на Суми.,https://t.me/kpszsu/68595
2026-07-15T20:36:09+00:00,kpszsu,68596,область,Запорізька,,КАБ,47.8388,35.1396,КАБи на Запоріжжя.,https://t.me/kpszsu/68596
2026-07-15T21:28:27+00:00,kpszsu,68598,область,Одеська,,БпЛА,46.4825,30.7233,🛵 Декілька груп БпЛА з акваторїї Чорного моря ➡️ у напрямку Затоки (Одещина).,https://t.me/kpszsu/68598
2026-07-15T21:46:03+00:00,kpszsu,68599,область,Чернігівська,,ракета,51.4982,31.2893,Ракети через Чернігівщину!,https://t.me/kpszsu/68599
2026-07-15T21:46:25+00:00,kpszsu,68600,область,Чернігівська,,ракета,51.4982,31.2893,Ракети через Чернігівщину!,https://t.me/kpszsu/68600
2026-07-15T21:46:59+00:00,kpszsu,68601,область,Київська,,ракета,50.4501,30.5234,Балістика на Київ!,https://t.me/kpszsu/68601
2026-07-15T21:47:36+00:00,kpszsu,68602,область,Київська,,ракета,50.4501,30.5234,Балістика на Київ!,https://t.me/kpszsu/68602
2026-07-15T21:53:22+00:00,kpszsu,68604,область,Чернігівська,,БпЛА,51.4982,31.2893,🛵 Чернігівщина: реактивні БпЛА ➡️ курсом на Ніжин.,https://t.me/kpszsu/68604
2026-07-15T21:56:50+00:00,kpszsu,68605,область,Чернігівська,,ракета,51.4982,31.2893,Ракети через Чернігівщину!,https://t.me/kpszsu/68605
2026-07-15T22:02:09+00:00,kpszsu,68606,область,Чернігівська,,БпЛА,51.4982,31.2893,🛵 Чернігівщина: реактивні БпЛА ➡️ курсом на Ніжин.,https://t.me/kpszsu/68606
2026-07-15T22:03:00+00:00,kpszsu,68608,область,Київська,,ракета,50.4501,30.5234,🚀 Балістика на Київ!,https://t.me/kpszsu/68608
2026-07-15T22:08:39+00:00,kpszsu,68609,область,Київська,,БпЛА,50.4501,30.5234,🛵 Реактивні БпЛА із Чернігівщини ➡️ у напрямку Київщини.,https://t.me/kpszsu/68609
2026-07-15T22:14:56+00:00,kpszsu,68610,область,Київська,,БпЛА,50.4501,30.5234,🛵 Реактивні БпЛА над Київським водосховищем ➡️ на Димер!,https://t.me/kpszsu/68610
2026-07-15T22:28:01+00:00,kpszsu,68612,область,Житомирська,,БпЛА,50.2547,28.6587,🛵 Реактивні БпЛА із Київщини ➡️ в бік Житомирської області.,https://t.me/kpszsu/68612
2026-07-15T22:32:12+00:00,kpszsu,68614,область,Дніпропетровська,,БпЛА,48.4647,35.0462,🛵 Дніпропетровщина: реактивні БпЛА ➡️ курсом на Павлоград. 🛵 Реактивний БпЛА з Житомирщини ➡️ на Вінниччину.,https://t.me/kpszsu/68614
2026-07-15T22:32:12+00:00,kpszsu,68614,область,Вінницька,,БпЛА,49.2331,28.4682,🛵 Дніпропетровщина: реактивні БпЛА ➡️ курсом на Павлоград. 🛵 Реактивний БпЛА з Житомирщини ➡️ на Вінниччину.,https://t.me/kpszsu/68614
2026-07-15T22:43:52+00:00,kpszsu,68615,область,Чернігівська,,БпЛА,51.4982,31.2893,🛵 Чернігівщина: реактивний БпЛА ➡️ курсом на Славутич.,https://t.me/kpszsu/68615
2026-07-15T22:49:00+00:00,kpszsu,68616,область,Вінницька,,БпЛА,49.2331,28.4682,🛵 Вінниччина: реактивний БпЛА повз Ладижин ➡️ у напрямку Немирова.,https://t.me/kpszsu/68616
2026-07-15T23:17:28+00:00,kpszsu,68619,область,Кіровоградська,,БпЛА,48.5079,32.2623,🛵 Реактивний БпЛА ➡️ в напрямку Кропивницького. 🛵 БпЛА ➡️ курсом на Кам'янське.,https://t.me/kpszsu/68619
2026-07-15T23:40:50+00:00,kpszsu,68620,область,Чернігівська,,БпЛА,51.4982,31.2893,🛵 БпЛА ➡️ курсом на Чернігів.,https://t.me/kpszsu/68620
2026-07-15T23:59:54+00:00,kpszsu,68622,область,Харківська,південно-схід,БпЛА,49.9935,36.2304,🛵 БпЛА на Харків з південного сходу,https://t.me/kpszsu/68622
2026-07-16T00:00:30+00:00,kpszsu,68623,область,Сумська,північ,БпЛА,50.9077,34.7981,🛵 БпЛА на Суми з півночі,https://t.me/kpszsu/68623
2026-07-16T00:06:58+00:00,kpszsu,68625,область,Донецька,,КАБ,48.0159,37.8029,КАБи на Донеччину!,https://t.me/kpszsu/68625
2026-07-16T00:20:07+00:00,kpszsu,68626,область,Харківська,північно-схід,КАБ,49.9935,36.2304,КАБи на північний схід Харківщини!,https://t.me/kpszsu/68626
2026-07-16T00:29:32+00:00,kpszsu,68628,область,Донецька,,КАБ,48.0159,37.8029,Повторні пуски КАБів на Донеччину та північний схід Харківщини!,https://t.me/kpszsu/68628
2026-07-16T00:29:32+00:00,kpszsu,68628,область,Харківська,північно-схід,КАБ,49.9935,36.2304,Повторні пуски КАБів на Донеччину та північний схід Харківщини!,https://t.me/kpszsu/68628
2026-07-16T00:38:44+00:00,kpszsu,68629,область,Сумська,північ,БпЛА,50.9077,34.7981,🛵 БпЛА на Суми з півночі,https://t.me/kpszsu/68629
2026-07-16T00:56:00+00:00,kpszsu,68630,область,Дніпропетровська,,КАБ,48.4647,35.0462,КАБи на Дніпропетровщину!,https://t.me/kpszsu/68630
2026-07-16T01:22:27+00:00,kpszsu,68631,область,Чернігівська,північно-схід,БпЛА,51.4982,31.2893,🛵 БпЛА у напрямку Корюківки на Чернігівщині з північного сходу,https://t.me/kpszsu/68631
2026-07-16T01:23:06+00:00,kpszsu,68632,область,Запорізька,,КАБ,47.8388,35.1396,КАБи на Запорізьку область та Дніпропетровщину!,https://t.me/kpszsu/68632
2026-07-16T01:23:06+00:00,kpszsu,68632,область,Дніпропетровська,,КАБ,48.4647,35.0462,КАБи на Запорізьку область та Дніпропетровщину!,https://t.me/kpszsu/68632
2026-07-16T01:36:09+00:00,kpszsu,68633,область,Сумська,північ,БпЛА,50.9077,34.7981,🛵 БпЛА на Суми з півночі,https://t.me/kpszsu/68633
2026-07-16T01:43:13+00:00,kpszsu,68634,область,Харківська,північ,БпЛА,49.9935,36.2304,🛵 БпЛА на Харків з півночі,https://t.me/kpszsu/68634
2026-07-16T01:52:14+00:00,kpszsu,68635,область,Донецька,південь,БпЛА,48.0159,37.8029,🛵 БпЛА на Краматорськ на Донеччині з півдня,https://t.me/kpszsu/68635
2026-07-16T01:54:24+00:00,kpszsu,68636,область,Запорізька,,КАБ,47.8388,35.1396,Повторні пуски КАБів на Запорізьку область!,https://t.me/kpszsu/68636
2026-07-16T01:55:38+00:00,kpszsu,68637,область,Харківська,північно-захід,БпЛА,49.9935,36.2304,🛵 БпЛА у Лозівському районі Харківщини у північно-західному напрямку 🛵 БпЛА на Харків з півночі,https://t.me/kpszsu/68637
2026-07-16T01:55:38+00:00,kpszsu,68637,область,Харківська,захід,БпЛА,49.9935,36.2304,🛵 БпЛА у Лозівському районі Харківщини у північно-західному напрямку 🛵 БпЛА на Харків з півночі,https://t.me/kpszsu/68637
2026-07-16T02:05:41+00:00,kpszsu,68638,область,Дніпропетровська,схід,БпЛА,48.4647,35.0462,🛵 БпЛА на Синельникове на Дніпропетровщині зі сходу 🛵 БпЛА на Суми з півночі,https://t.me/kpszsu/68638
2026-07-16T02:05:41+00:00,kpszsu,68638,область,Сумська,схід,БпЛА,50.9077,34.7981,🛵 БпЛА на Синельникове на Дніпропетровщині зі сходу 🛵 БпЛА на Суми з півночі,https://t.me/kpszsu/68638
2026-07-16T02:32:53+00:00,kpszsu,68639,область,Дніпропетровська,південно-схід,БпЛА,48.4647,35.0462,🛵 Реактивний БпЛА у напрямку Шахтарського на Дніпропетровщині з південного сходу,https://t.me/kpszsu/68639
2026-07-16T02:43:17+00:00,kpszsu,68640,область,Харківська,південно-схід,БпЛА,49.9935,36.2304,🛵 Реактивний БпЛА у напрямку Лозової на Харківщині з південного сходу,https://t.me/kpszsu/68640
2026-07-16T02:47:03+00:00,kpszsu,68641,область,Сумська,північ,БпЛА,50.9077,34.7981,🛵 БпЛА на Суми з півночі 🛵 БпЛА у Новгород-Сіверському районі Чернігівщини ➡️ у південно-західному напрямку,https://t.me/kpszsu/68641
2026-07-16T02:47:03+00:00,kpszsu,68641,область,Чернігівська,південно-захід,БпЛА,51.4982,31.2893,🛵 БпЛА на Суми з півночі 🛵 БпЛА у Новгород-Сіверському районі Чернігівщини ➡️ у південно-західному напрямку,https://t.me/kpszsu/68641
2026-07-16T02:54:49+00:00,kpszsu,68642,область,Одеська,,,46.4825,30.7233,"Баражуючий боєприпас ""Бандероль"" курсом на Одесу з Чорного моря",https://t.me/kpszsu/68642
2026-07-16T02:59:46+00:00,kpszsu,68644,область,Харківська,південно-схід,БпЛА,49.9935,36.2304,🛵 Реактивний БпЛА у напрямку Лозової на Харківщині з південного сходу,https://t.me/kpszsu/68644
2026-07-16T03:04:25+00:00,kpszsu,68646,область,Харківська,північ,БпЛА,49.9935,36.2304,🛵 БпЛА у напрямку Ізюма на Харківщині з півночі,https://t.me/kpszsu/68646
2026-07-16T03:05:28+00:00,kpszsu,68647,область,Одеська,північ,БпЛА,46.4825,30.7233,🛵 БпЛА у напрямку Овідіополя на Одещині з півночі,https://t.me/kpszsu/68647
2026-07-16T03:06:58+00:00,kpszsu,68648,область,Харківська,північ,БпЛА,49.9935,36.2304,🛵 БпЛА на Харків з півночі 🛵 Реактивний БпЛА  на Харків з півдня,https://t.me/kpszsu/68648
2026-07-16T03:08:10+00:00,kpszsu,68649,область,Сумська,північ,БпЛА,50.9077,34.7981,🛵 БпЛА на Суми з півночі,https://t.me/kpszsu/68649
2026-07-16T03:14:48+00:00,kpszsu,68651,область,Чернігівська,північ,БпЛА,51.4982,31.2893,🛵 Реактивний БпЛА на півночі Чернігівщини вздовж кордону з Білоруссю ➡️ у західному напрямку,https://t.me/kpszsu/68651
2026-07-16T03:29:20+00:00,kpszsu,68652,область,Чернігівська,північ,БпЛА,51.4982,31.2893,🛵 Група реактивних БпЛА рухається вздовж кордону з Білоруссю з півночі Чернігівщини на північ Київщини,https://t.me/kpszsu/68652
2026-07-16T03:29:20+00:00,kpszsu,68652,область,Київська,північ,БпЛА,50.4501,30.5234,🛵 Група реактивних БпЛА рухається вздовж кордону з Білоруссю з півночі Чернігівщини на північ Київщини,https://t.me/kpszsu/68652
2026-07-16T03:33:11+00:00,kpszsu,68653,область,Запорізька,,КАБ,47.8388,35.1396,КАБи на Запорізьку область!,https://t.me/kpszsu/68653
2026-07-16T03:43:51+00:00,kpszsu,68655,область,Чернігівська,північ,БпЛА,51.4982,31.2893,🛵 Група реактивних БпЛА рухається вздовж кордону з Білоруссю з півночі Чернігівщини на північ Київщини,https://t.me/kpszsu/68655
2026-07-16T03:43:51+00:00,kpszsu,68655,область,Київська,північ,БпЛА,50.4501,30.5234,🛵 Група реактивних БпЛА рухається вздовж кордону з Білоруссю з півночі Чернігівщини на північ Київщини,https://t.me/kpszsu/68655
2026-07-16T03:45:20+00:00,kpszsu,68656,область,Сумська,північ,БпЛА,50.9077,34.7981,🛵 БпЛА на Суми з півночі,https://t.me/kpszsu/68656
2026-07-16T04:21:14+00:00,kpszsu,68660,область,Харківська,,БпЛА,49.9935,36.2304,"🛵 Реактивні БпЛА з Бєлгородської обл., рф ➡️ курсом на Старий Мерчик на Харківщині",https://t.me/kpszsu/68660
2026-07-16T04:29:09+00:00,kpszsu,68661,область,Харківська,,БпЛА,49.9935,36.2304,"🛵 Реактивні БпЛА з Бєлгородської обл., рф ➡️ курсом на Старий Мерчик на Харківщині",https://t.me/kpszsu/68661
2026-07-16T04:40:54+00:00,kpszsu,68662,область,Сумська,північ,БпЛА,50.9077,34.7981,🛵 БпЛА на Суми з півночі,https://t.me/kpszsu/68662
2026-07-16T05:52:19+00:00,kpszsu,68663,область,Миколаївська,північ,БпЛА,46.975,31.9946,🛵 Реактивний БпЛА  у Миколаївському районі ➡️ північним курсом,https://t.me/kpszsu/68663
2026-07-16T05:55:16+00:00,kpszsu,68664,область,Миколаївська,північ,БпЛА,46.975,31.9946,🛵 Реактивний БпЛА  у Миколаївському районі ➡️ північним курсом,https://t.me/kpszsu/68664
2026-07-16T06:15:34+00:00,kpszsu,68665,область,Донецька,,,48.0159,37.8029,🚀 Пуски керованих авіаційних бомб  на Донеччину.,https://t.me/kpszsu/68665
2026-07-16T06:18:59+00:00,kpszsu,68666,область,Одеська,південь,БпЛА,46.4825,30.7233,🛵 Реактивний БпЛА на південь Одещини. 🛵 Реактивні БпЛА на лінію розмежування Сумщини та Харківщини.,https://t.me/kpszsu/68666
2026-07-16T06:18:59+00:00,kpszsu,68666,область,Сумська,,БпЛА,50.9077,34.7981,🛵 Реактивний БпЛА на південь Одещини. 🛵 Реактивні БпЛА на лінію розмежування Сумщини та Харківщини.,https://t.me/kpszsu/68666
2026-07-16T06:18:59+00:00,kpszsu,68666,область,Харківська,,БпЛА,49.9935,36.2304,🛵 Реактивний БпЛА на південь Одещини. 🛵 Реактивні БпЛА на лінію розмежування Сумщини та Харківщини.,https://t.me/kpszsu/68666
2026-07-16T06:22:41+00:00,kpszsu,68667,область,Донецька,,БпЛА|збиття|ракета,48.0159,37.8029,"⚡️ ЗБИТО/ПОДАВЛЕНО 132 ЦІЛІ ➖ ➖ ➖ ➖ ➖ ➖ ➖ ➖ ➖ ➖ У ніч на 16 липня (з 18:00 15 липня) противник атакував 8 балістичними ракетами Іскандер-М/С-400 із Брянської області, рф, 4 крилатими ракетами Х-22/32 з акваторії  Чорного моря, 1 протирадіолокаційною ракетою Х-31П, 5 баражуючими боєприпасами типу «Бандероль» та 146 ударними БпЛА типу Shahed (в т.ч. реактивними), Гербера, Італмас та дронами-імітаторами типу «Пародія» із напрямків: Курськ, Орел, Міллерово – рф, Донецьк – ТОТ,  Гвардійське – ТОТ АР Крим. Повітряний напад відбивали авіація, зенітні ракетні війська, підрозділи РЕБ та безпілотних систем, мобільні вогневі групи Сил оборони України. 💥 За попередніми даними, станом на 09:00, протиповітряною обороною збито/подавлено 3 балістичні ракети Іскандер-М/С-400 та 129 ворожих БпЛА типу Shahed, Гербера, Італмас та дронів інших типів на півночі, півдні, центрі та сході країни. Зафіксовано влучання 5 балістичних ракет Іскандер-М/С-400, протирадіолокаційної ракети Х-31П та 16 ударних БпЛА на 15 локаціях, а також падіння збитих (уламки) на 7 локаціях. Крилаті ракети Х-22/32 не досягли цілей. Атака триває, в повітряному просторі декілька ворожих БпЛА. Дотримуйтесь правил безпеки! ✊ Тримаймо небо! 🇺🇦 Разом – до перемоги!",https://t.me/kpszsu/68667
2026-07-16T06:28:47+00:00,kpszsu,68668,область,Харківська,,БпЛА,49.9935,36.2304,"🛵 Реактивні БпЛА на Харківщині, курс на південь. 🛵 БпЛА на Одесу з Чорного моря. 🚀 Пуски керованих авіаційних бомб  на Харківщину.",https://t.me/kpszsu/68668
2026-07-16T06:28:47+00:00,kpszsu,68668,область,Одеська,південь,БпЛА,46.4825,30.7233,"🛵 Реактивні БпЛА на Харківщині, курс на південь. 🛵 БпЛА на Одесу з Чорного моря. 🚀 Пуски керованих авіаційних бомб  на Харківщину.",https://t.me/kpszsu/68668
2026-07-16T06:47:07+00:00,kpszsu,68669,область,Харківська,,БпЛА,49.9935,36.2304,"🛵 Харківщина: реактивні БпЛА в районі н.п. Балаклія, Андріївка, Слобожанське; 🛵 БпЛА ➡️ на Суми зі сходу.",https://t.me/kpszsu/68669
2026-07-16T06:47:07+00:00,kpszsu,68669,область,Сумська,схід,БпЛА,50.9077,34.7981,"🛵 Харківщина: реактивні БпЛА в районі н.п. Балаклія, Андріївка, Слобожанське; 🛵 БпЛА ➡️ на Суми зі сходу.",https://t.me/kpszsu/68669
2026-07-16T06:54:11+00:00,kpszsu,68670,область,Сумська,,БпЛА|збиття,50.9077,34.7981,"🛸 На Сумщині, на півночі від м.Конотоп, працює розвідувальний БпЛА противника, який може бути навідником  ворожих засобів ураження! Залучено засоби для їх збиття.",https://t.me/kpszsu/68670
2026-07-16T06:54:11+00:00,kpszsu,68670,область,Сумська,північ,БпЛА|збиття,50.9077,34.7981,"🛸 На Сумщині, на півночі від м.Конотоп, працює розвідувальний БпЛА противника, який може бути навідником  ворожих засобів ураження! Залучено засоби для їх збиття.",https://t.me/kpszsu/68670
2026-07-16T06:58:21+00:00,kpszsu,68671,область,Харківська,,БпЛА,49.9935,36.2304,"🛵 Харківщина: БпЛА повз Слобожанське, курс - північно-західний.",https://t.me/kpszsu/68671
2026-07-16T06:59:48+00:00,kpszsu,68672,область,Донецька,,КАБ,48.0159,37.8029,КАБи ➡️ на Донеччину та на Харківщину зі сходу.,https://t.me/kpszsu/68672
2026-07-16T06:59:48+00:00,kpszsu,68672,область,Харківська,схід,КАБ,49.9935,36.2304,КАБи ➡️ на Донеччину та на Харківщину зі сходу.,https://t.me/kpszsu/68672
2026-07-16T07:01:48+00:00,kpszsu,68673,область,Сумська,,БпЛА,50.9077,34.7981,🛵 Сумщина: БпЛА в напрямку Степанівки/Сум з північного сходу.,https://t.me/kpszsu/68673
2026-07-16T07:01:48+00:00,kpszsu,68673,область,Сумська,північно-схід,БпЛА,50.9077,34.7981,🛵 Сумщина: БпЛА в напрямку Степанівки/Сум з північного сходу.,https://t.me/kpszsu/68673
2026-07-16T07:08:27+00:00,kpszsu,68674,область,Сумська,,,50.9077,34.7981,"🚀 Ціль на Сумщину, вектор - Путивль.",https://t.me/kpszsu/68674
2026-07-16T07:27:16+00:00,kpszsu,68675,область,Сумська,,КАБ,50.9077,34.7981,КАБи ➡️ на Сумщину!,https://t.me/kpszsu/68675
2026-07-16T07:29:27+00:00,kpszsu,68676,область,Харківська,,БпЛА,49.9935,36.2304,"🛵 Харківщина: - БпЛА повз Старий Салтів південним курсом, - реактивний БпЛА  на півдні від Змієва, курс - змінний; - реактивні БпЛА на заході від Барвінкового.",https://t.me/kpszsu/68676
2026-07-16T07:31:59+00:00,kpszsu,68677,область,Сумська,південно-схід,БпЛА,50.9077,34.7981,"🛵 Сумщина: - БпЛА на південному сході від Тростянця в напрямку Охтирки, - 🛵 🛸 БпЛА на північному сході від Есмані, курс - змінний.",https://t.me/kpszsu/68677
2026-07-16T07:38:18+00:00,kpszsu,68679,область,Донецька,,КАБ,48.0159,37.8029,КАБи ➡️ на Донеччину та схід Дніпропетровщини.,https://t.me/kpszsu/68679
2026-07-16T07:38:18+00:00,kpszsu,68679,область,Дніпропетровська,схід,КАБ,48.4647,35.0462,КАБи ➡️ на Донеччину та схід Дніпропетровщини.,https://t.me/kpszsu/68679
2026-07-16T07:39:21+00:00,kpszsu,68680,область,Сумська,,,50.9077,34.7981,"🚀 Ціль на Сумщину, вектор - Буринь.",https://t.me/kpszsu/68680
2026-07-16T07:40:19+00:00,kpszsu,68681,область,Сумська,,,50.9077,34.7981,"🚀 Ціль на Сумщину, вектор - Буринь.",https://t.me/kpszsu/68681
2026-07-16T07:51:40+00:00,kpszsu,68682,область,Дніпропетровська,,БпЛА,48.4647,35.0462,"🛵 Дніпропетровщина: БпЛА ➡️ на/повз Шахтарське зі сходу; 🛵 Харківщина: - БпЛА на півдні від Балаклії, курс - змінний, - реактивний БпЛА в напрямку Старого Салтова з півдня.",https://t.me/kpszsu/68682
2026-07-16T07:51:40+00:00,kpszsu,68682,область,Харківська,схід,БпЛА,49.9935,36.2304,"🛵 Дніпропетровщина: БпЛА ➡️ на/повз Шахтарське зі сходу; 🛵 Харківщина: - БпЛА на півдні від Балаклії, курс - змінний, - реактивний БпЛА в напрямку Старого Салтова з півдня.",https://t.me/kpszsu/68682
2026-07-16T07:59:56+00:00,kpszsu,68683,область,Запорізька,,КАБ,47.8388,35.1396,КАБи ➡️ на Запорізьку область.,https://t.me/kpszsu/68683
2026-07-16T08:01:54+00:00,kpszsu,68684,область,Запорізька,,БпЛА,47.8388,35.1396,🛵 Запорізька область: БпЛА в напрямку Вільнянська з південного сходу; 🛵 Харківщина: реактивний БпЛА повз Старий Салтів в напрямку Чугуєва.,https://t.me/kpszsu/68684
2026-07-16T08:01:54+00:00,kpszsu,68684,область,Запорізька,південно-схід,БпЛА,47.8388,35.1396,🛵 Запорізька область: БпЛА в напрямку Вільнянська з південного сходу; 🛵 Харківщина: реактивний БпЛА повз Старий Салтів в напрямку Чугуєва.,https://t.me/kpszsu/68684
2026-07-16T08:01:54+00:00,kpszsu,68684,область,Харківська,південно-схід,БпЛА,49.9935,36.2304,🛵 Запорізька область: БпЛА в напрямку Вільнянська з південного сходу; 🛵 Харківщина: реактивний БпЛА повз Старий Салтів в напрямку Чугуєва.,https://t.me/kpszsu/68684
2026-07-16T08:18:15+00:00,kpszsu,68687,область,Миколаївська,південь,БпЛА,46.975,31.9946,"🛵 Реактивний БпЛА на півдні Миколаївщини, курс - північний.",https://t.me/kpszsu/68687
2026-07-16T08:21:01+00:00,kpszsu,68689,область,Сумська,,БпЛА,50.9077,34.7981,🛵 Сумщина: БпЛА  на/повз Кириківку в напрямку Охтирки.,https://t.me/kpszsu/68689
2026-07-16T08:23:07+00:00,kpszsu,68690,область,Миколаївська,південь,БпЛА,46.975,31.9946,"🛵 Реактивний БпЛА на півдні Миколаївщини, курс - північний.",https://t.me/kpszsu/68690
2026-07-16T08:29:45+00:00,kpszsu,68691,область,Харківська,південь,ракета,49.9935,36.2304,Ракета на Харківщині повз Бірки в південному напрямку,https://t.me/kpszsu/68691
2026-07-16T08:56:41+00:00,kpszsu,68694,область,Сумська,,,50.9077,34.7981,🚀 Швидкісна ціль на Сумщині,https://t.me/kpszsu/68694
2026-07-16T08:58:55+00:00,kpszsu,68695,область,Миколаївська,,БпЛА,46.975,31.9946,🛵 Реактивний БпЛА з акваторії Чорного моря на Миколаївщину.,https://t.me/kpszsu/68695
2026-07-16T09:05:01+00:00,kpszsu,68696,область,Сумська,,,50.9077,34.7981,🚀 Швидкісна ціль на Сумщині ( повз Хотінь),https://t.me/kpszsu/68696
2026-07-16T09:20:39+00:00,kpszsu,68697,область,Сумська,північ,БпЛА,50.9077,34.7981,🛵 БпЛА курсом на м.Суми з півночі.,https://t.me/kpszsu/68697
2026-07-16T09:29:43+00:00,kpszsu,68698,область,Харківська,,БпЛА,49.9935,36.2304,🛵 БпЛА з Сумщини курсом на Харківщину (Богодухів),https://t.me/kpszsu/68698
2026-07-16T09:44:59+00:00,kpszsu,68699,область,Харківська,північ,БпЛА,49.9935,36.2304,🛵 БпЛА в напрямку м.Харків з півночі.,https://t.me/kpszsu/68699
2026-07-16T09:58:29+00:00,kpszsu,68700,область,Одеська,,,46.4825,30.7233,"Баражуючі боєприпаси ""Бандероль"" курсом на Лиманку, Одесу з Чорного моря.",https://t.me/kpszsu/68700
2026-07-16T10:30:18+00:00,kpszsu,68701,область,Сумська,,БпЛА,50.9077,34.7981,🛵 БпЛА на Сумщині в напрямку н.п.Глухів.,https://t.me/kpszsu/68701
2026-07-16T10:44:40+00:00,kpszsu,68702,область,Запорізька,,,47.8388,35.1396,🚀 Швидкісна ціль на Запоріжжі,https://t.me/kpszsu/68702
2026-07-16T11:24:23+00:00,kpszsu,68705,область,Дніпропетровська,,БпЛА,48.4647,35.0462,"🛵 БпЛА на межі Дніпропетровщини та Запоріжжя, курс північно західний.",https://t.me/kpszsu/68705
2026-07-16T11:24:23+00:00,kpszsu,68705,область,Запорізька,,БпЛА,47.8388,35.1396,"🛵 БпЛА на межі Дніпропетровщини та Запоріжжя, курс північно західний.",https://t.me/kpszsu/68705
2026-07-16T11:27:18+00:00,kpszsu,68706,область,Дніпропетровська,захід,БпЛА,48.4647,35.0462,"🛵 БпЛА на заході Дніпропетровщини, повз н.п.Покров",https://t.me/kpszsu/68706
2026-07-16T11:34:00+00:00,kpszsu,68707,область,Дніпропетровська,,БпЛА,48.4647,35.0462,"🛵 Реактивний БпЛА на Дніпропетровщині, повз н.п.Софіївка курсом на північ.",https://t.me/kpszsu/68707
2026-07-16T11:38:43+00:00,kpszsu,68708,область,Дніпропетровська,,БпЛА,48.4647,35.0462,"🛵 Реактивний БпЛА на Дніпропетровщині, курс на північ Кривого Рогу.",https://t.me/kpszsu/68708
2026-07-16T11:41:35+00:00,kpszsu,68709,область,Кіровоградська,,БпЛА,48.5079,32.2623,🛵 Реактивний БпЛА з Дніпропетровщини курсом на Кіровоградщину.,https://t.me/kpszsu/68709
2026-07-16T11:51:20+00:00,kpszsu,68710,область,Харківська,північ,БпЛА,49.9935,36.2304,🛵 БпЛА в напрямку м.Харків з півночі.,https://t.me/kpszsu/68710
2026-07-16T12:02:36+00:00,kpszsu,68711,область,Харківська,,,49.9935,36.2304,🚀 Швидкісна ціль на Харківщині.,https://t.me/kpszsu/68711
2026-07-16T12:05:03+00:00,kpszsu,68712,область,Харківська,,,49.9935,36.2304,"Баражуючий боєприпас ""Бандероль"" на Харківщині, курс північно західний.",https://t.me/kpszsu/68712
2026-07-16T12:11:31+00:00,kpszsu,68713,область,Харківська,,КАБ,49.9935,36.2304,"Пуски КАБ на Харківщині, Донеччині та Дніпропетровщині.",https://t.me/kpszsu/68713
2026-07-16T12:11:31+00:00,kpszsu,68713,область,Донецька,,КАБ,48.0159,37.8029,"Пуски КАБ на Харківщині, Донеччині та Дніпропетровщині.",https://t.me/kpszsu/68713
2026-07-16T12:11:31+00:00,kpszsu,68713,область,Дніпропетровська,,КАБ,48.4647,35.0462,"Пуски КАБ на Харківщині, Донеччині та Дніпропетровщині.",https://t.me/kpszsu/68713
2026-07-16T12:15:42+00:00,kpszsu,68714,область,Чернігівська,,БпЛА,51.4982,31.2893,"🛵 БпЛА на Чернігівщині, повз н.п.Корюківка, курсом на південь.",https://t.me/kpszsu/68714
2026-07-16T12:20:27+00:00,kpszsu,68715,область,Полтавська,,БпЛА,49.5883,34.5514,🛵 БпЛА з Харківщини курсом на Полтавщину.,https://t.me/kpszsu/68715
2026-07-16T12:54:38+00:00,kpszsu,68717,область,Херсонська,,КАБ,46.6354,32.6169,КАБи на Херсонщині.,https://t.me/kpszsu/68717
2026-07-16T13:01:30+00:00,kpszsu,68718,область,Дніпропетровська,,КАБ,48.4647,35.0462,КАБи на Дніпропетровщині.,https://t.me/kpszsu/68718
2026-07-16T13:07:14+00:00,kpszsu,68719,область,Полтавська,,БпЛА,49.5883,34.5514,"🛵 Реактивний БпЛА  на Полтавщині, повз н.п.Карлівка, курс на південь",https://t.me/kpszsu/68719
2026-07-16T13:12:15+00:00,kpszsu,68720,область,Запорізька,,КАБ,47.8388,35.1396,КАБи на  Запоріжжі,https://t.me/kpszsu/68720
2026-07-16T13:49:19+00:00,kpszsu,68721,область,Харківська,північ,БпЛА,49.9935,36.2304,🛵 БпЛА на м.Харків з півночі.,https://t.me/kpszsu/68721
2026-07-16T14:01:15+00:00,kpszsu,68722,область,Полтавська,,БпЛА,49.5883,34.5514,🛵 Реактивний БпЛА з Харківщини курсом на Полтавщину.,https://t.me/kpszsu/68722
2026-07-16T14:08:20+00:00,kpszsu,68723,область,Чернігівська,,БпЛА,51.4982,31.2893,"🛵 Реактивний БпЛА на Чернігівщині, повз н.п.Корюківка, курс південно-західний",https://t.me/kpszsu/68723
2026-07-16T14:25:29+00:00,kpszsu,68724,область,Полтавська,,БпЛА,49.5883,34.5514,"🛵 Реактивний БпЛА на Полтавщині,курс на м.Полтава зі сходу.",https://t.me/kpszsu/68724
2026-07-16T14:25:29+00:00,kpszsu,68724,область,Полтавська,схід,БпЛА,49.5883,34.5514,"🛵 Реактивний БпЛА на Полтавщині,курс на м.Полтава зі сходу.",https://t.me/kpszsu/68724
2026-07-16T14:31:41+00:00,kpszsu,68725,область,Дніпропетровська,захід,БпЛА,48.4647,35.0462,"🛵 Реактивний БпЛА на заході Дніпропетровщини, курс на Кіровоградщину.",https://t.me/kpszsu/68725
2026-07-16T14:31:41+00:00,kpszsu,68725,область,Кіровоградська,,БпЛА,48.5079,32.2623,"🛵 Реактивний БпЛА на заході Дніпропетровщини, курс на Кіровоградщину.",https://t.me/kpszsu/68725
2026-07-16T14:47:22+00:00,kpszsu,68726,область,Одеська,,БпЛА,46.4825,30.7233,🛵 Реактивні БпЛА з акваторії Чорного моря ➡️ в напрямку Чорноморська/Одеси.,https://t.me/kpszsu/68726
2026-07-16T14:48:23+00:00,kpszsu,68727,область,Харківська,північ,БпЛА,49.9935,36.2304,"🛵 БпЛА ➡️ курсом на Харків з півночі, також на південному заході від міста.",https://t.me/kpszsu/68727
2026-07-16T14:50:42+00:00,kpszsu,68728,область,Чернігівська,,БпЛА,51.4982,31.2893,🛵 Чернігівщина: реактивний БпЛА ➡️ в напрямку Сновська.,https://t.me/kpszsu/68728
2026-07-16T14:59:59+00:00,kpszsu,68729,область,Чернігівська,,БпЛА,51.4982,31.2893,🛵 Чернігівщина: реактивний БпЛА ➡️ в напрямку Сновська.,https://t.me/kpszsu/68729
2026-07-16T15:11:14+00:00,kpszsu,68730,область,Чернігівська,,БпЛА,51.4982,31.2893,🛵 Чернігівщина: реактивні БпЛА на/повз Ріпки південно-західним курсом.,https://t.me/kpszsu/68730
2026-07-16T15:21:28+00:00,kpszsu,68731,область,Чернігівська,,БпЛА,51.4982,31.2893,🛵 Чернігівщина: реактивні БпЛА на/повз Ріпки південно-західним курсом.,https://t.me/kpszsu/68731
2026-07-16T15:26:10+00:00,kpszsu,68732,область,Донецька,,БпЛА,48.0159,37.8029,🛵 Реактивний БпЛА на Донеччині ➡️ в напрямку Барвінкового (Харківщина).,https://t.me/kpszsu/68732
2026-07-16T15:26:10+00:00,kpszsu,68732,область,Харківська,,БпЛА,49.9935,36.2304,🛵 Реактивний БпЛА на Донеччині ➡️ в напрямку Барвінкового (Харківщина).,https://t.me/kpszsu/68732
2026-07-16T15:29:17+00:00,kpszsu,68733,область,Запорізька,південь,БпЛА,47.8388,35.1396,"🛵 Запорізька область: БпЛА ➡️ на південному заході від Комишувахи, курс - північний.",https://t.me/kpszsu/68733
2026-07-16T15:29:17+00:00,kpszsu,68733,область,Запорізька,південно-захід,БпЛА,47.8388,35.1396,"🛵 Запорізька область: БпЛА ➡️ на південному заході від Комишувахи, курс - північний.",https://t.me/kpszsu/68733
2026-07-16T15:37:13+00:00,kpszsu,68735,область,Київська,північ,БпЛА,50.4501,30.5234,🛵 Реактивні БпЛА з півночі Київщини ➡️ курсом на Житомирщину.,https://t.me/kpszsu/68735
2026-07-16T15:37:13+00:00,kpszsu,68735,область,Житомирська,,БпЛА,50.2547,28.6587,🛵 Реактивні БпЛА з півночі Київщини ➡️ курсом на Житомирщину.,https://t.me/kpszsu/68735
2026-07-16T15:40:27+00:00,kpszsu,68736,область,Харківська,,БпЛА,49.9935,36.2304,"🛵 Харківщина: реактивний БпЛА ➡️ у напрямку Балаклії з півдня; 🛵 Житомирщина: реактивні БпЛА ➡️ на/повз Чоповичі, Народичі, курс - західний (м.Коростень).",https://t.me/kpszsu/68736
2026-07-16T15:40:27+00:00,kpszsu,68736,область,Житомирська,південь,БпЛА,50.2547,28.6587,"🛵 Харківщина: реактивний БпЛА ➡️ у напрямку Балаклії з півдня; 🛵 Житомирщина: реактивні БпЛА ➡️ на/повз Чоповичі, Народичі, курс - західний (м.Коростень).",https://t.me/kpszsu/68736
2026-07-16T15:42:30+00:00,kpszsu,68737,область,Чернігівська,,БпЛА,51.4982,31.2893,"🛵 Чернігівщина: - БпЛА повз Славутич, курс - південний/південно-західний, - реактивний БпЛА на півночі області, курс - західний/південно-західний.",https://t.me/kpszsu/68737
2026-07-16T15:48:58+00:00,kpszsu,68738,область,Харківська,,БпЛА,49.9935,36.2304,🛵 Харківщина: реактивний БпЛА ➡️ в напрямку Мерефи/Змієва з півдня.,https://t.me/kpszsu/68738
2026-07-16T15:54:39+00:00,kpszsu,68739,область,Харківська,,БпЛА,49.9935,36.2304,🛵 Харківщина: реактивний БпЛА ➡️ в напрямку Мерефи/Змієва з півдня.,https://t.me/kpszsu/68739
2026-07-16T16:03:50+00:00,kpszsu,68740,область,Сумська,,БпЛА,50.9077,34.7981,🛵 Сумщина: реактивний БпЛА ➡️ на/повз Степанівку.,https://t.me/kpszsu/68740
2026-07-16T16:06:10+00:00,kpszsu,68741,область,Донецька,схід,БпЛА,48.0159,37.8029,🛵 БпЛА на Донеччині ➡️ курсом на схід Дніпропетровщини.,https://t.me/kpszsu/68741
2026-07-16T16:06:10+00:00,kpszsu,68741,область,Дніпропетровська,схід,БпЛА,48.4647,35.0462,🛵 БпЛА на Донеччині ➡️ курсом на схід Дніпропетровщини.,https://t.me/kpszsu/68741
2026-07-16T16:10:57+00:00,kpszsu,68742,область,Харківська,,БпЛА,49.9935,36.2304,🛵 Харківщина:  БпЛА в напрямку Дергачів та Богодухова.,https://t.me/kpszsu/68742
2026-07-16T16:25:49+00:00,kpszsu,68744,область,Харківська,південь,БпЛА,49.9935,36.2304,"🛵 Реактивні БпЛА на півдні Харківщини, курс н.п.Лозова",https://t.me/kpszsu/68744
2026-07-16T16:37:29+00:00,kpszsu,68745,область,Дніпропетровська,,БпЛА,48.4647,35.0462,"🛵 Реактивні БпЛА на Дніпропетровщині, курс на м.Павлоград",https://t.me/kpszsu/68745
2026-07-16T16:49:02+00:00,kpszsu,68747,область,Сумська,,БпЛА,50.9077,34.7981,🛵 БпЛА ➡️ у напрямку Сум.,https://t.me/kpszsu/68747
2026-07-16T16:51:06+00:00,kpszsu,68748,область,Дніпропетровська,,БпЛА,48.4647,35.0462,🛵 Реактивний БпЛА ➡️ курсом на м.Дніпро.,https://t.me/kpszsu/68748
2026-07-16T17:20:26+00:00,kpszsu,68749,область,Харківська,південь,БпЛА,49.9935,36.2304,🛵 БпЛА у Харківському районі на півдні та південному сході від обласного центру.,https://t.me/kpszsu/68749
2026-07-16T17:33:40+00:00,kpszsu,68750,область,Запорізька,південь,БпЛА,47.8388,35.1396,"🛵 БпЛА на півдні м.Запоріжжя, курс - південний.",https://t.me/kpszsu/68750
2026-07-16T17:39:27+00:00,kpszsu,68751,область,Сумська,,БпЛА,50.9077,34.7981,🛵 Сумщина: БпЛА ➡️ у напрямку Бурині зі сходу.,https://t.me/kpszsu/68751
2026-07-16T17:46:16+00:00,kpszsu,68752,область,Чернігівська,північ,БпЛА,51.4982,31.2893,"🛵 🛸 Чернігівщина:- БпЛА на півночі області, курс - західний/південно-західний (Городня).",https://t.me/kpszsu/68752
2026-07-16T17:57:59+00:00,kpszsu,68753,область,Чернігівська,,БпЛА,51.4982,31.2893,🛵 Чернігівщина: БпЛА ➡️ в напрямку Сновська та повз Городню південно-західним курсом.,https://t.me/kpszsu/68753
2026-07-16T18:05:14+00:00,kpszsu,68756,область,Донецька,,БпЛА,48.0159,37.8029,🛵 БпЛА по межі Донеччини і Харківщини ➡️ південним курсом.,https://t.me/kpszsu/68756
2026-07-16T18:05:14+00:00,kpszsu,68756,область,Харківська,південь,БпЛА,49.9935,36.2304,🛵 БпЛА по межі Донеччини і Харківщини ➡️ південним курсом.,https://t.me/kpszsu/68756
2026-07-16T18:17:26+00:00,kpszsu,68758,область,Чернігівська,,БпЛА,51.4982,31.2893,🛵 Реактивні БпЛА з брянщини (рф) ➡️ курсом на Чернігівщину (вектор - Городня); 🛵 БпЛА ➡️ на південь Миколаївщини через Дніпровську затоку.,https://t.me/kpszsu/68758
2026-07-16T18:17:26+00:00,kpszsu,68758,область,Миколаївська,південь,БпЛА,46.975,31.9946,🛵 Реактивні БпЛА з брянщини (рф) ➡️ курсом на Чернігівщину (вектор - Городня); 🛵 БпЛА ➡️ на південь Миколаївщини через Дніпровську затоку.,https://t.me/kpszsu/68758
2026-07-16T18:17:26+00:00,kpszsu,68758,область,Дніпропетровська,,БпЛА,48.4647,35.0462,🛵 Реактивні БпЛА з брянщини (рф) ➡️ курсом на Чернігівщину (вектор - Городня); 🛵 БпЛА ➡️ на південь Миколаївщини через Дніпровську затоку.,https://t.me/kpszsu/68758
2026-07-16T18:17:48+00:00,kpszsu,68759,область,Сумська,,БпЛА,50.9077,34.7981,🛵 БпЛА ➡️ курсом на Суми.,https://t.me/kpszsu/68759
2026-07-16T18:20:41+00:00,kpszsu,68761,область,Чернігівська,,БпЛА,51.4982,31.2893,🛵 Реактивний БпЛА з Сумщини ➡️ у напрямку Новгород-Сіверського (Чернігівщина).,https://t.me/kpszsu/68761
2026-07-16T18:27:06+00:00,kpszsu,68764,область,Сумська,,КАБ,50.9077,34.7981,КАБ у напрямку Сум!,https://t.me/kpszsu/68764
2026-07-16T18:38:04+00:00,kpszsu,68766,область,Запорізька,схід,БпЛА,47.8388,35.1396,🛵 БпЛА в напрямку м.Запоріжжя зі сходу.,https://t.me/kpszsu/68766
2026-07-16T18:48:42+00:00,kpszsu,68769,область,Харківська,північ,КАБ,49.9935,36.2304,КАБи на півночі Харківщини,https://t.me/kpszsu/68769
2026-07-16T18:50:57+00:00,kpszsu,68770,область,Донецька,,КАБ,48.0159,37.8029,Пуски КАБ на Донеччині.,https://t.me/kpszsu/68770
2026-07-16T18:56:22+00:00,kpszsu,68771,область,Одеська,,БпЛА,46.4825,30.7233,🛵 Реактивний БпЛА з акваторії Чорного моря в напрямку Одещини.,https://t.me/kpszsu/68771
2026-07-16T19:00:39+00:00,kpszsu,68772,область,Запорізька,,КАБ,47.8388,35.1396,Пуски КАБ на Запоріжжі.,https://t.me/kpszsu/68772
2026-07-16T19:02:44+00:00,kpszsu,68773,область,Чернігівська,,БпЛА,51.4982,31.2893,"🛵 Реактивні БпЛА на Чернігівщині біля н.п.Сновськ/Корюківка, курс на схід.",https://t.me/kpszsu/68773
2026-07-16T19:11:43+00:00,kpszsu,68775,область,Одеська,,БпЛА,46.4825,30.7233,🛵 БпЛА з акваторії Чорного моря в напрямку Одещини/Миколаївщини.,https://t.me/kpszsu/68775
2026-07-16T19:11:43+00:00,kpszsu,68775,область,Миколаївська,,БпЛА,46.975,31.9946,🛵 БпЛА з акваторії Чорного моря в напрямку Одещини/Миколаївщини.,https://t.me/kpszsu/68775
2026-07-16T19:18:33+00:00,kpszsu,68776,область,Одеська,,,46.4825,30.7233,🚀 Швидкісна ціль на Одещину,https://t.me/kpszsu/68776
2026-07-16T19:20:00+00:00,kpszsu,68777,область,Одеська,,ракета,46.4825,30.7233,🚀 Ще ракета на Одесу,https://t.me/kpszsu/68777
2026-07-16T19:26:39+00:00,kpszsu,68778,область,Одеська,,БпЛА,46.4825,30.7233,🛵 БпЛА з акваторії Чорного моря в напрямку Одещини (Чорноморськ/Лиманка),https://t.me/kpszsu/68778
2026-07-16T19:28:23+00:00,kpszsu,68779,область,Полтавська,,БпЛА,49.5883,34.5514,"🛵 БпЛА на Полтавщині, в напрямку н.п.Градизьк",https://t.me/kpszsu/68779
2026-07-16T19:30:45+00:00,kpszsu,68780,область,Харківська,північ,БпЛА,49.9935,36.2304,🛵 БпЛА в напрямку м.Харків з півночі,https://t.me/kpszsu/68780
2026-07-16T19:41:36+00:00,kpszsu,68781,область,Полтавська,,БпЛА,49.5883,34.5514,"🛵 БпЛА в районі Кременчуцького водосховища, курс північно західний.",https://t.me/kpszsu/68781
2026-07-16T19:53:01+00:00,kpszsu,68782,область,Запорізька,,КАБ,47.8388,35.1396,Пуски КАБ на Запоріжжі та Дніпропетровщині.,https://t.me/kpszsu/68782
2026-07-16T19:53:01+00:00,kpszsu,68782,область,Дніпропетровська,,КАБ,48.4647,35.0462,Пуски КАБ на Запоріжжі та Дніпропетровщині.,https://t.me/kpszsu/68782
2026-07-16T20:25:52+00:00,kpszsu,68783,область,Черкаська,,БпЛА,49.4444,32.0598,"🛵 БпЛА на Черкащині, курс північно західний/ західний.",https://t.me/kpszsu/68783
2026-07-16T20:29:42+00:00,kpszsu,68784,область,Черкаська,,БпЛА,49.4444,32.0598,"🛵 БпЛА на Черкащині, курс Чорнобай/Золотоноша.",https://t.me/kpszsu/68784
2026-07-16T20:41:11+00:00,kpszsu,68785,область,Запорізька,південь,БпЛА,47.8388,35.1396,🛵 БпЛА в напрямку м.Запоріжжя з півдня,https://t.me/kpszsu/68785
2026-07-16T21:19:26+00:00,kpszsu,68786,область,Херсонська,схід,БпЛА,46.6354,32.6169,"🛵 БпЛА на сході Херсонщини, курс північний, на Дніпропетровщину.",https://t.me/kpszsu/68786
2026-07-16T21:19:26+00:00,kpszsu,68786,область,Дніпропетровська,північ,БпЛА,48.4647,35.0462,"🛵 БпЛА на сході Херсонщини, курс північний, на Дніпропетровщину.",https://t.me/kpszsu/68786
2026-07-16T21:22:06+00:00,kpszsu,68787,область,Черкаська,,БпЛА,49.4444,32.0598,"🛵 БпЛА на Черкащині, курс західний, в напрямку н.п.Шпола",https://t.me/kpszsu/68787
2026-07-16T21:43:33+00:00,kpszsu,68788,область,Миколаївська,схід,БпЛА,46.975,31.9946,"🛵 БпЛА на сході Миколаївщини, курс західний.",https://t.me/kpszsu/68788
2026-07-16T22:26:31+00:00,kpszsu,68789,область,Полтавська,,БпЛА,49.5883,34.5514,"🛵 БпЛА на Полтавщині, курс на н.п.Великі Сорочинці",https://t.me/kpszsu/68789
2026-07-16T22:37:50+00:00,kpszsu,68790,область,Полтавська,,БпЛА,49.5883,34.5514,"🛵 БпЛА на Полтавщині, курс на н.п.Диканька",https://t.me/kpszsu/68790
2026-07-16T23:47:22+00:00,kpszsu,68791,область,Донецька,,КАБ,48.0159,37.8029,Пуски КАБ на Донеччині.,https://t.me/kpszsu/68791
2026-07-16T23:53:07+00:00,kpszsu,68792,область,Харківська,північ,БпЛА,49.9935,36.2304,🛵 БпЛА в напряку м.Харків з півночі,https://t.me/kpszsu/68792
2026-07-16T23:54:35+00:00,kpszsu,68793,область,Сумська,північ,БпЛА,50.9077,34.7981,🛵 БпЛА в напряку м.Суми з півночі,https://t.me/kpszsu/68793
2026-07-16T23:59:35+00:00,kpszsu,68795,область,Сумська,,КАБ,50.9077,34.7981,Пуски КАБ на Сумщині,https://t.me/kpszsu/68795
2026-07-17T00:10:49+00:00,kpszsu,68796,область,Сумська,,КАБ,50.9077,34.7981,Пуски КАБ на Сумщині,https://t.me/kpszsu/68796
2026-07-17T00:33:18+00:00,kpszsu,68798,область,Дніпропетровська,схід,КАБ,48.4647,35.0462,Пуски КАБ ➡️ на схід Дніпропетровщини!,https://t.me/kpszsu/68798
2026-07-17T00:34:27+00:00,kpszsu,68799,область,Харківська,,БпЛА,49.9935,36.2304,"🛵 Харківщина: БпЛА ➡️ у напрямку Балаклії, Савинців.",https://t.me/kpszsu/68799
2026-07-17T00:38:27+00:00,kpszsu,68800,область,Дніпропетровська,схід,БпЛА,48.4647,35.0462,"🛵 БпЛА на сході Дніпропетровщини ➡️ в районі н.п. Петропавлівка/Шахтарське, курс - змінний, на півдні Донеччини ➡️ в р-ні н.п.Добропілля, курс - північний; 🛵 Сумщина: БпЛА повз Хотінь ➡️ у напрямку Сум.",https://t.me/kpszsu/68800
2026-07-17T00:38:27+00:00,kpszsu,68800,область,Донецька,південь,БпЛА,48.0159,37.8029,"🛵 БпЛА на сході Дніпропетровщини ➡️ в районі н.п. Петропавлівка/Шахтарське, курс - змінний, на півдні Донеччини ➡️ в р-ні н.п.Добропілля, курс - північний; 🛵 Сумщина: БпЛА повз Хотінь ➡️ у напрямку Сум.",https://t.me/kpszsu/68800
2026-07-17T00:38:27+00:00,kpszsu,68800,область,Сумська,північ,БпЛА,50.9077,34.7981,"🛵 БпЛА на сході Дніпропетровщини ➡️ в районі н.п. Петропавлівка/Шахтарське, курс - змінний, на півдні Донеччини ➡️ в р-ні н.п.Добропілля, курс - північний; 🛵 Сумщина: БпЛА повз Хотінь ➡️ у напрямку Сум.",https://t.me/kpszsu/68800
2026-07-17T00:38:27+00:00,kpszsu,68800,область,Сумська,,БпЛА,50.9077,34.7981,"🛵 БпЛА на сході Дніпропетровщини ➡️ в районі н.п. Петропавлівка/Шахтарське, курс - змінний, на півдні Донеччини ➡️ в р-ні н.п.Добропілля, курс - північний; 🛵 Сумщина: БпЛА повз Хотінь ➡️ у напрямку Сум.",https://t.me/kpszsu/68800
2026-07-17T00:56:28+00:00,kpszsu,68802,область,Сумська,,БпЛА,50.9077,34.7981,🛵 Сумщина: БпЛА ➡️ у напрямку Степаніки/Сум з півночі.,https://t.me/kpszsu/68802
2026-07-17T00:56:28+00:00,kpszsu,68802,область,Сумська,північ,БпЛА,50.9077,34.7981,🛵 Сумщина: БпЛА ➡️ у напрямку Степаніки/Сум з півночі.,https://t.me/kpszsu/68802
2026-07-17T00:57:33+00:00,kpszsu,68803,область,Донецька,,КАБ,48.0159,37.8029,Пуски КАБ ➡️ на Донеччину!,https://t.me/kpszsu/68803
2026-07-17T01:07:47+00:00,kpszsu,68804,область,Харківська,схід,КАБ,49.9935,36.2304,Пуски КАБ ➡️ на Харківщину зі сходу!,https://t.me/kpszsu/68804
2026-07-17T01:18:34+00:00,kpszsu,68805,область,Харківська,,БпЛА,49.9935,36.2304,🛵 Харківщина: БпЛА повз Богодухів ➡️ у напрямку Вільшан; 🛵 Сумщина: БпЛА ➡️ у напрямку Степанівки/Сум.,https://t.me/kpszsu/68805
2026-07-17T01:18:34+00:00,kpszsu,68805,область,Сумська,,БпЛА,50.9077,34.7981,🛵 Харківщина: БпЛА повз Богодухів ➡️ у напрямку Вільшан; 🛵 Сумщина: БпЛА ➡️ у напрямку Степанівки/Сум.,https://t.me/kpszsu/68805
2026-07-17T01:19:33+00:00,kpszsu,68806,область,Дніпропетровська,схід,БпЛА,48.4647,35.0462,🛵 БпЛА на сході Дніпропетровщини ➡️ в районі н.п. Петропавлівка/Шахтарське.,https://t.me/kpszsu/68806
2026-07-17T01:29:16+00:00,kpszsu,68807,область,Харківська,,БпЛА,49.9935,36.2304,"🛵 Харківщина: БпЛА в р-ні н.п.Золочів, Слатине/Дергачі, Великий Бурлук.",https://t.me/kpszsu/68807
2026-07-17T01:33:50+00:00,kpszsu,68808,область,Запорізька,,КАБ,47.8388,35.1396,Пуски КАБ ➡️ на Запорізьку область!,https://t.me/kpszsu/68808
2026-07-17T01:40:26+00:00,kpszsu,68809,область,Харківська,схід,КАБ,49.9935,36.2304,Пуски КАБ ➡️ на Харківщину зі сходу!,https://t.me/kpszsu/68809
2026-07-17T01:46:25+00:00,kpszsu,68810,область,Запорізька,,КАБ,47.8388,35.1396,Пуски КАБ ➡️ на Запорізьку область!,https://t.me/kpszsu/68810
2026-07-17T01:48:11+00:00,kpszsu,68811,область,Сумська,,БпЛА,50.9077,34.7981,🛵 Сумщина: БпЛА ➡️ у напрямку Конотопа з північного заходу; 🛵 Харківщина: БпЛА ➡️ повз Сахновщину у західному напрямку.,https://t.me/kpszsu/68811
2026-07-17T01:48:11+00:00,kpszsu,68811,область,Сумська,північно-захід,БпЛА,50.9077,34.7981,🛵 Сумщина: БпЛА ➡️ у напрямку Конотопа з північного заходу; 🛵 Харківщина: БпЛА ➡️ повз Сахновщину у західному напрямку.,https://t.me/kpszsu/68811
2026-07-17T01:48:11+00:00,kpszsu,68811,область,Харківська,північно-захід,БпЛА,49.9935,36.2304,🛵 Сумщина: БпЛА ➡️ у напрямку Конотопа з північного заходу; 🛵 Харківщина: БпЛА ➡️ повз Сахновщину у західному напрямку.,https://t.me/kpszsu/68811
2026-07-17T01:54:13+00:00,kpszsu,68813,область,Сумська,,БпЛА,50.9077,34.7981,🛵 Сумщина: БпЛА повз Хотінь ➡️ у напрямку Сум.,https://t.me/kpszsu/68813
2026-07-17T02:05:04+00:00,kpszsu,68816,область,Сумська,,,50.9077,34.7981,🚀 Швидкісна ціль у напрямку Сумщини!,https://t.me/kpszsu/68816
2026-07-17T02:07:34+00:00,kpszsu,68817,область,Одеська,,,46.4825,30.7233,🚀 КАР у напрямку Одеси/Чорноморського.,https://t.me/kpszsu/68817
2026-07-17T02:09:08+00:00,kpszsu,68818,область,Одеська,,,46.4825,30.7233,🚀 КАР у напрямку Одеси/Чорноморського.,https://t.me/kpszsu/68818
2026-07-17T02:09:50+00:00,kpszsu,68819,область,Миколаївська,південь,БпЛА,46.975,31.9946,🛵 БпЛА ➡️ курсом на Миколаїв з півдня.,https://t.me/kpszsu/68819
2026-07-17T02:18:26+00:00,kpszsu,68820,область,Одеська,,,46.4825,30.7233,🚀 КАР у напрямку Одеси!,https://t.me/kpszsu/68820
2026-07-17T02:23:49+00:00,kpszsu,68821,область,Харківська,,БпЛА,49.9935,36.2304,🛵 Харківщина: БпЛА ➡️ на/повз Краснокутськ та Берестин з півночі.,https://t.me/kpszsu/68821
2026-07-17T02:28:43+00:00,kpszsu,68824,область,Полтавська,,БпЛА,49.5883,34.5514,"🛵 БпЛА з Харківщини ➡️ курсом на Полтавщину (Диканька, Скороходове, Машівка).",https://t.me/kpszsu/68824
2026-07-17T02:36:10+00:00,kpszsu,68825,область,Полтавська,,БпЛА,49.5883,34.5514,🛵 БпЛА ➡️ в напрямку Полтави та Харкова.,https://t.me/kpszsu/68825
2026-07-17T02:36:46+00:00,kpszsu,68826,область,Дніпропетровська,схід,КАБ,48.4647,35.0462,Пуски КАБ ➡️ на схід Дніпропетровщини!,https://t.me/kpszsu/68826
2026-07-17T02:48:32+00:00,kpszsu,68827,область,Херсонська,,БпЛА,46.6354,32.6169,🛵 Херсонщина: БпЛА ➡️ у напрямку Великої Олександрівки з південного сходу.,https://t.me/kpszsu/68827
2026-07-17T03:10:47+00:00,kpszsu,68828,область,Запорізька,,БпЛА|КАБ,47.8388,35.1396,КАБи ➡️ на Запорізьку область!,https://t.me/kpszsu/68828
2026-07-17T03:11:46+00:00,kpszsu,68829,область,Харківська,,БпЛА,49.9935,36.2304,🛵 Харківщина: БпЛА ➡️ на/повз Сахновщину у північному напрямку.,https://t.me/kpszsu/68829
2026-07-17T03:36:45+00:00,kpszsu,68830,область,Сумська,,БпЛА,50.9077,34.7981,🛵 БпЛА ➡️ у напрямку Сум!,https://t.me/kpszsu/68830
2026-07-17T03:44:14+00:00,kpszsu,68831,область,Миколаївська,південь,БпЛА,46.975,31.9946,🛵 Реактивний БпЛА ➡️ курсом на Миколаїв з півдня; 🛵 Реактивний БпЛА ➡️ на півдні від Полтави.,https://t.me/kpszsu/68831
2026-07-17T03:44:14+00:00,kpszsu,68831,область,Полтавська,південь,БпЛА,49.5883,34.5514,🛵 Реактивний БпЛА ➡️ курсом на Миколаїв з півдня; 🛵 Реактивний БпЛА ➡️ на півдні від Полтави.,https://t.me/kpszsu/68831
2026-07-17T03:46:13+00:00,kpszsu,68832,область,Дніпропетровська,північно-схід,БпЛА,48.4647,35.0462,"🛵 БпЛА на/повз Слатине ➡️ в напрямку Харкова; 🛵 БпЛА на північному сході Дніпропетровщини, курс - північно-західний.",https://t.me/kpszsu/68832
2026-07-17T03:59:13+00:00,kpszsu,68834,область,Сумська,південь,БпЛА,50.9077,34.7981,🛵 БпЛА ➡️ в напрямку Сум з півдня.,https://t.me/kpszsu/68834
2026-07-17T04:30:15+00:00,kpszsu,68836,область,Сумська,,БпЛА,50.9077,34.7981,🛵 Сумщина: БпЛА ➡️ в напрямку Охтирки.,https://t.me/kpszsu/68836
2026-07-17T05:19:38+00:00,kpszsu,68838,область,Донецька,,БпЛА|збиття|ракета,48.0159,37.8029,"⚡️ ЗБИТО/ПОДАВЛЕНО 120 ЦІЛЕЙ ПРОТИВНИКА ➖ ➖ ➖ ➖ ➖ ➖ ➖ ➖ ➖ ➖ У ніч на 17 липня (з 18:00 16 липня) противник атакував однією протирадіолокаційною ракетою Х-31П із ТОТ АР Крим, 7 керованими авіаційними ракетами Х-59/69 із ТОТ АР Крим та 130 ударними БпЛА типу Shahed (в т.ч. реактивними), Гербера, Італмас та дронами-імітаторами типу “Пародія” із напрямків: Приморсько-Ахтарськ, Міллєрово, Орел – рф,, Донецьк -ТОТ, Гвардійське - ТОТ АР Крим. Повітряний напад відбивали авіація, зенітні ракетні війська, підрозділи РЕБ та безпілотних систем, мобільні вогневі групи Сил оборони України. 💥 За попередніми даними, станом на 08:00, протиповітряною обороною збито/подавлено 5 керованих авіаційних ракет Х-59/69 та 115 ворожих БпЛА типу Shahed, Гербера, Італмас та дронів інших типів на півночі, півдні та сході країни. Зафіксовано влучання двох ракет та 8 ударних БпЛА на 7 локаціях, а також падіння збитих (уламки) на 5. Крім того, протирадіолокаційна ракета Х-31П не досягла своєї цілі. Атака триває, в повітряному просторі декілька ворожих БпЛА. Дотримуйтесь правил безпеки! ✊ Тримаймо небо! 🇺🇦 Разом – до перемоги!",https://t.me/kpszsu/68838
2026-07-17T05:27:38+00:00,kpszsu,68839,область,Чернігівська,,БпЛА,51.4982,31.2893,"🛵 Чернігівщина: БпЛА в напрямку Холмів, Понориці; 🛵 Сумщина: БпЛА на південному заході від Шостки, курс - Вороніж.",https://t.me/kpszsu/68839
2026-07-17T05:27:38+00:00,kpszsu,68839,область,Сумська,південно-захід,БпЛА,50.9077,34.7981,"🛵 Чернігівщина: БпЛА в напрямку Холмів, Понориці; 🛵 Сумщина: БпЛА на південному заході від Шостки, курс - Вороніж.",https://t.me/kpszsu/68839
2026-07-17T05:30:04+00:00,kpszsu,68840,область,Харківська,північ,БпЛА,49.9935,36.2304,🛵 Харківщина: реактивний БпЛА на півночі від Берестина курсом на Полтавщину; 🛵 Дніпропетровщина: реактивний БпЛА повз Юріївку в напрямку Харківщини.,https://t.me/kpszsu/68840
2026-07-17T05:30:04+00:00,kpszsu,68840,область,Полтавська,,БпЛА,49.5883,34.5514,🛵 Харківщина: реактивний БпЛА на півночі від Берестина курсом на Полтавщину; 🛵 Дніпропетровщина: реактивний БпЛА повз Юріївку в напрямку Харківщини.,https://t.me/kpszsu/68840
2026-07-17T05:30:04+00:00,kpszsu,68840,область,Дніпропетровська,,БпЛА,48.4647,35.0462,🛵 Харківщина: реактивний БпЛА на півночі від Берестина курсом на Полтавщину; 🛵 Дніпропетровщина: реактивний БпЛА повз Юріївку в напрямку Харківщини.,https://t.me/kpszsu/68840
2026-07-17T05:30:04+00:00,kpszsu,68840,область,Харківська,,БпЛА,49.9935,36.2304,🛵 Харківщина: реактивний БпЛА на півночі від Берестина курсом на Полтавщину; 🛵 Дніпропетровщина: реактивний БпЛА повз Юріївку в напрямку Харківщини.,https://t.me/kpszsu/68840
2026-07-17T05:44:49+00:00,kpszsu,68843,область,Харківська,,БпЛА,49.9935,36.2304,🛵 Харківщина: БпЛА ➡️ на/повз Сахновщину у західному напрямку.,https://t.me/kpszsu/68843
2026-07-17T05:47:09+00:00,kpszsu,68844,область,Донецька,,КАБ,48.0159,37.8029,КАБи ➡️ на Донеччину!,https://t.me/kpszsu/68844
2026-07-17T06:10:36+00:00,kpszsu,68846,область,Одеська,,БпЛА,46.4825,30.7233,🛵 Реактивні БпЛА з Чорного моря в напрямку Одещини. 🛵 Безпілотники в напрямку Харкова.,https://t.me/kpszsu/68846
2026-07-17T06:12:27+00:00,kpszsu,68847,область,Сумська,,КАБ,50.9077,34.7981,КАБи ➡️ на Сумщину!,https://t.me/kpszsu/68847
2026-07-17T06:30:10+00:00,kpszsu,68848,область,Запорізька,схід,БпЛА,47.8388,35.1396,"🛵 БпЛА на сході від Запоріжжя, курс на північ. 🛵 БпЛА на сході Харківщини, курс на північ.",https://t.me/kpszsu/68848
2026-07-17T06:30:10+00:00,kpszsu,68848,область,Харківська,схід,БпЛА,49.9935,36.2304,"🛵 БпЛА на сході від Запоріжжя, курс на північ. 🛵 БпЛА на сході Харківщини, курс на північ.",https://t.me/kpszsu/68848
2026-07-17T06:41:15+00:00,kpszsu,68849,область,Донецька,,КАБ,48.0159,37.8029,КАБи ➡️ на Донеччину.,https://t.me/kpszsu/68849
2026-07-17T06:55:49+00:00,kpszsu,68850,область,Харківська,,авіація,49.9935,36.2304,🚀 Пуски керованих авіаційних бомб ворожою тактичною авіацією на Харківщину.,https://t.me/kpszsu/68850
2026-07-17T07:01:29+00:00,kpszsu,68851,область,Харківська,північ,БпЛА,49.9935,36.2304,"🛵 БпЛА на півночі Харківщини, курс на обласний центр.",https://t.me/kpszsu/68851
2026-07-17T07:16:19+00:00,kpszsu,68852,область,Сумська,,БпЛА,50.9077,34.7981,"🛸 На півночі від Харкова розвідувальний БпЛА, який може бути навідником ворожих засобів ураження. Швидкісна в напрямку Сум.",https://t.me/kpszsu/68852
2026-07-17T07:20:07+00:00,kpszsu,68853,область,Чернігівська,,БпЛА,51.4982,31.2893,"🛵 БпЛА на Чернігівщині, курс на захід. 🛵 БпЛА на півночі від Сум, курс на південь.",https://t.me/kpszsu/68853
2026-07-17T07:20:07+00:00,kpszsu,68853,область,Сумська,північ,БпЛА,50.9077,34.7981,"🛵 БпЛА на Чернігівщині, курс на захід. 🛵 БпЛА на півночі від Сум, курс на південь.",https://t.me/kpszsu/68853
2026-07-17T07:53:26+00:00,kpszsu,68854,область,Дніпропетровська,,авіація,48.4647,35.0462,"🚀 Пуски керованих авіаційних бомб ворожою тактичною авіацією на Дніпропетровщину, на Васильківку.",https://t.me/kpszsu/68854
2026-07-17T07:56:28+00:00,kpszsu,68855,область,Сумська,північно-захід,БпЛА,50.9077,34.7981,"🛵 Ситуація по БпЛА: - на північно-західній частині Сумщині, курс на захід; - на сході Дніпропетровщини, курс на захід; - на півдні від Миколаєва, курс на південь.",https://t.me/kpszsu/68855
2026-07-17T07:56:28+00:00,kpszsu,68855,область,Дніпропетровська,схід,БпЛА,48.4647,35.0462,"🛵 Ситуація по БпЛА: - на північно-західній частині Сумщині, курс на захід; - на сході Дніпропетровщини, курс на захід; - на півдні від Миколаєва, курс на південь.",https://t.me/kpszsu/68855
2026-07-17T08:15:31+00:00,kpszsu,68856,область,Донецька,,КАБ,48.0159,37.8029,КАБи ➡️ на Донеччину.,https://t.me/kpszsu/68856
2026-07-17T08:18:35+00:00,kpszsu,68857,область,Харківська,північ,БпЛА,49.9935,36.2304,"🛵 БпЛА на півночі Харківщини, курс на Харків. 🛵 БпЛА на півночі Сумщини, курс на південь. 🛵 БпЛА на південь Одещини з Чорного моря.",https://t.me/kpszsu/68857
2026-07-17T08:18:35+00:00,kpszsu,68857,область,Харківська,,БпЛА,49.9935,36.2304,"🛵 БпЛА на півночі Харківщини, курс на Харків. 🛵 БпЛА на півночі Сумщини, курс на південь. 🛵 БпЛА на південь Одещини з Чорного моря.",https://t.me/kpszsu/68857
2026-07-17T08:18:35+00:00,kpszsu,68857,область,Сумська,північ,БпЛА,50.9077,34.7981,"🛵 БпЛА на півночі Харківщини, курс на Харків. 🛵 БпЛА на півночі Сумщини, курс на південь. 🛵 БпЛА на південь Одещини з Чорного моря.",https://t.me/kpszsu/68857
2026-07-17T08:18:35+00:00,kpszsu,68857,область,Одеська,південь,БпЛА,46.4825,30.7233,"🛵 БпЛА на півночі Харківщини, курс на Харків. 🛵 БпЛА на півночі Сумщини, курс на південь. 🛵 БпЛА на південь Одещини з Чорного моря.",https://t.me/kpszsu/68857
2026-07-17T08:41:32+00:00,kpszsu,68858,область,Запорізька,,БпЛА|КАБ,47.8388,35.1396,КАБи ➡️ на Запорізьку область.,https://t.me/kpszsu/68858
2026-07-17T08:54:59+00:00,kpszsu,68859,область,Сумська,північ,БпЛА,50.9077,34.7981,🛵 БпЛА в напрямку Сум з півночі. 🛵 Реактивні БпЛА із заходу Харківщини на Полтавщину.,https://t.me/kpszsu/68859
2026-07-17T08:54:59+00:00,kpszsu,68859,область,Харківська,захід,БпЛА,49.9935,36.2304,🛵 БпЛА в напрямку Сум з півночі. 🛵 Реактивні БпЛА із заходу Харківщини на Полтавщину.,https://t.me/kpszsu/68859
2026-07-17T08:54:59+00:00,kpszsu,68859,область,Полтавська,,БпЛА,49.5883,34.5514,🛵 БпЛА в напрямку Сум з півночі. 🛵 Реактивні БпЛА із заходу Харківщини на Полтавщину.,https://t.me/kpszsu/68859
2026-07-17T08:58:34+00:00,kpszsu,68860,область,Дніпропетровська,,авіація,48.4647,35.0462,🚀 Пуски керованих авіаційних бомб ворожою тактичною авіацією на Дніпропетровщину (Синельниківський р-н).,https://t.me/kpszsu/68860
2026-07-17T09:05:53+00:00,kpszsu,68861,область,Полтавська,схід,БпЛА,49.5883,34.5514,"🛵 Реактивні БпЛА східніше Полтави, курс північний.",https://t.me/kpszsu/68861
2026-07-17T09:15:43+00:00,kpszsu,68862,область,Харківська,північ,БпЛА,49.9935,36.2304,🛵 БпЛА курсом на Харків з півночі.,https://t.me/kpszsu/68862
2026-07-17T10:04:09+00:00,kpszsu,68863,область,Сумська,північ,БпЛА,50.9077,34.7981,"🛵 БпЛА на півночі Сумщини, курсом на північ.",https://t.me/kpszsu/68863
2026-07-17T10:10:48+00:00,kpszsu,68864,область,Сумська,північ,БпЛА,50.9077,34.7981,🛵 БпЛА курсом на Суми з півночі.,https://t.me/kpszsu/68864
2026-07-17T10:27:45+00:00,kpszsu,68865,область,Харківська,північ,БпЛА,49.9935,36.2304,🛵 БпЛА  на Харків з півночі.,https://t.me/kpszsu/68865
2026-07-17T10:33:04+00:00,kpszsu,68866,область,Сумська,північ,БпЛА,50.9077,34.7981,🛵 БпЛА на Суми з півночі.,https://t.me/kpszsu/68866
2026-07-17T10:35:06+00:00,kpszsu,68867,область,Запорізька,схід,БпЛА,47.8388,35.1396,🛵 БпЛА в напрямку Запоріжжя зі сходу.,https://t.me/kpszsu/68867
2026-07-17T10:56:14+00:00,kpszsu,68868,область,Одеська,південь,БпЛА,46.4825,30.7233,🛵 БпЛА на південь Одещини з Чорного моря.,https://t.me/kpszsu/68868
2026-07-17T11:27:40+00:00,kpszsu,68869,область,Харківська,північ,БпЛА,49.9935,36.2304,🛵 БпЛА курсом на Харків з півночі.,https://t.me/kpszsu/68869
2026-07-17T11:51:30+00:00,kpszsu,68870,область,Сумська,північ,БпЛА,50.9077,34.7981,"🛵 БпЛА на півночі Сумщини, курс на південь.",https://t.me/kpszsu/68870
2026-07-17T11:54:56+00:00,kpszsu,68871,область,Харківська,,КАБ,49.9935,36.2304,КАБи ➡️ на Харківщину.,https://t.me/kpszsu/68871
2026-07-17T11:58:54+00:00,kpszsu,68872,область,Донецька,,КАБ,48.0159,37.8029,КАБи ➡️ на Донеччину.,https://t.me/kpszsu/68872
2026-07-17T12:01:51+00:00,kpszsu,68873,область,Харківська,північ,БпЛА,49.9935,36.2304,🛵 БпЛА курсом на Харків з півночі. 🛵 Реактивні БпЛА курсом на північ зі сходу Харківщини.,https://t.me/kpszsu/68873
2026-07-17T12:01:51+00:00,kpszsu,68873,область,Харківська,схід,БпЛА,49.9935,36.2304,🛵 БпЛА курсом на Харків з півночі. 🛵 Реактивні БпЛА курсом на північ зі сходу Харківщини.,https://t.me/kpszsu/68873
2026-07-17T12:04:18+00:00,kpszsu,68874,область,Чернігівська,північ,БпЛА,51.4982,31.2893,"🛵 Реактивний БпЛА на півночі Чернігівщини, курс на захід.",https://t.me/kpszsu/68874
2026-07-17T12:12:56+00:00,kpszsu,68875,область,Чернігівська,схід,БпЛА,51.4982,31.2893,"🛵 Реактивний БпЛА на сході Чернігівщини, курс на Харківщину.",https://t.me/kpszsu/68875
2026-07-17T12:12:56+00:00,kpszsu,68875,область,Харківська,,БпЛА,49.9935,36.2304,"🛵 Реактивний БпЛА на сході Чернігівщини, курс на Харківщину.",https://t.me/kpszsu/68875
2026-07-17T12:23:45+00:00,kpszsu,68876,область,Чернігівська,північ,БпЛА,51.4982,31.2893,"🛵 Реактивний БпЛА на півночі Чернігівщини, курс на захід.",https://t.me/kpszsu/68876
2026-07-17T12:28:28+00:00,kpszsu,68877,область,Чернігівська,південь,БпЛА,51.4982,31.2893,🛵 Реактивний БпЛА на Чернігів з півдня.,https://t.me/kpszsu/68877
2026-07-17T12:30:41+00:00,kpszsu,68878,область,Дніпропетровська,південь,БпЛА,48.4647,35.0462,🛵 БпЛА курсом на Дніпро з південного напрямку. 🛵 БпЛА курсом на Запоріжжя з півдня.,https://t.me/kpszsu/68878
2026-07-17T12:30:41+00:00,kpszsu,68878,область,Запорізька,південь,БпЛА,47.8388,35.1396,🛵 БпЛА курсом на Дніпро з південного напрямку. 🛵 БпЛА курсом на Запоріжжя з півдня.,https://t.me/kpszsu/68878
2026-07-17T12:39:48+00:00,kpszsu,68879,область,Сумська,,БпЛА,50.9077,34.7981,🛵 БпЛА в напрямку Сум та Харкова з півночі.,https://t.me/kpszsu/68879
2026-07-17T12:40:57+00:00,kpszsu,68880,область,Харківська,схід,КАБ,49.9935,36.2304,КАБи ➡️ на Харківщину зі сходу.,https://t.me/kpszsu/68880
2026-07-17T12:56:27+00:00,kpszsu,68881,область,Харківська,південно-схід,БпЛА,49.9935,36.2304,"🛵 БпЛА на південно-східному напрямку Харківщини, курс на Полтавщину.",https://t.me/kpszsu/68881
2026-07-17T12:56:27+00:00,kpszsu,68881,область,Полтавська,,БпЛА,49.5883,34.5514,"🛵 БпЛА на південно-східному напрямку Харківщини, курс на Полтавщину.",https://t.me/kpszsu/68881
2026-07-17T12:58:50+00:00,kpszsu,68882,область,Одеська,,БпЛА,46.4825,30.7233,🛵 БпЛА на Одещину з Чорного моря.,https://t.me/kpszsu/68882
2026-07-17T13:08:25+00:00,kpszsu,68883,область,Харківська,північ,КАБ,49.9935,36.2304,КАБи ➡️ на Харківщину з півночі.,https://t.me/kpszsu/68883
2026-07-17T13:22:38+00:00,kpszsu,68884,область,Запорізька,,БпЛА|КАБ,47.8388,35.1396,КАБи ➡️ на Запорізьку область.,https://t.me/kpszsu/68884
2026-07-17T13:24:22+00:00,kpszsu,68886,область,Запорізька,,КАБ,47.8388,35.1396,КАБи  в напрямку Запоріжжя.,https://t.me/kpszsu/68886
2026-07-17T13:30:29+00:00,kpszsu,68887,область,Чернігівська,схід,БпЛА,51.4982,31.2893,🛵 Реактивний БпЛА на Чернігів зі сходу. 🛵 Реактивний БпЛА в напрямку Дніпра зі сходу.,https://t.me/kpszsu/68887
2026-07-17T13:30:29+00:00,kpszsu,68887,область,Дніпропетровська,схід,БпЛА,48.4647,35.0462,🛵 Реактивний БпЛА на Чернігів зі сходу. 🛵 Реактивний БпЛА в напрямку Дніпра зі сходу.,https://t.me/kpszsu/68887
2026-07-17T13:43:26+00:00,kpszsu,68888,область,Харківська,схід,КАБ,49.9935,36.2304,КАБи ➡️ на Харківщину зі сходу.,https://t.me/kpszsu/68888
2026-07-17T13:52:22+00:00,kpszsu,68889,область,Донецька,,КАБ,48.0159,37.8029,"КАБи ➡️ на Донеччину, в напрямку Дніпропетровщини.",https://t.me/kpszsu/68889
2026-07-17T13:52:22+00:00,kpszsu,68889,область,Дніпропетровська,,КАБ,48.4647,35.0462,"КАБи ➡️ на Донеччину, в напрямку Дніпропетровщини.",https://t.me/kpszsu/68889
2026-07-17T13:52:59+00:00,kpszsu,68890,область,Дніпропетровська,схід,БпЛА,48.4647,35.0462,🛵 Реактивний БпЛА в напрямку Дніпра зі сходу.,https://t.me/kpszsu/68890
2026-07-17T13:56:23+00:00,kpszsu,68891,область,Сумська,північ,БпЛА,50.9077,34.7981,🛵 БпЛА в напрямку Сум з півночі.,https://t.me/kpszsu/68891
2026-07-17T13:56:59+00:00,kpszsu,68892,область,Запорізька,,КАБ,47.8388,35.1396,КАБи ➡️ на Запорізьку область.,https://t.me/kpszsu/68892
2026-07-17T14:24:34+00:00,kpszsu,68895,область,Запорізька,південь,БпЛА,47.8388,35.1396,🛵 БпЛА в напрямку Запоріжжя з півдня.,https://t.me/kpszsu/68895
2026-07-17T15:01:32+00:00,kpszsu,68898,область,Сумська,північ,БпЛА,50.9077,34.7981,🛵 БпЛА курсом на Суми з півночі.,https://t.me/kpszsu/68898
2026-07-17T15:26:45+00:00,kpszsu,68900,область,Сумська,північ,БпЛА,50.9077,34.7981,"🛵 БпЛА на півночі Сумщини, курс на південь.",https://t.me/kpszsu/68900
2026-07-17T15:36:32+00:00,kpszsu,68901,область,Чернігівська,північ,БпЛА,51.4982,31.2893,"🛵 БпЛА на півночі Чернігівщини, курс на південь.",https://t.me/kpszsu/68901
2026-07-17T15:49:09+00:00,kpszsu,68902,область,Одеська,,БпЛА,46.4825,30.7233,🛵 Реактивний БпЛА в напрямку Одеси з Чорного моря.,https://t.me/kpszsu/68902
2026-07-17T15:57:03+00:00,kpszsu,68903,область,Одеська,,БпЛА,46.4825,30.7233,🛵 Реактивний БпЛА в напрямку Одеси з Чорного моря.,https://t.me/kpszsu/68903
2026-07-17T16:00:50+00:00,kpszsu,68905,область,Сумська,північ,БпЛА,50.9077,34.7981,"🛵 БпЛА на півночі Сумщини, курс на південь.",https://t.me/kpszsu/68905
2026-07-17T16:02:07+00:00,kpszsu,68906,область,Одеська,,,46.4825,30.7233,🚀 Швидкісна ціль в напрямку Одещини.,https://t.me/kpszsu/68906
2026-07-17T16:06:44+00:00,kpszsu,68908,область,Одеська,,,46.4825,30.7233,🚀 Швидкісна ціль в напрямку Одещини.,https://t.me/kpszsu/68908
2026-07-17T16:14:39+00:00,kpszsu,68909,область,Сумська,північ,БпЛА,50.9077,34.7981,🛵 БпЛА на Суми з півночі.,https://t.me/kpszsu/68909
2026-07-17T16:21:53+00:00,kpszsu,68910,область,Харківська,схід,БпЛА,49.9935,36.2304,"🛵 Реактивний БпЛА на сході Харківщини, курс на північ. БпЛА на півночі, курс на південь. 🛵 БпЛА на Дніпропетровщині, курс на північ.",https://t.me/kpszsu/68910
2026-07-17T16:21:53+00:00,kpszsu,68910,область,Дніпропетровська,південь,БпЛА,48.4647,35.0462,"🛵 Реактивний БпЛА на сході Харківщини, курс на північ. БпЛА на півночі, курс на південь. 🛵 БпЛА на Дніпропетровщині, курс на північ.",https://t.me/kpszsu/68910
2026-07-17T17:09:40+00:00,kpszsu,68914,область,Дніпропетровська,схід,БпЛА,48.4647,35.0462,🛵 Реактивний БпЛА курсом на Дніпро зі сходу.,https://t.me/kpszsu/68914
2026-07-17T17:14:56+00:00,kpszsu,68915,область,Харківська,північ,БпЛА,49.9935,36.2304,🛵 БпЛА курсом на Харків з півночі.,https://t.me/kpszsu/68915
2026-07-17T17:30:35+00:00,kpszsu,68916,область,Дніпропетровська,північ,БпЛА,48.4647,35.0462,"🛵 Реактивний БпЛА північніше Дніпра, курс західний.",https://t.me/kpszsu/68916
2026-07-17T17:55:57+00:00,kpszsu,68917,область,Сумська,,КАБ,50.9077,34.7981,КАБи ➡️ на Сумщину!,https://t.me/kpszsu/68917
2026-07-17T18:51:06+00:00,kpszsu,68921,область,Сумська,,КАБ,50.9077,34.7981,КАБи ➡️ на Сумщину!,https://t.me/kpszsu/68921
2026-07-17T18:55:10+00:00,kpszsu,68922,область,Чернігівська,,БпЛА|авіація,51.4982,31.2893,"🛵 БпЛА з акваторії Чорного моря, курсом на Чорноморськ. 🛵 БпЛА в Новгород-Сіверському районі Чернігівщини, курс південно-західний. 🛵 БпЛА курсом на Суми з півночі. 🛵 БпЛА на Сумщині, курсом на Охтирку. 🛵 БпЛА східніше Полтави, курс південний. 🚀 Пуски керованих авіаційних бомб ворожою тактичною авіацією на схід Харківщини та Донеччину.",https://t.me/kpszsu/68922
2026-07-17T18:55:10+00:00,kpszsu,68922,область,Сумська,захід,БпЛА|авіація,50.9077,34.7981,"🛵 БпЛА з акваторії Чорного моря, курсом на Чорноморськ. 🛵 БпЛА в Новгород-Сіверському районі Чернігівщини, курс південно-західний. 🛵 БпЛА курсом на Суми з півночі. 🛵 БпЛА на Сумщині, курсом на Охтирку. 🛵 БпЛА східніше Полтави, курс південний. 🚀 Пуски керованих авіаційних бомб ворожою тактичною авіацією на схід Харківщини та Донеччину.",https://t.me/kpszsu/68922
2026-07-17T18:55:10+00:00,kpszsu,68922,область,Сумська,північ,БпЛА|авіація,50.9077,34.7981,"🛵 БпЛА з акваторії Чорного моря, курсом на Чорноморськ. 🛵 БпЛА в Новгород-Сіверському районі Чернігівщини, курс південно-західний. 🛵 БпЛА курсом на Суми з півночі. 🛵 БпЛА на Сумщині, курсом на Охтирку. 🛵 БпЛА східніше Полтави, курс південний. 🚀 Пуски керованих авіаційних бомб ворожою тактичною авіацією на схід Харківщини та Донеччину.",https://t.me/kpszsu/68922
2026-07-17T18:55:10+00:00,kpszsu,68922,область,Полтавська,схід,БпЛА|авіація,49.5883,34.5514,"🛵 БпЛА з акваторії Чорного моря, курсом на Чорноморськ. 🛵 БпЛА в Новгород-Сіверському районі Чернігівщини, курс південно-західний. 🛵 БпЛА курсом на Суми з півночі. 🛵 БпЛА на Сумщині, курсом на Охтирку. 🛵 БпЛА східніше Полтави, курс південний. 🚀 Пуски керованих авіаційних бомб ворожою тактичною авіацією на схід Харківщини та Донеччину.",https://t.me/kpszsu/68922
2026-07-17T18:55:10+00:00,kpszsu,68922,область,Харківська,схід,БпЛА|авіація,49.9935,36.2304,"🛵 БпЛА з акваторії Чорного моря, курсом на Чорноморськ. 🛵 БпЛА в Новгород-Сіверському районі Чернігівщини, курс південно-західний. 🛵 БпЛА курсом на Суми з півночі. 🛵 БпЛА на Сумщині, курсом на Охтирку. 🛵 БпЛА східніше Полтави, курс південний. 🚀 Пуски керованих авіаційних бомб ворожою тактичною авіацією на схід Харківщини та Донеччину.",https://t.me/kpszsu/68922
2026-07-17T18:55:10+00:00,kpszsu,68922,область,Донецька,,БпЛА|авіація,48.0159,37.8029,"🛵 БпЛА з акваторії Чорного моря, курсом на Чорноморськ. 🛵 БпЛА в Новгород-Сіверському районі Чернігівщини, курс південно-західний. 🛵 БпЛА курсом на Суми з півночі. 🛵 БпЛА на Сумщині, курсом на Охтирку. 🛵 БпЛА східніше Полтави, курс південний. 🚀 Пуски керованих авіаційних бомб ворожою тактичною авіацією на схід Харківщини та Донеччину.",https://t.me/kpszsu/68922
2026-07-17T19:12:10+00:00,kpszsu,68923,область,Запорізька,,КАБ,47.8388,35.1396,КАБи ➡️ на Запорізьку область!,https://t.me/kpszsu/68923
2026-07-17T19:14:04+00:00,kpszsu,68924,область,Запорізька,,КАБ,47.8388,35.1396,КАБи ➡️ на Запорізьку область!,https://t.me/kpszsu/68924
2026-07-17T19:31:53+00:00,kpszsu,68926,область,Донецька,,КАБ,48.0159,37.8029,КАБи ➡️ на Донеччину та Запоріжжя!,https://t.me/kpszsu/68926
2026-07-17T19:31:53+00:00,kpszsu,68926,область,Запорізька,,КАБ,47.8388,35.1396,КАБи ➡️ на Донеччину та Запоріжжя!,https://t.me/kpszsu/68926
2026-07-17T19:48:25+00:00,kpszsu,68927,область,Чернігівська,північ,БпЛА,51.4982,31.2893,"🛵 Реактивні БпЛА на півночі Чернігівщини, курс на південь.",https://t.me/kpszsu/68927
2026-07-17T19:52:00+00:00,kpszsu,68928,область,Чернігівська,північ,БпЛА,51.4982,31.2893,"🛵 Реактивні БпЛА на півночі Чернігівщини, курс на південь.",https://t.me/kpszsu/68928
2026-07-17T19:58:30+00:00,kpszsu,68930,область,Дніпропетровська,південь,КАБ,48.4647,35.0462,КАБи з Донеччини на південь Дніпропетровщини.,https://t.me/kpszsu/68930
2026-07-17T20:06:38+00:00,kpszsu,68931,область,Дніпропетровська,південь,БпЛА,48.4647,35.0462,"🛵 Реактивний БпЛА на півдні Дніпропетровщини, курс на захід.",https://t.me/kpszsu/68931
2026-07-17T20:16:54+00:00,kpszsu,68932,область,Чернігівська,північ,БпЛА,51.4982,31.2893,🛵 БпЛА на н.п. Ічня з півночі на Чернігівщині.,https://t.me/kpszsu/68932
2026-07-17T20:27:28+00:00,kpszsu,68933,область,Сумська,північ,БпЛА,50.9077,34.7981,🛵 БпЛА на Суми з півночі.,https://t.me/kpszsu/68933
2026-07-17T20:33:28+00:00,kpszsu,68934,область,Дніпропетровська,,БпЛА,48.4647,35.0462,🛵 Реактивні БпЛА на Дніпропетровщині в напрямку н.п. Кринички з півночі.,https://t.me/kpszsu/68934
2026-07-17T20:43:25+00:00,kpszsu,68935,область,Дніпропетровська,,БпЛА,48.4647,35.0462,🛵 Реактивні БпЛА на Дніпропетровщині в напрямку н.п. Кринички з півночі.,https://t.me/kpszsu/68935
2026-07-17T20:44:56+00:00,kpszsu,68936,область,Миколаївська,захід,БпЛА,46.975,31.9946,"🛵 Реактивний БпЛА на заході Миколаївщини, курс на Одещину.",https://t.me/kpszsu/68936
2026-07-17T20:44:56+00:00,kpszsu,68936,область,Одеська,,БпЛА,46.4825,30.7233,"🛵 Реактивний БпЛА на заході Миколаївщини, курс на Одещину.",https://t.me/kpszsu/68936
2026-07-17T20:47:23+00:00,kpszsu,68937,область,Запорізька,,КАБ,47.8388,35.1396,КАБи ➡️ на Запорізьку область!,https://t.me/kpszsu/68937
2026-07-17T21:01:57+00:00,kpszsu,68938,область,Дніпропетровська,,БпЛА,48.4647,35.0462,🛵 Реактивні БпЛА на Дніпропетровщині в напрямку н.п. Камянське.,https://t.me/kpszsu/68938
2026-07-17T21:08:31+00:00,kpszsu,68939,область,Полтавська,північ,БпЛА,49.5883,34.5514,🛵 БпЛА в напрямку Полтави з півночі та півдня.,https://t.me/kpszsu/68939
2026-07-17T21:14:18+00:00,kpszsu,68940,область,Сумська,північ,БпЛА,50.9077,34.7981,🛵 БпЛА на Суми з півночі.,https://t.me/kpszsu/68940
2026-07-17T21:19:35+00:00,kpszsu,68941,область,Харківська,схід,БпЛА,49.9935,36.2304,"🛵 БпЛА на сході Харківщини, курс на захід. 🛵 БпЛА в напрямку Запоріжжя з півдня.",https://t.me/kpszsu/68941
2026-07-17T21:19:35+00:00,kpszsu,68941,область,Запорізька,захід,БпЛА,47.8388,35.1396,"🛵 БпЛА на сході Харківщини, курс на захід. 🛵 БпЛА в напрямку Запоріжжя з півдня.",https://t.me/kpszsu/68941
2026-07-17T21:23:07+00:00,kpszsu,68942,область,Запорізька,південь,БпЛА,47.8388,35.1396,"🛸 На півдні від Запоріжжя розвідувальні БпЛА,  які можуть бути навідниками ворожих засобів ураження. Не ігноруйте сигнали повітряної тривоги.",https://t.me/kpszsu/68942
2026-07-17T21:33:00+00:00,kpszsu,68944,область,Харківська,схід,КАБ,49.9935,36.2304,КАБи ➡️ на схід Харківщини.,https://t.me/kpszsu/68944
2026-07-17T21:44:58+00:00,kpszsu,68946,область,Сумська,північ,БпЛА,50.9077,34.7981,🛵 БпЛА на Суми з півночі.,https://t.me/kpszsu/68946
2026-07-17T21:54:32+00:00,kpszsu,68948,область,Запорізька,північно-схід,БпЛА,47.8388,35.1396,🛵 БпЛА в напрямку Запоріжжя з північно-східного напрямку.,https://t.me/kpszsu/68948
2026-07-17T22:01:45+00:00,kpszsu,68949,область,Дніпропетровська,південь,БпЛА,48.4647,35.0462,🛵 БпЛА в напрямку Дніпра з півдня.,https://t.me/kpszsu/68949
2026-07-17T22:39:19+00:00,kpszsu,68953,область,Запорізька,схід,БпЛА,47.8388,35.1396,🛵 БпЛА в напрямку Запоріжжя зі сходу.,https://t.me/kpszsu/68953
2026-07-17T22:43:10+00:00,kpszsu,68954,область,Сумська,північ,БпЛА,50.9077,34.7981,🛵 БпЛА на Суми з півночі. 🛵 Реактивний БпЛА в напрямку Одещини з Чорного моря.,https://t.me/kpszsu/68954
2026-07-17T22:43:10+00:00,kpszsu,68954,область,Одеська,,БпЛА,46.4825,30.7233,🛵 БпЛА на Суми з півночі. 🛵 Реактивний БпЛА в напрямку Одещини з Чорного моря.,https://t.me/kpszsu/68954
2026-07-17T22:51:44+00:00,kpszsu,68957,область,Запорізька,південь,БпЛА,47.8388,35.1396,🛵 БпЛА в напрямку Запоріжжя з півдня.,https://t.me/kpszsu/68957
2026-07-17T23:00:59+00:00,kpszsu,68958,область,Одеська,,БпЛА,46.4825,30.7233,🛵 Реактивний БпЛА в напрямку н.п. Вилкове Одещини з Чорного моря.,https://t.me/kpszsu/68958
2026-07-17T23:18:24+00:00,kpszsu,68960,область,Сумська,,БпЛА,50.9077,34.7981,🛵 БпЛА в напрямку Сум та Чернігова з півночі.,https://t.me/kpszsu/68960
2026-07-17T23:28:35+00:00,kpszsu,68961,область,Запорізька,південь,БпЛА,47.8388,35.1396,🛵 БпЛА в напрямку Запоріжжя з півдня.,https://t.me/kpszsu/68961
2026-07-17T23:32:11+00:00,kpszsu,68962,область,Харківська,північ,БпЛА,49.9935,36.2304,🛵 БпЛА на Харків з півночі.,https://t.me/kpszsu/68962
2026-07-17T23:47:48+00:00,kpszsu,68963,область,Одеська,,БпЛА,46.4825,30.7233,🛵 БпЛА в напрямку  Одещини з Чорного моря. 🛵 БпЛА в напрямку Чернігова зі сходу.,https://t.me/kpszsu/68963
2026-07-17T23:56:28+00:00,kpszsu,68964,область,Запорізька,схід,БпЛА,47.8388,35.1396,🛵 БпЛА на Запоріжжя зі сходу. 🛵 БпЛА на Суми з півночі.,https://t.me/kpszsu/68964
2026-07-17T23:56:28+00:00,kpszsu,68964,область,Сумська,схід,БпЛА,50.9077,34.7981,🛵 БпЛА на Запоріжжя зі сходу. 🛵 БпЛА на Суми з півночі.,https://t.me/kpszsu/68964
2026-07-18T00:00:19+00:00,kpszsu,68965,область,Сумська,,БпЛА,50.9077,34.7981,🛵 БпЛА на Сумщині на н.п. Недригайлів.,https://t.me/kpszsu/68965
2026-07-18T00:05:53+00:00,kpszsu,68966,область,Харківська,,КАБ,49.9935,36.2304,КАБи ➡️ на Харківщину.,https://t.me/kpszsu/68966
2026-07-18T00:44:42+00:00,kpszsu,68967,область,Сумська,північ,БпЛА,50.9077,34.7981,🛵 БпЛА на Суми з півночі.,https://t.me/kpszsu/68967
2026-07-18T01:16:25+00:00,kpszsu,68968,область,Харківська,схід,БпЛА,49.9935,36.2304,🛵 БпЛА курсом на Харків зі сходу.,https://t.me/kpszsu/68968
2026-07-18T01:45:16+00:00,kpszsu,68969,область,Одеська,,ракета,46.4825,30.7233,"🚀 Ракети в акваторії Чорного моря, в напрямку Одещини.",https://t.me/kpszsu/68969
2026-07-18T01:49:39+00:00,kpszsu,68970,область,Одеська,,ракета,46.4825,30.7233,"🚀 Ракети в акваторії Чорного моря, в напрямку Одещини.",https://t.me/kpszsu/68970
2026-07-18T01:54:31+00:00,kpszsu,68971,область,Запорізька,,КАБ,47.8388,35.1396,КАБи ➡️ на Запорізьку область!,https://t.me/kpszsu/68971
2026-07-18T01:59:52+00:00,kpszsu,68973,область,Сумська,північ,БпЛА,50.9077,34.7981,🛵 БпЛА на Суми з півночі.,https://t.me/kpszsu/68973
2026-07-18T02:28:16+00:00,kpszsu,68974,область,Чернігівська,схід,БпЛА,51.4982,31.2893,"🛵 Реактивний БпЛА на сході Чернігівщини, курс південно-західний.",https://t.me/kpszsu/68974
2026-07-18T02:30:03+00:00,kpszsu,68975,область,Запорізька,,КАБ,47.8388,35.1396,КАБи ➡️ на Запорізьку область!,https://t.me/kpszsu/68975
2026-07-18T02:33:45+00:00,kpszsu,68976,область,Київська,,БпЛА,50.4501,30.5234,"🛵 Реактивний БпЛА з Чернігівщини, курсом на Київщину.",https://t.me/kpszsu/68976
2026-07-18T04:49:03+00:00,kpszsu,68977,область,Одеська,,БпЛА,46.4825,30.7233,"🛵 БпЛА з акваторії Чорного моря, курсом на Одещину (Чорноморськ/Овідіополь).",https://t.me/kpszsu/68977
2026-07-18T04:53:49+00:00,kpszsu,68978,область,Харківська,,,49.9935,36.2304,☄️ Харківська область - загроза застосування балістичного озброєння!,https://t.me/kpszsu/68978
2026-07-18T04:58:50+00:00,kpszsu,68979,область,Сумська,,,50.9077,34.7981,☄️ Сумська область - загроза застосування балістичного озброєння!,https://t.me/kpszsu/68979
2026-07-18T05:00:23+00:00,kpszsu,68980,область,Сумська,,,50.9077,34.7981,☄️ Сумська область - загроза застосування балістичного озброєння!,https://t.me/kpszsu/68980
2026-07-18T05:18:06+00:00,kpszsu,68982,область,Харківська,північ,БпЛА,49.9935,36.2304,🛵 БпЛА курсом на Харків з півночі.,https://t.me/kpszsu/68982
2026-07-18T05:35:58+00:00,kpszsu,68984,область,Чернігівська,північ,БпЛА,51.4982,31.2893,"🛵 БпЛА  на півночі Чернігівщини, на південно-східний напрямок.",https://t.me/kpszsu/68984
2026-07-18T06:02:25+00:00,kpszsu,68985,область,Донецька,,БпЛА|збиття|ракета,48.0159,37.8029,"⚡️ ЗБИТО/ПОДАВЛЕНО 70 ЦІЛЕЙ ПРОТИВНИКА ➖ ➖ ➖ ➖ ➖ ➖ ➖ ➖ ➖ ➖ У ніч на 18 липня (з 18:00 17 липня) противник атакував двома балістичними ракетами Іскандер-М із ТОТ АР Крим, двома протикорабельними ракетами Онікс із ТОТ АР Крим, трьома керованими авіаційними ракетами Х-59/69 із повітряного простору ТОТ АР Крим та 90 ударними БпЛА типу Shahed (в т.ч. реактивними), Гербера, Італмас, баражуючими боєприпасами ""Бандероль"" та дронами-імітаторами типу «Пародія» із напрямків: Брянськ, Орел, Міллерово, Приморсько-Ахтарськ – рф., ТОТ Донецьк, Гвардійське – ТОТ АР Крим. ❗️ Основний напрямок удару - Одещина! Повітряний напад відбивали авіація, зенітні ракетні війська, підрозділи РЕБ та безпілотних систем, мобільні вогневі групи Сил оборони України. 💥 За попередніми даними, станом на 09:00, протиповітряною обороною збито/подавлено одну керовану авіаційну ракету Х-59/69 та 69 ворожих БпЛА типу Shahed, Гербера, Італмас та дрони інших типів на півночі, півдні та сході країни. Зафіксовано влучання ракет та 19 ударних БпЛА на 19 локаціях, а також падіння збитих (уламки) на 5 локаціях. Атака триває, в повітряному просторі декілька ворожих БпЛА. Дотримуйтесь правил безпеки! ✊ Тримаймо небо! 🇺🇦 Разом – до перемоги!",https://t.me/kpszsu/68985
2026-07-18T06:02:25+00:00,kpszsu,68985,область,Одеська,,БпЛА|збиття|ракета,46.4825,30.7233,"⚡️ ЗБИТО/ПОДАВЛЕНО 70 ЦІЛЕЙ ПРОТИВНИКА ➖ ➖ ➖ ➖ ➖ ➖ ➖ ➖ ➖ ➖ У ніч на 18 липня (з 18:00 17 липня) противник атакував двома балістичними ракетами Іскандер-М із ТОТ АР Крим, двома протикорабельними ракетами Онікс із ТОТ АР Крим, трьома керованими авіаційними ракетами Х-59/69 із повітряного простору ТОТ АР Крим та 90 ударними БпЛА типу Shahed (в т.ч. реактивними), Гербера, Італмас, баражуючими боєприпасами ""Бандероль"" та дронами-імітаторами типу «Пародія» із напрямків: Брянськ, Орел, Міллерово, Приморсько-Ахтарськ – рф., ТОТ Донецьк, Гвардійське – ТОТ АР Крим. ❗️ Основний напрямок удару - Одещина! Повітряний напад відбивали авіація, зенітні ракетні війська, підрозділи РЕБ та безпілотних систем, мобільні вогневі групи Сил оборони України. 💥 За попередніми даними, станом на 09:00, протиповітряною обороною збито/подавлено одну керовану авіаційну ракету Х-59/69 та 69 ворожих БпЛА типу Shahed, Гербера, Італмас та дрони інших типів на півночі, півдні та сході країни. Зафіксовано влучання ракет та 19 ударних БпЛА на 19 локаціях, а також падіння збитих (уламки) на 5 локаціях. Атака триває, в повітряному просторі декілька ворожих БпЛА. Дотримуйтесь правил безпеки! ✊ Тримаймо небо! 🇺🇦 Разом – до перемоги!",https://t.me/kpszsu/68985
2026-07-18T06:08:16+00:00,kpszsu,68986,область,Харківська,схід,КАБ,49.9935,36.2304,КАБи на схід Харківщини!,https://t.me/kpszsu/68986
2026-07-18T06:14:50+00:00,kpszsu,68987,область,Харківська,північ,КАБ,49.9935,36.2304,КАБи на північ Харківщини!,https://t.me/kpszsu/68987
2026-07-18T06:20:33+00:00,kpszsu,68988,область,Харківська,північ,КАБ,49.9935,36.2304,КАБи на північ Харківщини!,https://t.me/kpszsu/68988
2026-07-18T06:26:31+00:00,kpszsu,68989,область,Одеська,,БпЛА,46.4825,30.7233,🛵 БпЛА у напрямку Лиманки/Чорноморська на Одещині з акваторії Чорного моря,https://t.me/kpszsu/68989
2026-07-18T06:27:32+00:00,kpszsu,68990,область,Донецька,,КАБ,48.0159,37.8029,КАБ на Донеччину!,https://t.me/kpszsu/68990
2026-07-18T06:36:20+00:00,kpszsu,68992,область,Сумська,,ракета,50.9077,34.7981,Ракета на Сумщині,https://t.me/kpszsu/68992
2026-07-18T06:43:50+00:00,kpszsu,68993,область,Харківська,північ,КАБ,49.9935,36.2304,КАБи на північ Харківщини та Донеччину!,https://t.me/kpszsu/68993
2026-07-18T06:43:50+00:00,kpszsu,68993,область,Донецька,,КАБ,48.0159,37.8029,КАБи на північ Харківщини та Донеччину!,https://t.me/kpszsu/68993
2026-07-18T06:45:00+00:00,kpszsu,68994,область,Херсонська,північно-захід,БпЛА,46.6354,32.6169,🛵 БпЛА у Херсонському районі ➡️ північно-західним курсом,https://t.me/kpszsu/68994
2026-07-18T07:08:44+00:00,kpszsu,68995,область,Харківська,схід,КАБ,49.9935,36.2304,КАБ на схід Харківщини!,https://t.me/kpszsu/68995
2026-07-18T07:13:13+00:00,kpszsu,68996,область,Донецька,,КАБ,48.0159,37.8029,КАБи на Донеччину!,https://t.me/kpszsu/68996
2026-07-18T07:21:06+00:00,kpszsu,68997,область,Запорізька,південь,БпЛА,47.8388,35.1396,🛵 Реактивний БпЛА у напрямку Комишувахи Запорізької області з півдня,https://t.me/kpszsu/68997
2026-07-18T07:22:55+00:00,kpszsu,68998,область,Запорізька,південь,БпЛА,47.8388,35.1396,🛵 БпЛА на Запоріжжя з півдня,https://t.me/kpszsu/68998
2026-07-18T07:25:27+00:00,kpszsu,68999,область,Запорізька,південь,БпЛА,47.8388,35.1396,🛵 Реактивний БпЛА у напрямку Комишувахи Запорізької області з півдня,https://t.me/kpszsu/68999
2026-07-18T07:31:16+00:00,kpszsu,69000,область,Одеська,,БпЛА,46.4825,30.7233,🛵 Реактивний БпЛА у напрямку Одеси з акваторії Чорного моря,https://t.me/kpszsu/69000
2026-07-18T07:36:50+00:00,kpszsu,69001,область,Харківська,,,49.9935,36.2304,Ціль на Харківщину!,https://t.me/kpszsu/69001
2026-07-18T07:41:31+00:00,kpszsu,69002,область,Донецька,південь,БпЛА,48.0159,37.8029,🛵 БпЛА на Краматорськ на Донеччині з півдня та південного заходу,https://t.me/kpszsu/69002
2026-07-18T08:06:33+00:00,kpszsu,69004,область,Чернігівська,,БпЛА,51.4982,31.2893,🛵 Чернігівщина: група реактивних БпЛА ➡️ курсом на Городню.,https://t.me/kpszsu/69004
2026-07-18T08:07:10+00:00,kpszsu,69005,область,Дніпропетровська,,КАБ,48.4647,35.0462,КАБи на Дніпропетровщину!,https://t.me/kpszsu/69005
2026-07-18T08:12:52+00:00,kpszsu,69006,область,Запорізька,,БпЛА,47.8388,35.1396,"🛵 БпЛА ➡️ на Запоріжжя, Суми.",https://t.me/kpszsu/69006
2026-07-18T08:12:52+00:00,kpszsu,69006,область,Сумська,,БпЛА,50.9077,34.7981,"🛵 БпЛА ➡️ на Запоріжжя, Суми.",https://t.me/kpszsu/69006
2026-07-18T08:15:58+00:00,kpszsu,69007,область,Одеська,,БпЛА,46.4825,30.7233,🛵 БпЛА ➡️ у напрямку Одеси/Чорноморська з акваторії Чорного моря.,https://t.me/kpszsu/69007
2026-07-18T08:21:29+00:00,kpszsu,69008,область,Чернігівська,,БпЛА,51.4982,31.2893,🛵 Чернігівщина: група реактивних БпЛА ➡️ курсом на Городню.,https://t.me/kpszsu/69008
2026-07-18T08:44:46+00:00,kpszsu,69009,область,Чернігівська,,БпЛА,51.4982,31.2893,"🛵 Чернігівщина: реактивний БпЛА ➡️ на Славутич, Сновськ.",https://t.me/kpszsu/69009
2026-07-18T09:25:15+00:00,kpszsu,69010,область,Сумська,,БпЛА,50.9077,34.7981,🛵 Сумщина: група БпЛА повз Шостку ➡️ курсом на Чернігівщину.,https://t.me/kpszsu/69010
2026-07-18T09:25:15+00:00,kpszsu,69010,область,Чернігівська,,БпЛА,51.4982,31.2893,🛵 Сумщина: група БпЛА повз Шостку ➡️ курсом на Чернігівщину.,https://t.me/kpszsu/69010
2026-07-18T09:35:24+00:00,kpszsu,69011,область,Запорізька,,БпЛА,47.8388,35.1396,"🛵 БпЛА ➡️ на Запоріжжя, Суми.",https://t.me/kpszsu/69011
2026-07-18T09:35:24+00:00,kpszsu,69011,область,Сумська,,БпЛА,50.9077,34.7981,"🛵 БпЛА ➡️ на Запоріжжя, Суми.",https://t.me/kpszsu/69011
2026-07-18T10:01:55+00:00,kpszsu,69013,область,Харківська,,,49.9935,36.2304,Ціль на Харківщину!,https://t.me/kpszsu/69013
2026-07-18T11:26:51+00:00,kpszsu,69014,область,Дніпропетровська,,БпЛА,48.4647,35.0462,🛵 Дніпропетровщина: реактивний БпЛА ➡️ курсом на Божедарівку.,https://t.me/kpszsu/69014
2026-07-18T11:34:40+00:00,kpszsu,69015,область,Чернігівська,,БпЛА,51.4982,31.2893,🛵 Реактивний БпЛА повз Седнів ➡️ курсом на Чернігів.,https://t.me/kpszsu/69015
2026-07-18T11:37:31+00:00,kpszsu,69016,область,Харківська,,КАБ,49.9935,36.2304,КАБи на Харківщину.,https://t.me/kpszsu/69016
2026-07-18T11:42:36+00:00,kpszsu,69017,область,Дніпропетровська,,БпЛА,48.4647,35.0462,🛵 Дніпропетровщина: реактивний БпЛА ➡️ курсом на Божедарівку.,https://t.me/kpszsu/69017
2026-07-18T11:52:06+00:00,kpszsu,69018,область,Одеська,південь,БпЛА,46.4825,30.7233,🛵 Реактивний БПЛА з акваторії моря ➡️ курсом на південь Одещини.,https://t.me/kpszsu/69018
2026-07-18T11:56:01+00:00,kpszsu,69019,область,Чернігівська,,БпЛА,51.4982,31.2893,🛵 Реактивний БпЛА повз Седнів ➡️ курсом на Чернігів.,https://t.me/kpszsu/69019
2026-07-18T12:13:30+00:00,kpszsu,69023,область,Сумська,,,50.9077,34.7981,Ціль на Сумщину!,https://t.me/kpszsu/69023
2026-07-18T12:18:30+00:00,kpszsu,69024,область,Харківська,,КАБ,49.9935,36.2304,КАБи на Харківщину.,https://t.me/kpszsu/69024
2026-07-18T12:19:41+00:00,kpszsu,69025,область,Одеська,,БпЛА,46.4825,30.7233,🛵 Реактивний БПЛА з акваторії моря ➡️ курсом на Одесу/Чорноморське.,https://t.me/kpszsu/69025
2026-07-18T13:34:50+00:00,kpszsu,69026,область,Херсонська,,КАБ,46.6354,32.6169,КАБи на Херсонщину.,https://t.me/kpszsu/69026
2026-07-18T13:35:43+00:00,kpszsu,69027,область,Херсонська,,КАБ,46.6354,32.6169,КАБи на Херсонщину.,https://t.me/kpszsu/69027
2026-07-18T13:48:58+00:00,kpszsu,69028,область,Дніпропетровська,,БпЛА,48.4647,35.0462,🛵 Дніпропетровщина: група БпЛА ➡️ на Самар/Дніпро.,https://t.me/kpszsu/69028
2026-07-18T14:08:48+00:00,kpszsu,69029,область,Одеська,,БпЛА,46.4825,30.7233,🛵 Реактивні БПЛА з акваторії моря ➡️ курсом на Одесу/Чорноморське.,https://t.me/kpszsu/69029
2026-07-18T14:16:54+00:00,kpszsu,69030,область,Запорізька,,КАБ,47.8388,35.1396,КАБи на Запоріжжя.,https://t.me/kpszsu/69030
2026-07-18T14:22:33+00:00,kpszsu,69031,область,Сумська,,БпЛА,50.9077,34.7981,🛵 Реактивні БПЛА ➡️ курсом на Суми.,https://t.me/kpszsu/69031
2026-07-18T14:30:47+00:00,kpszsu,69032,область,Запорізька,,,47.8388,35.1396,🚀 Ціль на Запоріжжя!,https://t.me/kpszsu/69032
2026-07-18T14:48:50+00:00,kpszsu,69033,область,Донецька,,КАБ,48.0159,37.8029,КАБи на Донеччину!,https://t.me/kpszsu/69033
2026-07-18T14:55:05+00:00,kpszsu,69034,область,Одеська,,БпЛА,46.4825,30.7233,🛵 БпЛА  у напрямку Веселої Балки на Одещині з Чорного моря,https://t.me/kpszsu/69034
2026-07-18T15:08:26+00:00,kpszsu,69036,область,Харківська,південь,БпЛА,49.9935,36.2304,🛵 БпЛА в Чугуївському районі Харківщини ➡️ південно-східним курсом,https://t.me/kpszsu/69036
2026-07-18T15:08:26+00:00,kpszsu,69036,область,Харківська,південно-схід,БпЛА,49.9935,36.2304,🛵 БпЛА в Чугуївському районі Харківщини ➡️ південно-східним курсом,https://t.me/kpszsu/69036
2026-07-18T15:09:29+00:00,kpszsu,69037,область,Одеська,,ракета,46.4825,30.7233,🚀 Ракета на Одесу,https://t.me/kpszsu/69037
2026-07-18T15:10:37+00:00,kpszsu,69038,область,Одеська,,ракета,46.4825,30.7233,🚀 Ракета на Одесу,https://t.me/kpszsu/69038
2026-07-18T15:11:20+00:00,kpszsu,69039,область,Харківська,,ракета,49.9935,36.2304,Ракета на Харківщині,https://t.me/kpszsu/69039
2026-07-18T15:16:14+00:00,kpszsu,69041,область,Полтавська,схід,,49.5883,34.5514,"Баражуючі боєприпаси ""Бандероль"" на Диканьку на Полтавщині зі сходу",https://t.me/kpszsu/69041
2026-07-18T15:22:00+00:00,kpszsu,69042,область,Одеська,,ракета,46.4825,30.7233,Ракета на Чорноморськ/Одесу,https://t.me/kpszsu/69042
2026-07-18T15:24:25+00:00,kpszsu,69043,область,Одеська,,ракета,46.4825,30.7233,Ракета на Чорноморськ/Одесу,https://t.me/kpszsu/69043
2026-07-18T15:25:29+00:00,kpszsu,69044,область,Запорізька,південь,БпЛА,47.8388,35.1396,🛵 Реактивний БпЛА на Запоріжжя з півдня,https://t.me/kpszsu/69044
2026-07-18T15:27:50+00:00,kpszsu,69045,область,Полтавська,,,49.5883,34.5514,"Баражуючий боєприпас ""Бандероль"" у напрямку Кременчука",https://t.me/kpszsu/69045
2026-07-18T15:29:10+00:00,kpszsu,69046,область,Одеська,,БпЛА,46.4825,30.7233,🛵 БпЛА у напрямку Татарбунарів на Одещині з акваторії Чорного моря,https://t.me/kpszsu/69046
2026-07-18T15:38:12+00:00,kpszsu,69048,область,Донецька,,КАБ,48.0159,37.8029,КАБи на Донеччину!,https://t.me/kpszsu/69048
2026-07-18T15:48:28+00:00,kpszsu,69049,область,Харківська,північ,БпЛА,49.9935,36.2304,🛵 Реактивний БпЛА у Лозівському районі Харківщини ➡️ у північному  напрямку 🛵 Реактивний БпЛА  у Нікопольському районі Дніпропетровщини ➡️ північно-західним курсом,https://t.me/kpszsu/69049
2026-07-18T15:48:28+00:00,kpszsu,69049,область,Дніпропетровська,,БпЛА,48.4647,35.0462,🛵 Реактивний БпЛА у Лозівському районі Харківщини ➡️ у північному  напрямку 🛵 Реактивний БпЛА  у Нікопольському районі Дніпропетровщини ➡️ північно-західним курсом,https://t.me/kpszsu/69049
2026-07-18T15:48:28+00:00,kpszsu,69049,область,Дніпропетровська,північно-захід,БпЛА,48.4647,35.0462,🛵 Реактивний БпЛА у Лозівському районі Харківщини ➡️ у північному  напрямку 🛵 Реактивний БпЛА  у Нікопольському районі Дніпропетровщини ➡️ північно-західним курсом,https://t.me/kpszsu/69049
2026-07-18T15:48:51+00:00,kpszsu,69050,область,Сумська,північ,БпЛА,50.9077,34.7981,🛵 БпЛА на Суми з півночі,https://t.me/kpszsu/69050
2026-07-18T15:55:25+00:00,kpszsu,69051,область,Харківська,північ,БпЛА,49.9935,36.2304,🛵 БпЛА на Богодухів на Харківщині з півночі,https://t.me/kpszsu/69051
2026-07-18T15:56:38+00:00,kpszsu,69052,область,Чернігівська,північ,БпЛА,51.4982,31.2893,🛵 Реактивні БпЛА на півночі Чернігівщині ➡️ південно-західним курсом,https://t.me/kpszsu/69052
