452949	Удомля
461703	Сортавальський район
461704	Новозавидовський
461720	Костерьово
461727	Оленівка	Кара-Аджи
461781	Зиково
461910	Звєрево
461915	Звениговський район
461916	Звенигово
461920	Звенигород
461940	Зуєвський район
461964	Зуївка
461999	Зубцовський район
462008	Зубцов
462020	Зубово-Полянський район
462033	Зубово
462050	Зубова Поляна
462156	Зольський район
462166	Золотухинський район
462169	Золотухино
462203	Золотково
462305	Знаменське
462313	Знаменське
462322	Знаменськ
462357	Знаменка
462377	Зміївка
462413	Злинка
462444	Златоуст
462467	Зірган
462521	Зимовніківський район
462522	Зимовники
462622	Зілаїрський район
462626	Зілаїр
462646	Зіанчуринський район
462745	Жулєбіне
462752	Жуковський район
462753	Жуковський район
462755	Жуковський
462792	Жуков
462815	Жуковка
462822	Жуковка
462847	Жудре
462861	Жостово
462864	Жорновка
462901	Жижиця
462912	Жиздринський район
462914	Жиздра
462964	Жирятино
462981	Жирновський район
462984	Жирновськ
463053	Жилетово
463082	Жигульовськ
463144	Жешарт
463217	Жердєвка
463229	Жемтала
463340	Желєзноводськ
463342	Желєзногорський район
463343	Желєзногорськ
463349	Залізничний район
463350	Желєзнодорожний район
463355	Желєзнодорожний
463356	Желєзнодорожний
463424	Приморський район
463465	Жайворонки
463515	Жарковський район
463516	Жарковський
463544	Жанхотеко
463568	Жадовка
463636	Зерноградський район
463637	Зерноград
463655	Зензели
463690	Землянськ
463709	Земетчинський район
463710	Земетчино
463824	Зеленокумськ
463825	Зеленоградський район
463828	Зеленоградськ
463829	Зеленоградський адміністративний округ
463830	Зеленогорськ
463834	Зеленодольський район
463835	Зеленодольськ
463838	Зеленоборський
463884	Зеленчуцький район
463885	Зеленчуцька
463966	Заюково
464018	Займище
464067	Завʼяловський район
464080	Завражжя
464101	Заволжя
464107	Заволзький район
464112	Заволжськ
464125	Шейх-Мансурівський район
464130	Масаловка
464159	Завидово
464184	Завітинський район
464290	Засосна
464468	Зарубино
464686	Зарайський район
464687	Зарайськ
464761	Заполля
464790	Заполярний
464819	Заплюсся
464829	Заплавне
464879	Західнодвінський район
464891	Західна Двіна
464992	Заокський район
464993	Заокський
465014	Занєвка
465019	Зандак
465174	Залукокоаже
465250	Залесьє
465289	Залегощенський район
465291	Залегощ
465532	Закан-Юрт
465542	Заїнський район
465543	Заїнськ
465632	Загорянський
465636	Сергієво-Посадський район
465724	Задонський район
465726	Задонськ
465767	Задніпровський район
465934	Заболотівка
466002	Юзький район
466060	Южно-Сухокумськ
466084	Южа
466117	Юсьвинський район
466133	Юстинський район
466200	Юрюзань
466214	Юрʼєв-Польський район
466215	Юрʼєв-Польський
466254	Юрʼєвецький район
466258	Юрʼєвець
466268	Юрʼянський район
466314	Юровка
466320	Юрома
466348	Юрлинський район
466404	Юринський район
466423	Юрино
466538	Юмагузіно
466646	Юккі
466653	Юхновський район
466658	Юхнов
466674	Юкаменське
466675	Юкаменський район
466710	Юганець
466724	Юг
466806	Йошкар-Ола
466873	Єйське Укріплення
466879	Єйський район
466885	Єйськ
466986	Єстомичі
466989	Єсентуцька
466990	Єсентуки
467084	Єрцево
467093	Єршовський район
467120	Єршов
467133	Єршицький район
467235	Єрмолино
467238	Єрмоліно
467246	Єрмолаєво
467250	Єрмишинський район
467252	Єрмиш
467259	Єрмекеєвський район
467260	Єрмекеєво
467477	Єнотаєвський район
467479	Єнотаєвка
467525	Ємва
467675	Єлшанка
467699	Єловський район
467753	Єльня
467755	Єльнінський район
467756	Єльниківський район
467787	Йолкино
467854	Єлизаветинська
467856	Єлизаветино
467886	Єлизаветинка
467976	Єлецький район
467978	Єлець
467987	Єленський
468037	Єланський район
468042	Єлань-Коленовський
468044	Єлань-Коліно
468063	Єлань
468080	Єлабузький район
468082	Єлабуга
468124	Катеринівський район
468180	Єкатериновка
468247	Єгорʼєвський міський округ
468250	Єгорʼєвськ
468306	Єгорлицький район
468307	Єгорлицька
468359	Єфремовський район
468390	Єфремов
468409	Єфімовський
468446	Єдрово
468483	Язиково
468486	Язиково
468587	Явас
468657	Ясний
468669	Ясногорський район
468671	Ясногорськ
468676	Ясненський район
468687	Ясна Поляна
468691	Ясна Поляна|Ясная Поляна
468746	Яшкульський район
468775	Яшалтинський район
468776	Яшалта
468782	Ясенська
468835	Лосєво
468850	Ярцевський район
468866	Ярцево
468877	Ярський район
468895	Ярославський район
468898	Ярославська область
468899	Ярославська
468902	Ярославль
468927	Ярополець
468983	Яренськ
468991	Ярезьке міське поселення
469005	Яранськ
469017	Яр
469026	Янзакаси
469048	Янтиковський район
469049	Янтіково
469087	Яніно-2
469151	Яндики
469176	Янаульський район
469178	Янаул
469275	Ямкино
469372	Ялхой-Мохк
469395	Яльчицький район
469471	Якшур-Бодьїнський район
469512	Яксатово
469534	Яковлевський район
469544	Яковлево
469577	Яковлево
469655	Яхрома
469804	Ядрінський район
469809	Ядрін
469844	Яблоновський
469933	Виєздне
469960	Витегра
469961	Витегорський район
469995	Висоцьк
470083	Високовськ
470163	Високогорський район
470195	Високиничі
470252	Вишній Волочок
470263	Вишньоволоцький район
470268	Вишнє Довге
470274	Вишков
470304	Виша
470322	Виселківський район
470338	Висєлки
470368	Вириця
470378	Вира
470390	Виползово
470443	Міський округ місто Викса
470444	Викса
470470	Вигоницький район
470473	Вигоничі
470541	Виборзький район
470542	Виборзький район
470546	Виборг
470549	Вибор
470576	Вʼязове
470578	Вʼязове
470653	Вʼязова
470665	Вʼязниківський район
470666	Вʼязники
470676	Вязьма
470709	Вяземський район
470712	Вяземка
470727	Вʼятськополянський район
470734	Вʼятські Поляни
470762	Вяртсиля
470845	Вурнари
470846	Вурнарський район
470902	Вуктильський міський округ
470905	Вуктил
471099	Всеволожський район
471101	Всеволозьк
471160	Вознесення
471173	Вознесенський район
471188	Вознесенська
471243	Вожегодський район
471245	Вожега
471323	Войсковиці
471428	Воткінський район
471430	Воткінськ
471499	Восточний
471607	Воскресенське
471633	Воскресенське
471639	Воскресенське
471642	Воскресенський район
471643	Воскресенський район
471644	Воскресенський район
471656	Воскресенськ
471760	Ворсма
471775	Ворша
471793	Воротинський район
471820	Ворошневе
471822	Ворошиловський район
471823	Північний адміністративний округ
471909	Воронцовка
471910	Воронцовка
472039	Воронезька область
472045	Воронеж
472069	Воробйовський район
472072	Алтуфʼєво
472107	Воробʼївка
472113	Воробйовка
472141	Воробʼї
472225	Волзький район
472226	Волзький район
472231	Волзький
472234	Волзьк
472271	Воля
472276	Вольський район
472278	Вольськ
472302	Воловський район
472303	Воловський район
472306	Волово
472321	Волотовський район
472350	Волосовський район
472357	Волосово
472387	Волошка
472424	Волоконівський район
472428	Волоконовка
472430	Волоколамський район
472433	Волоколамськ
472453	Вологодський район
472454	Вологодська область
472459	Вологда
472484	Володарський район
472487	Володарського
472490	Володарський
472494	Володарськ
472711	Волховський район
472722	Волхов
472750	Волгорєченськ
472751	Волго-Каспійський
472755	Волгоградська область
472757	Волгоград
472761	Волгодонськ
472871	Вокнаволок
472878	Вохтога
472883	Вохомський район
472887	Вохма
472961	Юца
473018	Внуково
473127	Владикіно
473150	Владимирське
473166	Владимирська
473247	Владимир
473249	Владикавказ
473295	Витязево
473349	Вистіно
473376	Вісімо-Уткинськ
473378	Вісім
473403	Вишневий
473532	Виноградовський муніципальний район
473546	Виноградний
473611	Віля
473627	Виловатово
473668	Вілегодський муніципальний район
473778	Видне
473787	Вічугський район
473788	Вічуга
473855	Вейделєвський район
473856	Вейделєвка
473902	Ветлузький район
473903	Ветлузький
473904	Ветлузький
473910	Ветлуга
473942	Весьєгонський район
473943	Весьєгонськ
473972	Вешняки
473984	Вешки
473992	Вешкаймський район
473994	Верхня Туарма
473998	Вешенська
474004	Вещево
474113	Веселівський район
474120	Веселовка
474279	Веркола
474324	Верховʼя
474331	Верховський район
474354	Верховажʼє
474355	Верховазький район
474367	Верхососна
474370	Верхошижемьє
474372	Верхошижемський район
474427	Верхня Якушка
474462	Верхня Тура
474470	Верхня Тойма
474473	Верхня Тишанка
474663	Кіща
474669	Верхня Хава
474743	Верхня Балкарія
474761	Верхній Згід
474795	Верхній Услон
474821	Верхній Тагіл
474902	Верхній Наур
474916	Верхній Мамон
474926	Верхній Ломов
474931	Верхній Ландех
474940	Верхній Куркужин
475030	Верхні Татишли
475041	Верхні Серги
475060	Верхні Осельки
475100	Верхні Кіги
475196	Верхній Баскунчак
475206	Верхній Авзян
475332	Верхнє Алопово
475438	Верхньояркеєво
475457	Верхньоуслонський район
475462	Верхньоуральський район
475463	Верхньоуральськ
475469	Верхньотуломський
475472	Верхньотоємський муніципальний район
475492	Спаський Погост
475541	Верхньомамонський район
475550	Верхнєландеховський район
475572	Верхньохавський район
475612	Верхньодонський район
475614	Верхньодніпровський
475701	Верея
475772	Верещагінський район
475777	Верещагіно
475846	Вербежичі
475868	Венци
475878	Веньовський район
475881	Веньов
475937	Вельський муніципальний район
475938	Вельськ
475952	Велізький район
475955	Веліж
476028	Великовічне
476029	Великоустюзький район
476035	Великоріцьке
476047	Великомихайлівка
476048	Великолуцький район
476055	Великодворський
476062	Великий Устюг
476077	Великі Луки
476248	Веденський район
476252	Ведено
476297	Важини
476316	Ваймуша
476341	Вавозький район
476343	Вавож
476417	Васюринська
476500	Васкелово
476548	Василівський Мох
476732	Васільсурськ
476815	Василеострівний район
476844	Вашкінський район
476980	Варнавинський район
476982	Варнавино
477039	Варениківська
477189	Валуйський район
477192	Валуйки
477279	Валерик
477280	Валеріановськ
477295	Валдайський район
477301	Валдай
477340	Вахруші
477406	Вадський район
477417	Вадінський район
477418	Вадінськ
477424	Вад
477425	Вачський район
477432	Вачі
477440	Вача
477487	Узловський район
477494	Узлова
477579	Уємський
477602	Увинський район
477611	Увари
477626	Уварово
477656	Ува
477703	Уторгош
477774	Усвяти
477776	Усвятський район
477789	Усухчай
477795	Устюжна
477796	Устюженський район
477891	Устьянський муніципальний район
477906	Усть-Вимський район
477940	Усть-Цильма
477941	Усть-Цилемський район
477958	Усть-Шоноша
478036	Усть-Луга
478043	Усть-Лабінський район
478044	Усть-Лабінськ
478049	Усть-Куломський район
478050	Усть-Кулом
478053	Усть-Кубінський район
478071	Усть-Катав
478129	Усть-Джегутинський район
478130	Усть-Джегута
478131	Усть-Донецький район
478132	Усть-Донецький
478197	Успенське
478198	Успенський район
478213	Успенська
478269	Усольє
478277	Усольський район
478304	Усманський район
478317	Усмань
478344	Усіша
478345	Усінський міський округ
478528	Уржумський район
478532	Уржум
478538	Урив-Покровка
478543	Урюпінський район
478544	Урюпінськ
478559	Урванський район
478563	Урван
478580	Урус-Мартановський район
478581	Урус-Мартан
478586	Урупський район
478601	Урух
478620	Уршельський
478689	Урмари
478690	Урмарський район
478699	Урман
478711	Уркарах
478718	Урицьке
478720	Урицький район
478751	Уренський район
478757	Урень
478769	Урдома
478781	Уразово
478782	Уразовка
478849	Уралець
478920	Упорна
478948	Унжа
478962	Унцукульський район
478963	Унцукуль
478994	Унинський район
479010	Унецький район
479021	Ундори
479028	Унеча
479055	Умьот
479071	Умба
479105	Ульяновський район
479106	Ульяновський район
479119	Ульяновська область
479123	Ульяновськ
479140	Ульяновка
479170	Ульянково
479198	Улу-Теляк
479201	Улукулево
479411	Ухта
479425	Ухоловський район
479442	Уїнське
479443	Уїнський район
479469	Угранський район
479471	Угра
479474	Угори
479512	Углянець
479523	Угловка
479529	Углицький район
479532	Углич
479537	Углеродовський
479551	Уфимський район
479553	Уфімський
479561	Уфа
479581	Удорський район
479584	Удомельський район
479613	Удмуртія
479619	Удимський
479639	Удєльна
479640	Удєльна
479687	Учкекен
479703	Учали
479706	Учалинський район
479870	Тюльганський район
479871	Тюльган
479933	Тирниауз
480041	Тверська область
480060	Твер
480089	Туймази
480090	Туймазинський район
480119	Тутаєвський район
480122	Тутаєв
480141	Північно-Західний адміністративний округ
480248	Турківський район
480256	Туркменський район
480267	Турки
480272	Турка Перша
480301	Тургенєво
480472	Туманний
480482	Тумак
480484	Тума
480508	Тульська область
480562	Тула
480620	Тукаєвський район
480637	Тукан
480654	Туголіський Бір
480685	Тучково
480704	Тубінський
480713	Туапсинський район
480716	Туапсе
480798	Цуриб
480801	Цунтинський район
480804	Цумадинський район
480849	Цивільський район
480851	Цивільськ
480873	Цимлянський район
480876	Цимлянськ
480881	Цильнинський район
480884	Цильна
480975	Центральний район
480976	Центральний район
481007	Центарой
481028	Цілинський район
481029	Цілинний район
481036	Цілина
481037	Целеєво
481181	Труновське
481182	Труновський район
481250	Трудова
481287	Трудфронт
481324	Трубино
481349	Трубчевський район
481350	Трубчевськ
481439	Тросна
481547	Троїцько-Печорський район
481548	Троїцько-Печорськ
481580	Троїцький
481604	Троїцька
481608	Троїцьк
481611	Троїце-Сельцо
481627	Троїця
481818	Трьохгорка
481881	Тракторозаводський район
481900	Тпіг
481941	Товарково
481955	Тоцьке
481956	Тоцький район
481960	Тотьма
481962	Тотемський район
481964	Тосно
481965	Тосненський район
481984	Торжоцький район
481985	Торжок
482040	Торопецький район
482042	Торопець
482096	Торфʼяний
482117	Торбеєвський район
482121	Торбеєво
482123	Торбеєво
482217	Тоншаєвський район
482229	Тонкинський район
482260	Томіліно
482275	Томаровка
482283	Тольятті
482309	Толстой-Юрт
482390	Толмачово
482432	Толбази
482443	Токсово
482582	Тлюстенхабль
482588	Тляратинський район
482589	Тлярата
482761	Тірлянський
482766	Тиріброво
482808	Тимський район
482865	Тімоново
482964	Тимашевський район
482965	Тимашевськ
482986	Тим
483008	Тихвінський район
483019	Тихвін
483027	Тихорєцький район
483029	Тихорєцьк
483136	Тейковський район
483137	Тейково
483141	Теучезький район
483142	Адигейськ
483145	Тетюський район
483150	Тетюші
483240	Теряєво
483269	Терскол
483272	Терський район
483273	Терський район
483288	Терса
483318	Терновський район
483326	Тернівська
483341	Терновка
483379	Теріберка
483428	Тереньгульський район
483439	Тереклі-Мектеб
483495	Терек
483541	Тербуни
483542	Тербунський район
483600	Тьопло-Огарьовський район
483641	Теньгушевський район
483642	Теньгушево
483650	Темясово
483660	Темрюцький район
483661	Темрюк
483682	Темниковський район
483684	Темников
483688	Тьомкинський район
483692	Теміжбекська
483696	Теміргоївська
483882	Тбіліський район
483883	Тбіліська
483898	Тайці
484004	Татишлинський район
484016	Тацинський район
484017	Тацинська
484034	Татищеве
484048	Татарстан
484122	Татарська Пішля
484127	Татарська Каргала
484163	Татаринці
484219	Ташлинський район
484232	Ташла
484282	Таруський район
484287	Таруса
484288	Тарумовський район
484290	Тарумовка
484313	Тарнозький район
484314	Тарнозький Городок
484334	Таркі
484340	Тарховка|Тархівка
484393	Тарасовський район
484396	Тарасовський
484638	Тамбовська область
484644	Тамбовка
484646	Тамбов
484670	Таманська
484712	Талпаки
484722	Таловський район
484747	Талова
484772	Талицький Чамлик
484825	Талдомський район
484826	Талдом
484837	Талашкіно
484856	Агідель
484907	Таганрог
484912	Таганський
484957	Табасаранський район
484968	Сизранський район
484972	Сизрань
485063	Сюмсинський район
485064	Сюмсі
485121	Сисольський район
485153	Сирське
485162	Сиростан
485231	Силва
485239	Сиктивкар
485241	Сиктивдинський район
485262	Сичовський район
485273	Сичово
485280	Сичовка
485313	Сясьстрой
485348	Сямженський район
485351	Сямжа
485449	Свободний
485516	Свиязьк
485557	Свірстрой
485558	Стара Слобода
485630	Свіблово
485639	Свєтогорськ
485643	Світлий Яр
485660	Свєтлий
485691	Светлоярський район
485698	Світлоград
485699	Свєтлогорськ
485758	Свердловський район
485762	Свердловський район
485763	Свердловський
485785	Свень
485794	Свічинський район
485799	Свіча
485815	Суземський район
485817	Суземка
485819	Суздальский район
485824	Суздаль
485863	Суворовський район
485871	Суворовська
485888	Суворов
485964	Суслонгер
486001	Сушани
486013	Сусанінський район
486015	Сусаніно
486043	Сурське
486044	Сурський район
486048	Сурськ
486070	Суровикінський район
486071	Суровикіно
486073	Суроватиха
486110	Сурхахі
486147	Суразький район
486148	Сураж
486178	Супонєво
486183	Суоярвський район
486186	Суоярві
486197	Сунженський район
486360	Сулейман-Стальський район
486411	Суксунський район
486413	Суксун
486456	Сукко
486546	Суховерково
486548	Суховерхово
486662	Сухиницький район
486665	Сухиничі
486754	Сухарево
486813	Суджанський район
486816	Суджа
486831	Судогодський район
486834	Судогда
486846	Судиславський район
486848	Судиславль
486894	Субханкулово
486955	Ступинський район
486968	Ступіно
486983	Стулово
487095	Струніно
487109	Струго-Красненський район
487110	Струги Красні
487131	Строминь
487147	Строїтель
487159	Стрижі
487227	Стрєльна
487255	Стрілиця
487493	Стерлітамацький район
487495	Стерлітамак
487497	Стерлібашевський район
487498	Стерлібашево
487543	Степне
487592	Степновський район
487629	Степанцево
487837	Ставрово
487838	Ставропольський район
487839	Ставропольський край
487846	Ставрополь
487871	Хатуєй
487912	Старий Ропськ
487928	Старий Оскол
487936	Старий Медведь
487993	Старі Юрковичі
488128	Старі Атаги
488142	Старий Черек
488213	Староюрьївський район
488289	Старе Синдрове
488360	Старе Перепечино
488587	Старовеличковська
488593	Староуткинськ
488606	Старотитарівська
488608	Старотимошкино
488618	Старосубхангулово
488635	Старощербинівська
488637	Старошайговський район
488681	Староруський район
488694	Старополтавський район
488709	Старооскольський район
488713	Старонижестебліївська
488730	Старомишастовська
488740	Старомінський район
488742	Старомінська
488748	Старомайнський район
488758	Старолеушківська
488775	Старокулаткинський район
488777	Старокучергановка
488785	Старокорсунська
488823	Староіліково
488839	Староджереліївська
488848	Стародубський район
488852	Стародуб
488859	Стародеревʼянковська
488864	Старочеркаська
488881	Старобалтачево
488938	Старицький район
488946	Стариця
489024	Стара Ведуга
489043	Стара Торопа
489062	Стара Станиця
489063	Стара Станиця
489067	Стара Слобода
489088	Стара Русса
489102	Стара Полтавка
489135	Стара Майна
489158	Стара Ладога
489162	Стара Купавна
489164	Стара Кулатка
489264	Стара
489271	Старь
489290	Станове
489297	Становлянський район
489446	Середня Ахтуба
489471	Середній Сантимир
489495	Середній Ікорець
489635	Середньоахтубінський район
489686	Спірово
489729	Спас-Заулок
489741	Спаськ-Рязанський
489809	Спаський район
489846	Спас-Талиця
489862	Спас-Клепики
489867	Спас-Деменський район
489868	Спас-Деменськ
489910	Созімський
489997	Кашхатау
489998	Шатой
489999	Хебда
490008	Совєтський район
490015	Радянський район
490017	Совєтський район
490018	Совєтський район
490024	Совєтський район
490025	Південний адміністративний округ
490026	Совєтський район
490027	Совєтський район
490028	Совєтський район
490029	Черецький район
490030	Шатойський район
490031	Шамільський район
490039	Совєтський
490040	Совєтський
490067	Совєтськ
490068	Совєтськ
490069	Совєтськ
490172	Сосновий Бор
490199	Сосновський район
490200	Сосновський район
490210	Сосновоборський район
490211	Сосновоборськ
490213	Сосново
490276	Сосновка
490300	Сосновка
490389	Сосногорськ
490391	Сосногорськ
490437	Сосенський
490466	Сортавала
490552	Сорочинський район
490554	Сорочинськ
490636	Сонковський район
490637	Сонково
490701	Соміно
490737	Солянка
490743	Сольвичегодськ
490747	Солуно-Дмирівське
490750	Сольці
490800	Соловйовка
490844	Солоти
490968	Західний адміністративний округ
490969	Солнцевський район
490976	Солнцево
490995	Солнечногорський район
490996	Солнечногорськ
491017	Соль-Ілецький район
491019	Соль-Ілецьк
491021	Солікамський район
491023	Солікамськ
491024	Солигаличський район
491025	Солигалич
491029	Солгинський
491033	Солецький район
491059	Солдир
491079	Солдатська
491147	Сокольський район
491148	Сокольський район
491280	Сокіл
491281	Сокол
491422	Сочі
491438	Соболіха
491475	Собінський район
491480	Собінка
491538	Снігурі
491660	Смолино
491679	Смоленський район
491684	Смоленська область
491687	Смоленськ
491877	Слободський район
491882	Слобідське
492042	Слобода
492094	Словʼянськ-на-Кубані
492095	Словʼянський район
492111	Славський район
492112	Славск
492158	Слащевська
492162	Сланці
492167	Сланцевський район
492350	Скородне
492351	Скородне
492371	Скопінський район
492376	Скопін
492448	Сходня
492566	Сівинський район
492579	Сіверський
492633	Ситники
492657	Систо-Палкіно
492708	Синявське
492712	Синявино
492765	Синодське
492768	Новосиньково
492852	Синьогорський
492944	Сім
492970	Силікатний
493040	Сігаєво
493160	Сібай
493201	Шуйське
493203	Шуйський район
493231	Шуя
493316	Шушари
493403	Шумяцький район
493405	Шумячі
493461	Шумейка
493463	Шумерля
493464	Шумерлинський район
493547	Шуколово
493702	Михайловськ
493703	Шпаковський район
493720	Шовгеновський район
493721	Хакуринохабль
493795	Шонгуй
493838	Шолоховський район
493970	Шліссельбург
493997	Шкуринська
494249	Широчанка
494275	Ширінгуші
494304	Шипицино
494364	Шимський район
494366	Шимськ
494378	Шиморське
494486	Шильда
494514	Шихазани
494519	Шихани
494737	Шестаково
494846	Шепсі
494883	Шенкурський муніципальний район
494884	Шенкурськ
494899	Шемишейський район
494900	Шемишейка
494919	Шемуршинський район
494920	Шемурша
494993	Шелоховська
494999	Шелковський район
495000	Шелковська
495059	Шекснинський район
495062	Шексна
495111	Шебекінський район
495112	Шебекіно
495206	Щигри
495207	Щигровський район
495252	Щербинівський район
495260	Щербинка
495337	Щолковський район
495344	Щолково
495353	Щелканово
495386	Щокінський район
495394	Щокіно
495412	Щеглово
495467	Шайковка
495516	Шатурський район
495518	Шатура
495531	Щацький район
495532	Шацьк
495559	Шатковський район
495575	Шаталово
495619	Шарʼя
495642	Шарой
495666	Шарлицький район
495670	Шарлик
495686	Шарканський район
495688	Шаркан
495704	Шарʼїнський район
495761	Шаранський район
495765	Шаранзький район
495770	Шаран
495904	Шамари
495907	Шамардан
495915	Шаля
495918	Шалушка
495940	Шалінський район
495957	Шалі
495969	Шалажі
495983	Шалакуша
496012	Шахунья
496015	Шахти
496029	Шаховський район
496035	Шаховська
496097	Шафраново
496156	Шабликінський район
496158	Шабликіно
496159	Шабликіно
496165	Шабельське
496196	Шабалінський район
496204	Шаамі-Юрт
496210	Сгонники
496244	Севський район
496246	Сєвськ
496265	Сєверський район
496267	Сєверська
496275	Сєвероуральськ
496278	Сєвероморськ
496285	Сєверодвінськ
496290	Третій Сєверний
496294	Сєвєрний район
496358	Сєвєрний
496381	Сєверне
496385	Сєверне
496478	Сестрорецьк
496503	Сєща
496505	Сержень-Юрт
496519	Сертолово
496526	Серпуховський район Московської області
496527	Серпухов
496560	Сернурський район
496561	Сернур
496564	Сірноводська
496609	Сергокалинський район
496610	Сергокала
496628	Сергієвський район
496638	Сергієв Посад
496799	Сергацький район
496802	Сергач
496859	Серьодка
496869	Середейський
496879	Срібні Пруди
496894	Срібно-Прудський міський округ
496933	Сердобський район
496934	Сердобськ
496954	Серафимовський
496956	Серафимовицький район
496957	Серафимович
497019	Сінний
497092	Сенгилєєвський район
497094	Сенгілей
497102	Сенеж
497203	Семилуцький район
497206	Семилуки
497211	Семилітка
497216	Семикаракорський район
497218	Семикаракорськ
497311	Міський округ Семеновський
497459	Семено-Александрівка
497500	Семендяєво
497547	Селти
497610	Сєльцо
497611	Селтинський район
497660	Селіжарівський район
497661	Селіжарово
497671	Селівановський район
497751	Селище
497924	Сегежський район
497927	Сегежа
497983	Сеченовський район
497984	Сеченово
497995	Себрово
497999	Себезький район
498001	Себеж
498295	Савинка
498366	Саваслейка
498416	Саткинський район
498418	Сатка
498421	Сатіс
498437	Сасиколи
498441	Сасовський район
498505	Сарпинський район
498525	Саров
498536	Сармановський район
498538	Сармаково
498661	Саратовський район
498671	Саратовська область
498672	Саратовська
498677	Саратов
498681	Сарапульський район
498687	Сарапул
498698	Саранськ
498703	Сарана
498707	Сарактаський район
498708	Саракташ
498765	Сапожковський район
498785	Саперне
498817	Санкт-Петербург
498876	Санчурський район
498877	Санчурське
498943	Самійлівський район
498956	Самійлівка
499040	Самбек
499051	Самашки
499055	Самарське
499068	Самарська область
499099	Самара
499155	Сальський район
499161	Сальськ
499163	Салпарово
499228	Сальма
499290	Салаватський район
499292	Салават
499336	Сакмарський район
499342	Сакмара
499363	Сахарово
499404	Сагопши
499436	Сафоновський район
499453	Сафоново
499528	Садове
499616	Сачковичі
499665	Сабинський район
499706	Ржевський район
499717	Ржев
499778	Ржаниця
499811	Риздвяний
499888	Рильський район
499979	Рибновський район
499980	Рибно-Слободський район
500001	Рибінський район
500004	Рибінськ
500019	Рибацьке
500033	Рибаки
500039	Рибачий
500045	Ряжський район
500047	Ряжськ
500058	Рязанський район
500059	Рязанська область
500060	Рязанська
500096	Рязань
500184	Рябово
500285	Рузький район
500298	Рузаєвський район
500299	Рузаєвка
500303	Руза
500315	Рутульський район
500316	Рутул
500350	Руско-Висоцьке
500502	Рускеала
500525	Русавкино-Романово
500653	Руднянський район
500654	Руднянський район
500667	Рудня
500678	Рудня
500695	Руднічний
500852	Рубіжний
500881	Ртищевський район
500886	Ртищево
500991	Рождественська Хава
500996	Рождествено
501091	Рівне
501123	Рівненський район
501124	Ровенський район
501161	Ростовський район
501165	Ростовська область
501175	Ростов-на-Дону
501183	Ростов Великий
501215	Россош
501216	Розсошанський район
501231	Розсош
501279	Рославльський район
501283	Рославль
501287	Рошні-Чу
501296	Рощино
501320	Рошаль
501345	Ромодановський район
501349	Ромоданово
501392	Романівський район
501405	Романовська
501440	Романовка
501468	Романівка
501579	Рогівська
501616	Роговате
501624	Рогнединський район
501625	Рогнедино
501660	Рогачово
501666	Рогачово
501716	Родниковська
501773	Родіоново-Несвітайський район
501774	Родіоново-Несвітайська
501775	Родіоново-Несвітайське сільське поселення
501847	Рочегда
502010	Ревда
502011	Ревда
502018	Реутов
502032	Ретинське
502078	Решетиха
502082	Репʼєвський район
502124	Ріпне
502145	Рєпіно
502185	Ремонтне
502186	Ремонтненський район
502265	Рєдкино
502400	Разумне
502540	Раєвський
502542	Раєвська
502790	Расказовський район
502793	Расказово
502892	Рамонський район
502895	Рамонь
502965	Раменське
502966	Раменський район
502971	Раменки
502990	Рамасуха
503034	Раківка
503055	Ракитянський район
503067	Ракитне
503111	Рахмановка
503248	Радиця-Криловка
503250	Радищевський район
503254	Радищево
503281	Радченко
503373	Питаловський район
503374	Питалово
503399	Пищузький район
503401	Пищуг
503453	Пичас
503479	Пʼятовський
503499	Пʼятницьке
503548	Пʼятигорський
503550	Пʼятигорськ
503857	Пустошкинський район
503878	Пустошка
503964	Пушкінський район
503965	Пушкінські Гори
503970	Пушкіногорський район
503977	Пушкіно
504003	Пушкін
504042	Пущино
504063	Пуршево
504100	Пурех
504177	Пулково
504236	Пугачовський район
504250	Пугачов
504280	Пудем
504294	Пучеж
504317	Псиж
504327	Псигансу
504335	Псковський район
504338	Псковська область
504341	Псков
504371	Пшехська
504391	Псебай
504400	Пржевальське
504407	Пряжинський район
504414	Прямухіне
504416	Прямицино
504576	Протвіно
504717	Пронськ
504755	Промисловий район
504787	Пролетарський район
504789	Пролетарський район
504798	Пролетарський
504806	Пролетарський
504831	Пролетарськ
504840	Пролетарій
504875	Кіпєнь
504908	Прохоровський район
504915	Прохоровка
504935	Прохладний
504938	Прохладненський район
504994	Прочноокопська
505014	Приютово
505020	Приютненський район
505051	Приволзький район
505057	Приволзьке
505060	Приволзьк
505112	Приводіно
505150	Пристенський район
505154	Пристень
505216	Приречний
505230	Приозерськ
505231	Кетченеровський район
505256	Приморка
505257	Урзуф	Приморське-2
505258	Приморсько-Ахтарський район
505259	Приморсько-Ахтарськ
505261	Приморський район
505262	Приморський район
505269	Приморськ
505270	Приморськ
505271	Приморськ
505279	Прималкінське
505282	Прилузький район
505340	Прикубанський район
505371	Пригородний район
505376	Пригородний
505386	Пригородне
505395	Пригородка
505447	Прибитково
505539	Преградна
505554	Передгірний район
505581	Правокумське
505586	Правобережний район
505596	Правдинський район
505597	Правдинське
505599	Правдинськ
505795	Пояконда
505805	Поворинський район
505806	Поворино
505820	Повенець
506029	Пошехоння
506030	Пошехонський район
506043	Котловка
506205	Порозово
506242	Порошкіно
506266	Порог
506274	Порховський район
506278	Порхов
506286	Порецьке
506288	Поріцький район
506304	Порєччя
506374	Попово-Лежачі
506595	Понировський район
506596	2-і Понирі
506628	Пономаревський район
506680	Понежукай
506693	Поназирьовський район
506696	Поназирово
506738	Помари
506762	Полярні Зорі
506763	Полярний
507079	Полотняний завод
507223	Полібіно
507290	Полєський район
507291	Полєськ
507382	Покровське
507427	Покровське
507599	Покров
507624	Похвістнево
507635	Похвістнєвський район
507867	Погарський район
507875	Погар
507899	Подюга
507914	Підʼячево
507965	Кумилженський район
507998	Подсолнечноє
508034	Подпорожʼє
508035	Подпорозький район
508064	Підосиновський район
508068	Підосиновець
508091	Подольський район
508101	Подольськ
508159	Подмошшя
508200	Подлипки
508273	Підклітне
508311	Підгородня Покровка
508366	Підгірне
508393	Подгоренський район
508394	Підгоренський
508441	Поддорʼя
508442	Поддорський район
508606	Починок
508612	Починковський район
508613	Починківський район
508635	Починки
508648	Почепський район
508656	Почеп
508743	Плюса
509010	Площево
509017	Плешаново
509024	Плєсецький муніципальний район
509026	Плесецьк
509029	Пльос
509047	Плеханово
509051	Плавський район
509052	Плавськ
509113	Платніровська
509124	Пластуновська
509139	Плановське
509233	Піткярантський район
509234	Піткяранта
509259	Пітерський район
509269	Пітерка
509401	Пирогово
509405	Пирогово
509437	Піонерський
509451	Пінюг
509472	Пінезький муніципальний район
509475	Пинерівка
509483	Пінега
509537	Пильнинський район
509598	Пікалево
509647	Пічаєвський район
509697	Петушки
509702	Петушинський район
509820	Петрозаводськ
509826	Петрів Вал
509833	Петровське
509911	Петровський район
509912	Петровський район
509981	Петровське
509985	Петровська
509987	Петровськ
509998	Петрово-Дальнє
510155	Петропавлівський район
510172	Петропавловська
510222	Петроградський район
510225	Петергоф
510291	Петергоф
510323	Пестяки
510344	Пестречинський район
510351	Пестовський район
510364	Пестово
510473	Пісковка
510613	Піщанокопське
510614	Піщанокопський район
510808	Первоуральськ
510814	Первомайське
510847	Первомайський район
510849	Первомайський район
510851	Первомайський район
510853	Міський округ місто Первомайськ
510855	Первомайський район
510878	Первомайський
510906	Майський
510988	Бахчиванджі
510997	Первомайська
511002	Первомайськ
511012	Первоавгустівський
511153	Перово
511178	Пермський район
511180	Пермський край
511196	Перм
511264	Переясловська
511266	Перевозький район
511287	Перевоз
511289	Переволоцький район
511291	Переволоцький
511357	Переславське
511358	Переславський район
511359	Переславль-Залєський
511399	Перемишльський район
511400	Перемишль
511413	Перелюбський район
511416	Перелюб
511435	Перелешинський
511437	Перелешине
511553	Пензенський район
511555	Пензенська область
511565	Пенза
511588	Пеновський район
511592	Пено
511785	Печори
511787	Печорський район
511788	Печорський район
511794	Печора
511860	Печензький район
511865	Петсамо|Печенга
512018	Павловський район
512019	Павловський район
512020	Павловський район
512021	Павловський район
512023	Павловський Посад
512051	Павлівська
512052	Павловськ
512053	Павлівськ
512055	Павлово-Посадський район
512063	Павлово
512109	Павловка
512133	Павловка
512152	Павловка
512246	Павінський район
512247	Павіно
512255	Павелець
512259	Павда
512382	Пашківський
512413	Пашія
512568	Парфінський район
512570	Парфіно
512574	Парфенєвський район
512576	Парфенєво
512616	Параньгинський район
512618	Параньга
512723	Панське
512817	Панковка
512837	Панінський район
512855	Папіно
512861	Паніно
512947	Памʼять Паризької Комуни
513041	Палласовський район
513042	Палласовка
513043	Палкінський район
513051	Палкіно
513094	Палехський район
513095	Палех
513307	Пачелмський район
513309	Пачелма
513326	Озинський район
513362	Ожерельє
513378	Озьори
513393	Озьорський міський округ
513394	Озерський район
513406	Озерськ
513471	Озерки
513588	Озерецьке
513701	Овстуг
513878	Отрадо-Кубанське
513883	Отрадний
513896	Отрадне
513898	Отрадне
513908	Отрадненський район
513911	Отрадна
514037	Острів імені Залита
514052	Островське
514056	Островський район
514057	Островський район
514171	Остров
514178	Остров
514196	Острогозький район
514198	Острогозьк
514249	Осташковський район
514259	Осташков
514272	Осташево
514284	Останкінський
514426	Осинський район
514572	Осинки
514673	Осенєво
514679	Осельки
514706	Оса
514719	Орудʼєво
514734	Орськ
514738	Оршанський район
514739	Оршанка
514744	Орша
514779	Орловський район
514801	Орловська область
514833	Орлово
514906	Орловка
514966	Оричі
514967	Оричівський район
514968	Оргтруд
514999	Оренбурзький район
515001	Оренбурзька область
515003	Оренбург
515012	Орел
515022	Орєхово-Зуєвський район
515024	Орєхово-Зуєво
515080	Орджонікідзевський район
515083	Сунжа
515094	Ордінський район
515098	Орда
515109	Оранжереї
515155	Опочка
515157	Опочецький район
515161	Опеченський Посад
515173	Опарінський район
515175	Опаріно
515237	Онезький муніципальний район
515246	Онега
515266	Омутнінський район
515267	Омутнінськ
515309	Олим
515403	Олонець
515423	Ольховський район
515507	Ольховка
515526	Ольховатський район
515539	Ольховатка
515558	Ольгино
515569	Ольгово
515582	Ольгінська
515589	Ольгине
515612	Ольгінка
515698	Оленєгорськ
515748	Окуловський район
515771	Окуловка
515804	Цоці-Юрт
515814	Октябрський район
515826	Октябрський район
515833	Октябрський район
515836	Нурлатський район
515837	Октябрський район
515838	Октябрський район
515839	Октябрський район
515840	Октябрський район
515841	Октябрський район
515854	Октябрьский
515870	Октябрський
515873	Октябрський
515879	Октябрський
515921	Тахтамукай
516071	Оханський район
516073	Оханськ
516192	Одоєвський район
516197	Одоєв
516210	Одинцовський район
516215	Одинцово
516256	Очер
516264	Очаково-Матвіївське
516305	Обухове
516375	Образци
516392	Обратеєво
516399	Обоянський район
516400	Обоянь
516436	Обнінськ
516453	Облівський район
516538	Нюксенський район
516539	Нюксениця
516573	Нитвенський район
516576	Нитва
516588	Нироб
516607	Нилга
516613	Нязепетровський район
516615	Нязепетровськ
516645	Няндомський муніципальний район
516647	Няндома
516710	Нурма
516716	Нурлат
516722	Нурімановський район
516779	Ножай-Юртовський район
516780	Ножай-Юрт
516874	Новий Ропськ
516875	Новий Рогачик
516931	Новий Оскіл
516954	Новий Мілет
517032	Нові Юрковичі
517111	Нові Ляди
517161	Нові Черемушки
517172	Нові Бураси
517191	Нові Атаги
517235	Новий
517267	Новозибковський район
517269	Новозибків
517483	Нове Місто
517485	Новомелково
517577	Нове Девʼяткіно
517716	Нововоронеж
517725	Нововеличковська
517737	Новоузенський район
517739	Новоузенськ
517744	Новоуткинськ
517749	Новоусманський район
517766	Новоульяновськ
517767	Новоукраїнське
517769	Новоукраїнський
517836	Новотроїцьк
517838	Новоторʼяльський район
517842	Новотитарівська
517856	Ново-Талиці
517892	Новоспаське
517897	Новоспаське
517903	Новоспаський район
517921	Новосокольники
517923	Новосокольнічеський район
517926	Новосмолинський
517946	Новосільський район
517947	Новосіль
517959	Новощербинівська
517963	Новошахтинськ
517973	Новосергієвський район
517982	Новосергієвка
518210	Новоселицький район
518229	Новосадовий
518234	Новоржевський район
518236	Новоржев
518246	Новорудний
518249	Новорождественська
518255	Новоросійськ
518311	Новопокровський район
518325	Новопокровська
518341	Новоплатніровська
518346	Новопетровське
518383	Новопавловськ
518413	Новооскольський район
518417	Новоорський район
518418	Новоорськ
518482	Новоніколаєвський район
518488	Новоніколаєвський
518540	Новомишастовська
518551	Новомосковський район
518557	Новомосковськ
518568	Новомінська
518585	Новомихайлівський
518618	Новомаликлинський район
518619	Нова Маликла
518621	Новомалоросійська
518643	Новолеушківська
518648	Новолакське
518649	Новолакський район
518652	Новолабінська
518659	Новокуйбишевськ
518681	Новокубанський район
518682	Новокубанськ
518742	Новохоперський район
518745	Новохоперськ
518764	Новокаякент
518851	Ойсхара
518858	Гребнево
518879	Новогіреєво
518907	Новоджереліївська
518909	Новодвінськ
518911	Новодугинський район
518928	Новодмитріївська
518944	Новодеревʼянківська
518970	Новочеркаськ
518972	Новочеремшанськ
518976	Новочебоксарськ
518986	Новобураський район
519015	Новобейсузька
519016	Новобезсергенівка
519027	Новобілокатай
519061	Новоаннінський район
519062	Новоаннінський
519085	Новоалексіївська
519097	Новоалександровський район
519168	Новки
519322	Новгородський район
519324	Новгородська область
519336	Великий Новгород
519447	Нова Усмань
519473	Нова Таволжанка
519493	Нова Слобода
519611	Нова Майна
519630	Нова Ладога
519633	Нова Куликовка
519711	Нове Село
519777	Нова Чигла
519969	Північна Осетія — Аланія
520040	Нолинський район
520041	Нолінськ
520066	Ногінський район
520068	Ногінськ
520075	Ногайський район
520102	Низовʼя
520167	Нижня Якушка
520191	Нижня Ведуга
520204	Нижня Тура
520278	Нижня Павловка
520318	Нижня Мактама
520378	Нижньоіргінське
520473	Нижній Уфалей
520489	Нижній Теребуж
520494	Нижній Тагіл
520552	Нижній Одес
520555	Нижній Новгород
520564	Нижній Мамон
520574	Нижній Ломов
520599	Нижній Кисляй
520667	Нижні Серги
520783	Нижній Чир
520784	Нижній Черек
520798	Нижній Баскунчак
521031	Нижньотроїцький
521046	Нижньосергинський район
521090	Нижньоломовський район
521116	Нижньокамський район
521118	Нижньокамськ
521145	Нижньодівицький район
521148	Нижньодівицьк
521509	Нікольське
521706	Нікольський район
521773	Нікольськ
521807	Нікологори
521814	Ніколо-Березовка
521847	Ніколаєвський район
521848	Ніколаєвський район
521874	Ніколаєвськ
521931	Ніколаєвка
521966	Ніколаєвка
522080	Нікола-Ленивець
522223	Никифоровський район
522260	Нікель
522312	Ніжинка
522334	Нейський район
522353	Нея
522360	Невський район
522377	Невинномиськ
522405	Невельський район
522410	Невель
522467	Нестеровський район
522508	Нестеров
522579	Нерль
522580	Нерль
522591	Нерехтський район
522594	Нерехта
522646	Ньонокса
522652	Ненецький автономний округ
522678	Немський район
522730	Німчиновка
522740	Німанський район
522742	Німан
522771	Нелідівський район
522775	Нелідово
522799	Нєкрасовскоє
522800	Некрасовський район
522803	Некрасовський
522810	Некрасовська
522861	Некоузький район
522883	Неклинівський район
522901	Нехаєвський район
522902	Нехаєвська
522940	Нефтекумський район
522942	Нефтекамськ
522943	Нєфтєгорський район
522946	Нефтегорськ
522996	Недєльне
523048	Небуг
523051	Неболчі
523063	Назрановський район
523064	Назрань
523161	Наволоки
523186	Навля
523187	Навлінський район
523197	Міський округ Навашинський
523198	Навашино
523206	Наурська
523209	Наурський район
523210	Алпатово
523269	Натирбово
523314	Насир-Корт
523382	Наришкіно
523392	Нарʼян-Мар
523405	Нарткала
523408	Нартан
523413	Наровчатський район
523415	Наровчат
523425	Наро-Фомінський район
523426	Наро-Фомінськ
523439	Нарімановський район
523443	Наріманов
523523	Нальчик
523553	Нахабіно
523582	Нагорський район
523583	Нагорськ
523633	Нагайбацький район
523654	Надтеречний район
523655	Надтеречне
523734	Началово
523750	Набережні Челни
523810	Митищинський міський округ
523812	Митищі
523852	Мишкінський район
523859	Мишкін
523928	Мятлево
523946	Мʼясниковський район
524181	Муслюмовський район
524243	Муригіно
524284	Муромський район
524294	Муром
524299	Мурмаші
524304	Мурманська область
524305	Мурманськ
524311	Муріно
524412	Мурашинський район
524414	Мураші
524489	Мулловка
524504	Мулино
524534	Мухтолово
524602	Мугі
524639	Мценський район
524640	Мценськ
524651	Мстьора
524681	Мраково
524697	Можгинський район
524699	Можга
524708	Можайський район
524712	Можайськ
524734	Моздоцький район
524736	Моздок
524763	Мотовилихинський район
524809	Мостовський
524810	Мостовський район
524894	Москва
524901	Москва
524907	Московське
524915	Московський район
524925	Московська область
524968	Мошонки
525024	Мошенський район
525025	Мошенське
525083	Мосальський район
525084	Мосальськ
525121	Морське
525135	Моршанський район
525138	Моршанськ
525149	Морозовський район
525162	Морозовськ
525261	Моркинський район
525262	Морки
525278	Моргауський район
525280	Моргауші
525369	Мордовія
525396	Моніно
525404	Мончегорськ
525423	Монастирщинський район
525426	Монастирщина
525427	Монастирщино
525506	Молоковський район
525510	Молоково
525658	Мокшанський район
525659	Мокшан
525718	Мокроусово
525719	Мокроус
525905	Могилівці
525961	Мочалище
525988	Мшинська
525990	Мізур
526009	Міякинський район
526083	Митрофанівка
526184	Містолово
526185	Міскінджа
526238	Мішкінський район
526247	Мішкіно
526347	Мирний
526408	Міньяр
526479	Мінераловодський район
526480	Мінеральні Води
526489	Міндяк
526503	Мілютінський район
526504	Мілютинська
526557	Міллеровський район
526558	Міллерово
526600	Мікунь
526729	Михайловське
526753	Михайлівський район
526814	Михайлівська
526815	Михайлівськ
526875	Михайловка
526968	Михайловка
527012	Михайлівка
527034	Михайлов
527182	Мічурінський район
527191	Мічурінськ
527216	Мглинський район
527217	Мглин
527220	Мга
527223	Мезмай
527224	Мезиновський
527261	Межевський район
527263	Межевий
527296	Міжрічинський район
527316	Мезенський муніципальний район
527321	Мезень
527370	Месягутово
527388	Мескер-Юрт
527404	Мещовський район
527405	Мещовськ
527526	Мензелінський район
527529	Мензелінськ
527579	Менделєєвськ
527697	Садиба Меліхово
527714	Мелеузовський район
527717	Мелеуз
527732	Меленківський район
527740	Меленки
527761	Мелехово
527778	Мелекеський район
527866	Мединський район
527869	Мединь
527887	Медвежʼєгорський район
527888	Медвежʼєгорськ
527955	Медвежі Озера
527962	Медвенський район
527966	Медвенка
527968	Медведівська
528017	Медведицький
528033	Медведевський район
528056	Медведево
528082	Медведь
528109	Мєдногорськ
528130	Мечетлинський район
528137	Мечетинська
528218	Майський район
528239	Майський
528258	Майртуп
528271	Майнський район
528278	Майна
528290	Майкопський район
528293	Майкоп
528380	Маячний
528481	Матвієво-Курганський район
528495	Матвіїв Курган
528521	Матвієвка
528741	Маслова Пристань
528946	Мартиновський район
529051	Маромиця
529068	Марксовський район
529073	Маркс
529188	Марієць
529194	Марі-Турецький район
529195	Марі-Турек
529205	Маришкіно
529342	Маріїнсько-Посадський район
529343	Маріїнський Посад
529349	Маріїнськ
529352	Марій Ел
529367	Марфіно
529376	Марфино
529386	Марьовський район
529387	Марьово
529502	Мантуровський район
529503	Мантуровський район
529505	Мантурово
529507	Мантурово
529638	Мамонтовка
529705	Мамадиський район
529709	Мамадиш
530021	Малі Щербиничі
530134	Малі Карели
530480	Мале Верево
530708	Мале Козино
530848	Малоярославецький район
530849	Малоярославець
530859	Маловішерський район
530886	Малошуйка
530890	Малосердобинський район
530901	Малопургинський район
530936	Малокарачаєвський район
530957	Малодербетовський район
530964	Малоархангельський район
530966	Малоархангельськ
530971	Малмизький район
530972	Малмиж
530994	Малка
531001	Отрєшково
531089	Малинівка
531127	Малгобецький район
531129	Малгобек
531257	Мала Вішера
531383	Мала Сердоба
531426	Мала Пурга
531644	Мала Іжмора
531820	Малаховка
531978	Максатихинський район
531979	Максатиха
532096	Махачкала
532124	Макашевка
532129	Макарʼєвський район
532133	Макарʼєво
532138	Макарʼєв
532288	Магнітогорськ
532292	Магнітка
532297	Магінськ
532306	Магарамкентський район
532307	Магарамкент
532314	Маджаліс
532457	Людиновський район
532459	Людиново
532461	Любитинський район
532463	Любитино
532518	Любохна
532527	Південно-Східний адміністративний округ
532535	Любліно
532570	Любімський район
532600	Любим
532615	Люберці
532616	Люберецький район
532623	Любечани
532637	Любань
532657	Литкаріно
532664	Лисі Гори
532675	Лисьва
532700	Лисогірський район
532715	Лисково
532776	Ликошино
532887	Ляміно
532894	Лямбірський район
532895	Лямбір
533042	Лузький район
533053	Лузький район
533143	Луза
533240	Лупполово
533397	Лукояновський район
533400	Лукоянов
533432	Лукново
533484	Лукино
533539	Лухський район
533541	Луховка
533543	Луховиці
533544	Луховицький район
533555	Лух
533690	Луга
533930	Ловозерський район
533933	Ловозеро
533962	Лоухівський район
533964	Лоухі
533974	Лотошинський район
534015	Лосіно-Петровський
534059	Лосєво
534073	Лосєво
534172	Лопатинський район
534196	Лопатино
534206	Лопатине
534245	Лопандіно
534313	Ломовка
534332	Ломоносовський район
534341	Ломоносов
534408	Локотки
534413	Локоть
534416	Локнянський район
534423	Локня
534538	Лог
534560	Лодєйне Поле
534562	Лодєйнопольський район
534595	Лобня
534701	Лівни
534709	Лівенський район
534717	Лівенка
534834	Лискинський район
534838	Лиски
534881	Лісави
535119	Липецький район
535120	Липецька область
535121	Липецьк
535183	Лінда
535185	Ліїнахамарі
535210	Ліманський район
535229	Лиман
535243	Лікіно-Дульово
535253	Лихий
535254	Лиховська
535260	Лихославльський район
535261	Лихославль
535330	Ліанозово
535333	Льговський район
535334	Льгов
535417	Лев Толстой
535418	Лев-Толстовський район
535439	Лєвокумський район
535446	Лівобережний
535505	Льовіха
535538	Левашинський район
535542	Леваши
535544	Левашово
535670	Лєсогорський
535678	Лісні Поляни
535679	Лісні Поляни
535691	Лісний район
535711	Лісне
535730	Лісний
535734	Лісний
535806	Лесколово
535839	Лешуконське
535840	Лешуконський муніципальний район
535885	Тархани
535886	Лермонтов
535992	Леоніха
536011	Ленський муніципальний район
536034	Ленінське
536035	Ленінське
536044	Карабудахкентський район
536047	Ленінський район
536049	Ленінський район
536054	Ленінський район
536061	Ленінський район
536067	Ленінський район
536068	Ленінський район
536070	Ленінський район
536072	Ленінський район
536074	Ленінський район
536075	Ленінський район
536086	Ленінський район
536098	Ленінські гори
536155	Ленінськ
536156	Ленінськ
536160	Леніногорський район
536162	Леніногорськ
536164	Царицино
536199	Ленінградська область
536200	Ленінградська
536203	Санкт-Петербург
536206	Юбілейний
536398	Лефортово
536440	Лечинкай
536466	Лебʼяже
536514	Лебедянський район
536518	Лебедянь
536818	Латна
536858	Лашкута
536926	Лаптєво
537094	Лальськ
537098	Лакський район
537103	Лакома Буда
537107	Лакінськ
537147	Лахденпохья
537148	Лахденпохський район
537156	Лаїшевський район
537158	Лаїшево
537229	Ладушкін
537235	Ладозька
537279	Лабінський район
537281	Лабінськ
537344	Ісламей
537345	Дигулибгей
537346	Атажукіно
537392	Китлим
537539	Кваркенський район
537541	Кваркено
537597	Кузоватовський район
537598	Кузоватово
537604	Кузомень
537733	Кузнецький район
537737	Кузнецьк
537740	Кузнечне
537771	Кузьмоловський
537795	Кузьминські Отвержки
537856	Кузьминичі
537893	Кузино
537915	Кужорська
537935	Куженкіно
537938	Куженерський район
537939	Куженер
538044	Куєдинський район
538046	Куєда
538050	Спаський район
538051	Куйбишевський район
538055	Куйбишевський район
538061	Куйбишево
538101	Кувшиновський район
538104	Кувшиново
538138	Кувандик
538327	Кусинський район
538340	Кушва
538367	Кушнаренковський район
538368	Кушнаренково
538413	Кущевський район
538416	Кущевська
538442	Куса
538478	Курʼяново
538549	Курський район
538555	Курська область
538560	Курськ
538576	Куршановичі
538601	Куровське
538685	Курманаєвка
538696	Курлово
538711	Нижній Куркужин
538727	Куркінський район
538733	Куркіно
538835	Курганінський район
538836	Курганинськ
538879	Курджиново
538907	Курчатовський район
538908	Курчатов
538913	Курчалой
538991	Курахський район
538994	Курах
539128	Куньїнський район
539141	Кунгурський район
539147	Кунгур
539221	Кумилженська
539233	Кумух
539282	Кумертауський міський округ
539283	Кумертау
539385	Кулой
539389	Кулотино
539432	Кулинський район
539511	Кулі
539553	Міський округ місто Кулебаки
539555	Кулебаки
539578	Кулари
539687	Кукморський район
539794	Кугесі
539796	Кугарчинський район
539816	Кудимкарський район
539817	Кудимкар
539885	Кудиново
539897	Кудеєвський
539946	Кучугури
540030	Кубинка
540042	Куба-Таба
540078	Кубачі
540102	Кстовський район
540103	Кстово
540121	Кшенський
540245	Кримський район
540251	Кримськ
540259	Крим
540263	Криловський район
540267	Криловська
540268	Криловська
540361	Крутий Лог
540388	Круте
540690	Круглолеське
540761	Кропоткін
540769	Кропачево
540771	Кронштадт
540776	Кроми
540778	Кромський район
540796	Криві Балки
540797	Кривянська
540849	Кривське
540914	Криворіжжя
541116	Крестці
541156	Крестецький район
541224	Соловецький
541227	Кременське
541235	Кремьонки
541288	Красюковська
541341	Красний Яр
541344	Красний Яр
541349	Красний Яр
541404	Красний Сулин
541446	Красний Профінтерн
541550	Красний Октябрь
541611	Красний Маяк
541629	Красний Луч
541647	Красний Кут
541679	Красний Ключ
541704	Красний Холм
541722	Красний Гуляй
541791	Красні Четаї
541795	Красні Барикади
541796	Красні Баки
541826	Красний Бор
541844	Красний Богатир
541941	Краснознаменський район
541947	Краснознаменськ
541950	Краснозаводськ
542000	Красне Село
542024	Красне-на-Волзі
542109	Красне
542121	Красне
542125	Красне
542131	Красноярський район
542133	Красноярський
542183	Красновишерський район
542184	Красновишерськ
542199	Красноуфімськ
542209	Краснослободський район
542212	Краснослободськ
542213	Краснослободськ
542231	Красносельський район Санкт-Петербурга
542232	Красносельський район
542235	Красносельський
542237	Красноселовка
542285	Краснооктябрський район
542286	Краснооктябрський район
542310	Краснокутський район
542312	Краснокумське
542321	Краснохолмський район
542322	Краснохолм
542325	Краснокамський район
542327	Краснокамськ
542333	Бірюч
542334	Красногвардійське
542335	Красногвардійське
542337	Красногвардєйський район
542339	Красногвардійський район
542340	Красногвардійський район
542345	Красногвардієць
542356	Красногорське
542362	Красногорський район
542363	Красногорський район
542364	Красногорський район
542366	Красногорський
542374	Красногорськ
542378	Красногородськ
542379	Красногородський район
542400	Краснофарфорний
542415	Краснодарський край
542420	Краснодар
542421	Красноборський муніципальний район
542423	Красноборськ
542429	Красноармійське
542436	Красноармійський район
542438	Красноармійський район
542440	Красноармійський район
542461	Полтавська
542463	Красноармійськ
542464	Красноармійськ
542484	Краснинський район
542561	Красна Заря
542571	Красна Яруга
542634	Пресненський
542680	Красна Поляна
542681	Красная Поляна
542769	Красна Горка
542776	Красна Горбатка
542788	Красна Гора
542841	Красково
542908	Красавіно
542924	Крапивна
542965	Краснохолмський
543018	Козьмодемʼянськ
543055	Козловський район
543106	Козлово
543133	Козловка
543171	Козлівка
543229	Козинка
543246	Кожва
543347	Козельський район
543348	Козельськ
543395	Койгородський район
543435	Ковилкінський район
543436	Ковилкіно
543454	Ковровський район
543460	Ковров
543494	Ковернино
543505	Ковдорський міський округ
543508	Ковдор
543551	Ковальово
543605	Котовськ
543633	Котово
543671	Котляревська
543702	Котласький муніципальний район
543704	Котлас
543723	Котельніковський район
543728	Котельниково
543731	Котельники
543733	Котельницький район
543737	Котельнич
543748	Котел
543869	Костромський район
543871	Костромська область
543878	Кострома
543899	Костомукша
543906	Костомарово
543939	Костіно
543989	Костенки
544068	Косминіно
544114	Косинський район
544203	Кішки
544261	Кошехабльський район
544263	Кошехабль
544293	Коса Гора
544370	Коряжма
544396	Корткероський район
544440	Корсаково
544477	Корпиково
544576	Коротояк
544609	Коростинь
544704	Корочанський район
544707	Короча
544746	Коробіцино
544793	Корнєєво
544830	Кормьожка
544877	Коргашино
544895	Корєновський район
544896	Коренівськ
544901	Кореневський район
544902	Кореньовщино
544906	Коренево
544926	Корекозево
545116	Коповка
545129	Капорʼє|Копорʼє
545168	Копанська
545221	Конишевський район
545223	Конишевка
545275	Константинівська
545277	Константиновськ
545282	с. Константиново
545288	Константіново
545350	Коноський муніципальний район
545353	Коноша
545400	Конокове
545565	Кондуші
545575	Кондрово
545585	Кондратьєво
545626	Кондопога
545630	Кондоль
545662	Кончанське-Суворовське
545670	Конаковський район
545673	Конаково
545690	Комсомольське
545702	Комсомольський район
545703	Комсомольський район
545717	Комсомольський
545736	Комсомольськ
545782	Комунарка
545788	Комунар
545791	Комунар
545835	Комінтернівський район
545854	Республіка Комі
545881	Комарово
545945	Комарицький район
545946	Комаричі
546055	Колтуші
546060	Колтубановський
546084	Кольський район
546091	Колпнянський район
546092	Колпна
546105	Колпіне
546213	Яніно-1
546230	Коломна
546244	Коломенське
546247	Коломенський район
546275	Кологривський район
546282	Кологрив
546316	Колодязний
546520	Кольчугінський район
546521	Кольчугіно
546534	Колчаново
546554	Кола
546633	Кокоревка
546742	Кодино
546795	Кочкуровський район
546798	Кочкурово
547005	Кобринське
547019	Кобона
547032	Кобелєво
547056	Княжпогостський район
547159	Княгининський район
547162	Княгинино
547278	Ключі
547475	Клинці
547477	Клинцівський район
547486	Клинський район
547523	Клин
547551	Климівський район
547560	Климовськ
547591	Климів
547677	Клетська
547680	Клєтнянський район
547681	Клєтня
547726	Клепіковський район
547831	Кізнер
547836	Кізлярський район
547840	Кізляр
547846	Кизилюртівський район
547849	Кизилюрт
547854	Кизильський район
547864	Кижі
547875	Кізел
547891	Київське
547926	Кіясовський район
547927	Кіясово
548097	Кисляківська
548114	Кисловодськ
548180	Кишертський район
548242	Кисельовка
548276	Кіржацький район
548278	Кіржач
548279	Кіржач
548302	Кіря
548330	Кірсанов
548333	Кірс
548363	Кіровський район
548364	Кіровський район
548365	Кіровський район
548367	Кіровський район
548372	Кіровський район
548375	Кіровський район
548376	Кіровський район
548378	Кіровський район
548383	Кіровський
548387	Кіровський
548389	Кіровська область
548391	Кіровськ
548392	Кіровськ
548394	Кірово-Чепецький район
548395	Кірово-Чепецьк
548408	Кіров
548410	Кіров
548441	Кіриський район
548442	Кіриші
548455	Кириловський район
548473	Кирилівка
548478	Кириллов
548493	Киргиз-Міяки
548503	Кірєєвський район
548506	Кіреєвськ
548601	Кінгісеппський район
548602	Кінгісепп
548605	Кінешма
548606	Кінешемський район
548614	Кінельський район
548625	Кінель
548652	Кімри
548653	Кімрський район
548657	Кімовський район
548658	Кімовськ
548691	Кільмезький район
548695	Кільмезь
548715	Кілемари
548716	Кілемарський район
548738	Кіквідзенський район
548740	Преображенська
548763	Кикерино
548766	Кігінський район
548778	Кідеро
548781	Кідекша
548790	Кічмензько-Городецький район
548791	Кічмензький Городок
548887	Хвойнинський район
548890	Хвойна
548964	Хватівка
548971	Хвастовицький район
548972	Хвастовичі
548980	Хвалинський район
548982	Хвалинськ
548983	Хвалово
549104	Хунзахський район
549105	Хунзах
549118	Хумалаг
549175	Хучні
549235	Христофорово
549266	Хренове
549322	Ховрино
549339	Хотинецький район
549341	Хотинець
549373	Хотьково
549501	Хоромне
549531	Хорлово
549542	Хорей-Вер
549598	Хомутовський район
549617	Хомутовка
549740	Холмський район
549741	Холмська
549748	Холмогори
549751	Холмогорський муніципальний район
549786	Холм
549797	Холм
549844	Хохряки
549847	Хохольський район
549891	Ходзь
549968	Хмеліта
550102	Хлевне
550109	Хлевенський район
550200	Хівський район
550201	Хів
550234	Хіславичі
550235	Хірвості
550280	Хімки
550406	Хайбуллінський район
550452	Хатукай
550476	Хасавʼюртівський район
550478	Хасавʼюрт
550509	Харовський район
550512	Харовськ
550574	Харитоново
550669	Харабалінський район
550671	Харабалі
550708	Ханська
550782	Орловський район
550785	Орлов
550846	Хадиженськ
550866	Хабезький район
550868	Хабез
550886	Кезький район
550902	Кез
550947	Кесовогорський район
550949	Кесова Гора
550952	Кесьма
550967	Керженець
551070	Кенже
551115	Кемський район
551124	Кемля
551145	Кем
551330	Казинка
551375	Казбеківський район
551438	станиця Казанська
551439	Казанська
551487	Казань
551535	Казаки
551590	Кайтагський район
551645	Каякентський район
551661	Кавказький район
551667	Кавказький
551669	Кавказька
551729	Катар-Юрт
551732	Катинь
551735	Катунки
551736	Катунино
551793	Катав-Івановський район
551794	Катав-Івановськ
551816	Касумкент
551823	Касторне
551828	Касторенський район
551845	Лаганський район
551846	Лагань
551847	Каспійськ
551884	Касимовський район
551891	Касимов
551933	Кашкаранці
551948	Каширське
551949	Каширський міський округ
551950	Каширський район
551964	Кашира
551965	Кашинський район
551986	Кашин
552006	Кашари
552131	Карсунський район
552133	Карсун
552161	Карпушиха
552256	Карпогори
552312	Кармаскали
552314	Кармаскалинський район
552464	Каргопольський муніципальний район
552465	Каргополь
552473	Каргинська
552500	Каргалинська
552548	Карелія
552556	Кардимовський район
552558	Кардимово
552568	Кардаїлово
552610	Караяр
552692	Карата
552829	Каракулінський район
552830	Каракуліно
552859	Караїдельський район
552862	Караідель
552895	Карагач
552912	Карачевський район
552920	Карачев
552922	Карачаєвський район
552924	Карачаєвськ
552927	Карачаєво-Черкесія
552928	Карачарово
552951	Карабулак
552953	Карабудахкент
552977	Карабаново
552999	Капустин Яр
553034	Капотня
553054	Капітанщино
553097	Кантемирівський район
553099	Кантемирівка
553138	Кангли
553149	Канівський район
553152	Канівська
553159	Канеловська
553169	Кандри
553190	Кандалакша
553213	Канаський район
553216	Канаш
553233	Канадей
553246	Камизякський район
553248	Камизяк
553271	Камишла
553287	Камишин
553310	Камишуватська
553346	Камсько-Устьїнський район
553388	Камєшковський район
553389	Камешково
553390	Камешкирський район
553399	Камʼянськ-Шахтинський
553407	Камʼянський район
553408	Каменський район
553409	Камʼянський район
553410	Камʼянський район
553411	Камʼянський Хутір
553427	Каменоломні
553513	Каменномостське
553514	Каменномостський
553518	Каменногорськ
553609	Каменка
553615	Каменка
553669	Каменка
553725	Камʼянка
553766	Камʼянка
553769	Камʼянка
553778	Каменка
553835	Камбарка
553878	Кама
553883	Калязінський район
553884	Калязін
553899	Калузька область
553915	Калуга
553929	Калтаси
553930	Калтасинський район
553955	Кальниболотська
553972	Калмикія
554033	Калітвенська
554064	Калиновське
554077	Калиновська
554173	Калінінська
554178	Калінінський район
554180	Калінінський район
554181	Калінінський район
554182	Калінінський район
554184	Калінінський район
554199	Калінінськ
554230	Калінінградська область
554233	Корольов
554234	Калінінград|Кенігсберг
554297	Калікіно
554317	Калевальський район
554318	Калевала
554397	Калач-на-Дону
554402	Калачіївський район
554403	Калачевський район
554410	Калач
554444	Кахун
554481	Кагальницький район
554482	Кагальницька
554500	Кадийський район
554502	Кадий
554533	Кадуйський район
554544	Кадошкіно
554549	Кадом
554554	Кадников
554599	Качканар
554667	Кабардино-Балкарія
554692	Кабаково
554767	Ізоплит
554770	Ізобільний
554776	Ізноски
554787	Ізмайлово
554791	Ізмайлово
554804	Ізмалковський район
554806	Ізмалково
554831	Іжма
554836	Іжевське
554840	Іжевськ
554843	Іжемський район
554873	Ізборськ
554894	Ізбербаш
554950	Івот
554969	Івнянський район
554973	Івня
555111	Івантєєвка
555112	Івантієвка
555207	Івановський район
555235	Івановська область
555312	Іваново
555433	Івановка
555610	Іванищі
555617	Іванино
555624	Івангород
555681	Ітум-Кале
555717	Ісянгулово
555740	Істринський район
555746	Істра
555774	Істобенськ
555794	Іссад
555950	Ішлеї
555962	Ішхой-Юрт
555977	Ішимбайський район
555980	Ішимбай
555984	Ішеєвка
555994	Іщерська
556044	Ісавици
556131	Іс
556170	Іркліївська
556199	Іргакли
556219	Ірафський район
556230	Іпатово
556268	Островний
556274	Інжавінський район
556279	Інзер
556280	Інзенський район
556283	Інза
556313	Інсарський район
556318	Інсар
556349	Інгушетія|Чечено-Інгуська Автономна Радянська Соціалістична Республіка
556383	Індустріальний район
556384	Індустріальний район
556462	Селище імені Воровського
556463	Імені Воровського
556480	Робітниче селище імені В. І. Леніна
556511	Селище імені Свердлова
556516	Робітниче селище імені Степана Разіна
556575	Селище імені Морозова
556858	Село імені Бабушкіна
556951	Ільський
556961	Іловля
556962	Іловлінський район
556967	Іловка
557055	Ілішевський район
557056	Ілішево
557100	Іллінське
557127	Іллінсько-Подомське
557129	Іллінський район
557276	Іллічево
557292	Ілліч
557316	Ілешево
557326	Ілецький район
557335	Ілекинська
557340	Ілек
557382	Ікша
557390	Ікряне
557391	Ікрянінський район
557412	Ікі-Бурульський район
557465	Ігринський район
557469	Ігра
557524	Ігнатово
557531	Ігнатовка
557562	Іглінський район
557563	Ігліно
557588	Ідриця
557618	Ічалківський район
557627	Ібресинський район
557628	Ібресі
557648	Иб
557657	Гжель
557704	Гвардійське
557706	Гвардєйське
557707	Гвардєйський район
557710	Гвардєйськ
557774	Гусь-Хрустальний район
557775	Гусь-Хрустальний
557841	Гусєвський район
557842	Гусевський
557865	Гусєво
557882	Гусєв
557904	Гурʼєвський район
557906	Гурʼєвськ
557977	Гунібський район
557979	Гуніб
557988	Кьонделен
558024	Гумбетівський район
558065	Гулькевицький район
558066	Гулькевичі
558082	Гуково
558115	Гудермеський район
558118	Гудермес
558135	Губська
558141	Губкінський район
558146	Губкін
558209	Губаха
558235	Грязовецький район
558236	Грязовець
558309	Грязінський район
558312	Грязі
558353	Грузини
558384	Грушевська
558385	Мартан-Чу
558418	Грозний
558419	Грозненський район
558487	Гривенська
558680	Григорово
558798	Грибановський район
558799	Грибановський
558885	Гремʼячинськ
558998	Гребенська
559034	Грайворон
559073	Грахово
559114	Грачевський район
559158	Грабово
559179	Гойти
559242	Гостилиці
559252	Гостагаєвська
559317	Гарячий Ключ
559320	Гарячеводський
559378	Горська
559400	Горшечне
559401	Горшеченський район
559455	Гороховецький район
559459	Гороховець
559474	Городовиковський район
559475	Городовиковськ
559542	Городня
559586	Городищенський район
559643	Городище
559654	Городище
559667	Городецький район
559678	Городець
559716	Горний Баликлей
559731	Горний
559736	Горний
559752	Горнозаводськ
559774	Гірськомарійський район
559838	Нижньогородська область
559853	Горки-2
559854	Горки Сухаревські
559862	Горки Ленінські
560074	Гориці
560191	Гордієвка
560255	Горбунки
560281	Горбатовка
560285	Горбатов
560325	Горагорський
560455	Гольйово
560465	Гольяново
560513	Голубицька
560646	Головіно
560674	Головчино
560756	Голіцино
560992	Глушковський район
560995	Глушкове
561146	Глубокий
561179	Глотовка
561211	Глінковський район
561240	Глиніщево
561251	Глебичево
561305	Глазуновський район
561313	Глазуновка
561347	Глазов
561387	Глафіровка
561459	Гирєєво
561462	Гирей
561472	Гімри
561501	Гігант
561504	Гідроторф
561514	Гіагінський район
561515	Гіагінська
561527	Гетьманська Буда
561534	Герзель-Аул
561549	Герменчук
561550	Герменчик
561559	Гергебільський район
561560	Гергебіль
561593	Георгієвське
561627	Георгієвськ
561667	Геленджик
561670	Гехі
561678	Гдовський район
561679	Гдов
561697	Гайський район
561698	Гайни
561701	Гайнський район
561707	Гай-Кодзор
561722	Гайдук
561731	Гай
561761	Гаврилов-Ямський район
561762	Гаврилів-Ям
561783	Гаврилів Посад
561784	Гаврилово-Посадський район
561883	Гатчинський район
561887	Гатчина
561999	Гарболово
562136	Галиці
562153	Галичина
562156	Галичський район
562161	Галич
562167	Галіакберово
562208	Гагинський район
562209	Гагино
562220	Гагарінський район
562221	Південно-Західний адміністративний округ
562237	Гагарін
562241	Гафурійський район
562245	Гаджиєво
562305	Фурмановський район
562309	Фурманов
562319	Фрязіно
562321	Фрязево
562322	Фряново
562330	Фрунзенський район
562331	Центральний адміністративний округ Москви
562360	Фроловський район
562389	Фролово
562413	Фролищі
562432	Фоєвичі
562450	Форносово
562565	Фокінський район
562572	Фокино
562573	Фокіно
562627	Фірово
562871	Ферзиковський район
562873	Ферзиково
562878	Фершампенуаз
562897	Феніно
562960	Федурново
563057	Федоровське
563084	Федоровський район
563299	Фатезький район
563300	Фатеж
563343	Фальонський район
563354	Факел
563395	Етока
563418	Ертильський район
563420	Ертиль
563428	Ерлекс
563453	Енколово
563461	Енгель-Юрт
563462	Енгельський район
563464	Енгельс
563471	Енергетик
563472	Енем
563481	Емаус
563495	Ельтон
563514	Еліста
563522	Електроуглі
563523	Електросталь
563524	Електрогорськ
563534	Ельбрус
563551	Екажево
563601	Джубга
563618	Джигинка
563623	Джейрах
563678	Джалка
563697	Дзержинський район
563698	Дзержинський район
563702	Дзержинський район
563705	Дзержинський
563708	Дзержинськ
563718	Дюртюлинський район
563719	Дюртюлі
563744	Дишне-Ведено
563792	Дилим
563803	Дидилдіно
563815	Дятловка
563821	Дятьковський район
563822	Дятьково
563880	Дягілєво
563949	Дворці
563990	Двинський
564013	Дуванський район
564022	Дуван
564048	Дурикіно
564063	Дурово
564189	Думініцький район
564191	Думіничі
564234	Духовщина
564241	Духовницьке
564249	Дугна
564343	Дубрівський район
564409	Дубровки
564414	Дубровка
564417	Дубровка
564487	Дубровка
564517	Дубровиці
564593	Дубовське
564599	Дубовський район
564654	Дубовка
564719	Дубна
564803	Дубьонський район
564805	Дубенський
564821	Дуба-Юрт
564829	Дубасово
564866	Дружна Горка
564878	Дружинино
564943	Дрожжанівський район
565007	Дрезна
565052	Дракіне
565108	Дощате
565197	Дорогомілово
565202	Дорогобуж
565285	Донське
565290	Донський
565348	Донецьк
565357	Дондуковська
565379	Домодєдовський міський округ
565381	Домодєдово
565407	Домбаровський
565453	Должанський район
565456	Должанська
565522	Довге Льодово
565604	Долгоруковський район
565611	Долгоруково
565614	Долгопрудний
565774	Добрятино
565775	Добрянський район
565778	Добрянка
565783	Добрунь
565791	Добре
565803	Добре
565805	Добровський район
565845	Добринський район
565857	Добринка
565885	Дно
565892	Дніпровська
565906	Дмитровське
565908	Дмитровськ
565909	Дмитровський район
565910	Дмитрівський район
565955	Дмитров
565980	Дмитрієвський район
566000	Дмитрієвська
566015	Дмитрієв-Льговський
566027	Дмитрієвка
566158	Дивногірʼя
566164	Дивеєвський район
566165	Дивеєво
566179	Дінський район
566181	Дінська
566199	Димитровград
566241	Дігорський район
566243	Дігора
566267	Дейське
566319	Дівиця
566363	Дєтчино
566384	Десногорськ
566433	Дерновка
566456	Дергачі
566528	Дербентський район
566532	Дербент
566628	Демʼянський район
566629	Демʼянськ
566635	Демьяново
566751	Демидов
566854	Дєдовськ
566867	Дедовицький район
566868	Дєдовичі
566891	Деденьово
566908	Дебьоси
566969	Давидівка
566981	Давидково
567004	Давлекановський район
567006	Давлеканово
567047	Даровський
567048	Даровський район
567082	Даргавс
567100	Данковський район
567109	Данков
567118	Даниловський район
567177	Даниловка
567183	Данилов
567227	Дальня Ігуменка
567241	Дальні Зеленці
567257	Дальнє Константиново
567266	Дальнеконстантиновський район
567284	Дахадаєвський район
567290	Дагестанські Огні
567293	Дагестан
567311	Дачне
567395	Чуваська Республіка
567426	Чусовський район
567434	Чусовий
567469	Чуровичі
567693	Чухломський район
567695	Чухлома
567768	Чудовський район
567774	Чудово
567835	Чубарово
567896	Щолково-3
567902	Чкаловськ
567920	Міська округа Фрязіно
567949	Чиверьово
567972	Чисте
567985	Чистопольський район
567990	Чистополь
568007	Чисмена
568012	Чишми
568013	Чишминський район
568085	Чірі-Юрт
568184	Чикола
568429	Чорткове
568464	Чорний Яр
568526	Чернишковський район
568527	Чернишковський
568533	Чернишевське
568584	Чернянський район
568587	Чернянка
568594	Черняховський район
568595	Черняховськ
568608	Чорнушка
568615	Чернуха
568620	Чернський район
568626	Чорноземельський район
568698	Чорноярський район
568785	Чорноморський
568797	Чорноісточинськ
568808	Чорноголовка
568822	Черницино
568954	Чорна Холуниця
569077	Чорне
569116	Чернь
569122	Чормоз
569129	Черменіно
569144	Черкізово
569154	Черкеськ
569170	Черкаське
569222	Череповецький район
569223	Череповець
569269	Черьомуський
569295	Черьомухово
569314	Черемшанський район
569338	Черемисиновський район
569339	Черемисиново
569358	Чердинський район
569359	Чердинь
569360	Чердакли
569361	Чердаклинський район
569406	Чепельово
569530	Чолхов
569578	Чекмагушевський район
569579	Чекмагуш
569587	Чеховський район
569591	Чехов
569615	Чекалін
569632	Чегем Другий
569634	Чегемський район
569665	Чечня
569666	Чечен-Аул
569696	Чебоксари
569698	Чебоксарський район
569742	Чайковський
569803	Частинський район
569892	Чародинський район
569929	Чаплигінський район
569934	Чаплигін
569955	Чапаєвськ
570002	Чамзинський район
570003	Чамзінка
570008	Чамлицька
570021	Чалтир
570049	Чакола
570082	Чагодощенський район
570086	Чагода
570158	Битош
570178	Бистре
570236	Билим
570251	Биковський район
570298	Биково
570315	Биково
570417	Бузуйки
570427	Бузулук
570454	Буздяцький район
570455	Буздяк
570472	Буйський район
570478	Буйнакський район
570479	Буйнакськ
570508	Буй
570560	Бутурлинський район
570561	Бутурлинівський район
570563	Бутурлинівка
570564	Бутурлино
570659	Бурзянський район
570785	Бурлацьке
570813	Бурібай
570827	Буревєстник
570867	Бураєвський район
570868	Бураєво
570922	Бунятіно
570990	Болгар
571000	Булгаково
571050	Булатниково
571131	Бухловка
571151	Буїнський район
571154	Буїнськ
571155	Буїнськ
571157	Бугурусланський район
571159	Бугуруслан
571167	Бугульминський район
571170	Бугульма
571204	Бугрино
571252	Будогощ
571296	Будьонновський район
571306	Будьонновськ
571419	Брюховецький район
571420	Брюховецька
571444	Брикові Гори
571467	Брянський район
571473	Брянська область
571476	Брянськ
571557	Бронниці
571633	Брейтовський район
571702	Братське
571745	Брасовський район
571881	Ботово
571887	Ботліхський район
571913	Борзой
571987	Борське
571988	Міський округ місто Бор
572058	Боровський район
572070	Боровськ
572153	Боровицький район
572154	Боровичі
572278	Бородіно
572391	Борисовський район
572474	Борисовка
572500	Борисовка
572506	Борисова Грива
572518	Борисоглебський район
572519	Борисоглєбський район
572525	Борисоглєбськ
572559	Боринське
572665	Бор
572706	Бамут
572749	Великий Зміїнець
572992	Великий Личак
573073	Великий Хомутець
573471	Велике Мурашкино
573550	Велике Кротово
573709	Велике Болдино
573922	Великі Вязьоми
574144	Великі Козли
574307	Болшево
574350	Большеустьікінське
574359	Великосолдатський район
574363	Большесельський район
574377	Большемурашкинський район
574395	Велике Каринське
574403	Великоігнатовський район
574426	Большеболдинський район
574428	Великоберезниківський район
574457	Юнда
574475	Велика Єкатеринівка
574898	Велика Лука
575070	Велика Іжора
575071	Велика Іжмора
575267	Большаково
575343	Болохово
575349	Бологе
575351	Бологовський район
575360	Болховський район
575409	Бокситогорський район
575410	Бокситогорськ
575411	Боковський район
575452	Богучарський район
575457	Богучар
575480	Боговарово
575488	Богослово
575522	Богородське
575536	Богородське
575549	Богородський район
575560	Богородськ
575585	Богородицький район
575591	Богородицьк
575609	Боголюбове
575756	Богате
575878	Бобровський район
575948	Бобров
576053	Ближньо-Пісочне
576080	Блечепсін
576116	Благовєщенськ
576124	Благоварський район
576147	Благодатне
576172	Благодарний
576176	Благодарненський район
576194	Біжбуляцький район
576195	Біжбуляк
576260	Бісерть
576316	Бірський район
576317	Бірськ
576351	Білімбай
576432	Бібірево
576558	Бежта
576565	Бежецький район
576566	Бежецьк
576572	Бєжаниці
576573	Бежаницький район
576587	Безенгі
576590	Безенчук
576626	Бетлиця
576654	Бессонівський район
576666	Бессоновка
576694	Бесленіївська
576697	Беслан
576699	Бескудниковський
576721	Бесіди
576754	Берново
577206	Березники
577240	Березник
577318	Березина
577375	Березайка
577380	Березанська
577403	Береславка
577450	Бердяуш
577454	Бердяш
577485	Бено-Юрт
577548	Білий Городок
577560	Білі Береги
577576	Білий
577630	Біляєвка
577653	Бєляніново
577673	Бєлушья Губа
577692	Більський район
577707	Бєлозерський район
577711	Бєлозерськ
577817	Біле
577820	Біловський район
577851	Бєлоусово
577856	Білоусово
577878	Бєлорєцький район
577881	Бєлорєцьк
577883	Іласхан-Юрт
577885	Бєлорєченський район
577892	Білоріченськ
577893	Бєлорєченськ
577907	Бєлоостров
577920	Бєломорський район
577922	Біломорськ
577939	Білохолуницький район
577943	Бєлокатайський район
577960	Білогірʼя
577983	Білоглинський район
578045	Бєлінський
578070	Бєлгородський район
578071	Бєлгородська область
578072	Бєлгород
578076	Белгатой
578084	Бельовський район
578091	Бєльов
578118	Белебеєвський район
578120	Белебей
578140	Біла Річка
578152	Біла Холуниця
578155	Біла Калитва
578169	Біла Глина
578230	Біла
578283	Бехтеєвка
578319	Бекасово
578326	Бєгуніци
578369	Спаськ
578372	Бедеєва Поляна
578461	Базарово
578465	Базарний Сизган
578466	Базарний Карабулак
578469	Базарно-Карабулацький район
578531	Баймацький район
578534	Баймак
578626	Байбаки
578638	Бавли
578639	Бавлинський район
578641	Бавлени
578658	Батиревський район
578659	Батирево
578675	Батуринська
578731	Батецький район
578732	Батецький
578740	Батайськ
578853	Башкортостан
578931	Бариш
578944	Барятинський район
578947	Барятине
578953	Барвиха
579132	Барда
579147	Барашево
579266	Баранчинський
579306	Банне
579368	Балтійський район
579379	Балтайський район
579381	Балтай
579382	Балтасинський район
579432	Балезино
579460	Балашов
579464	Балашиха
579492	Балаково
579496	Балакірево
579510	Балахнинський район
579514	Балахна
579529	Балабаново
579567	Баксанський район
579571	Баксаньонок
579574	Баксан
579728	Бакали
579731	Бакалинський район
579738	Бакал
579759	Багратіоновський район
579760	Багратіонівськ
579771	Багаєвська
579831	Бачі-Юрт
579834	Бабинінський район
579866	Північно-Східний адміністративний округ
579880	Бабугент
579998	Бабаюртівський район
579999	Бабаюрт
580002	Бабаєвський район
580006	Бабаєво
580048	Азовська
580054	Азов
580061	Азнакаєвський район
580062	Азнакаєво
580218	Автури
580222	Автово
580227	Авсюніно
580299	Авдон
580319	Авчурино
580352	Аушигер
580354	Аургазинський район
580367	Атюрʼєвський район
580368	Атюрʼєво
580372	Атяшевський район
580375	Атяшево
580419	Аткарський район
580420	Аткарськ
580426	Атіг
580432	Атемар
580453	Отаманська
580491	Астраханська область
580497	Астрахань
580545	Асиновська
580576	Аскінський район
580577	Аскіно
580597	Ашукіне
580616	Ашитково
580620	Ашинський район
580660	Аша
580674	Асекеєвський район
580676	Асекеєво
580688	Асаново
580716	Арзгір
580722	Арзамаський район
580724	Арзамас
580783	Арті
580846	Арський район
580850	Арськ
580867	Арсеньєвський район
580872	Арсеньєво
580881	Арсаки
580922	Армавір
580969	Архипо-Осипівка
580994	Музей-садиба Архангельське
581007	Архангельськ
581013	Архангельське
581021	Архангельське
581029	Архангельський район
581043	Архангельська область
581049	Архангельськ
581054	Шелоховська
581126	Аргун
581128	Аргудан
581175	Ардонський район
581178	Ардонь
581179	Ардон
581181	Ардатовський район
581182	Ардатовський район
581186	Ардатов
581187	Ардатов
581203	Арчедино-Чернушинський
581227	Арбазький район
581313	Апшеронськ
581321	Апрелєвка
581357	Апатити
581358	Апастовський район
581454	Антроповський район
581456	Антропово
581540	Антипівка
581585	Анопіно
581618	Аннинський район
581623	Аннино
581671	Анна
581823	Андроповський район
581928	Андрієвське
581989	Андреєво
582001	Андреєвка
582097	Ендірей
582104	Андреапольський район
582105	Андреаполь
582163	Анастасіївська
582164	Анастасієвка
582181	Анапська
582182	Анапа
582222	Амзя
582358	Алтухово
582362	Алтуд
582367	Альтієвський адміністративний округ
582383	Альшеєвський район
582422	Алнаський район
582423	Алнаші
582431	Альметьєвський район
582432	Альметьєвськ
582462	Аллерой
582490	Алхазурово
582491	Алхан-Юрт
582493	Алхан-Кала
582497	Алькеєвський район
582504	Алі-Юрт
582532	Аліковський район
582533	Аліково
582713	Алексинський район
582750	Алексин
582785	Алексєєвський район
582786	Алексєєвський район
582787	Алексєєвський район
582788	Алексєєвський район
582816	Алексєєвська
582817	Алексіївська
582854	Алексієвка
582956	Алексєєвка
582993	Александровське
582996	Александровський район
582997	Александровський район
582998	Александровський район
583034	Олександрівська
583039	Александровська
583047	Олександрово-Гайський район
583345	Олександрів Гай
583350	Александров
583382	Алекино
583435	Алатирський район
583437	Алатир
583472	Алакуртті
583478	Алагирський район
583509	Акʼяр
583511	Акушинський район
583512	Акуша
583573	Руський Акташ
583576	Актаниський район
583578	Актаниш
583581	Аксубаєвський район
583665	Аксайський район
583673	Аксай
583692	Аксаково
583731	Стара Аккермановка
583776	Ахвахський район
583781	Ахуново
583785	Охтирський
583791	Ахтинський район
583794	Ахти
583796	Ахтубінський район
583798	Ахтубінськ
583811	Ахтанізовська
583872	Ахлебиніно
583904	Акбулацький район
583973	Агвалі
583977	Агульський район
583978	Агризький район
583983	Агриз
583988	Агроном
584003	Агой
584048	Агаповський район
584051	Агаповка
584059	Агалатово
584104	Афонино
584126	Афіпський
584145	Афанасьєвський район
584189	Афанасово
584220	Адиге-Хабльський район
584221	Адиге-Хабль
584222	Адигея
584243	Адлер
584279	Адамовка
584297	Ачхой-Мартановський район
584298	Ачхой-Мартан
584306	Ачитський міський округ
584308	Ачит
584324	Абзеліловський район
584329	Абзаково
584365	Абрау-Дюрсо
584373	Абрамцево
584401	Абрамовка
584439	Абінський район
584441	Абінськ
584460	Абдулліно
584465	Абдулинський міський округ
584471	Абдуліно
584534	Абадзехська
611182	Васільєво
613273	Лебедин
616196	Старий Добротвір
616743	Дружківка
618835	Жидачів
686729	Василівка
686734	Сокирянський район
686762	Івано-Франкове	Янів
686803	Звенигородка
686812	Зуя
686818	Зугрес
686823	Зубринка	Зубринка
686827	Зубівщина	Зубівщина
686830	Зубівка
686847	Зозів
686849	Зороків
686852	Зоринськ
686863	Золотий Потік
686866	Золоте Поле
686868	Золоте
686871	Золотоніський район
686875	Золотоноша
686877	Золотники
686892	Золочівський район	Золочівський район
686893	Золочівський район	Золочівський район
686895	Золочів
686896	Золочів
686902	Зняцьово	Зняцеве
686911	Знамʼянський район	Знамʼянський район
686919	Знамʼянка
686928	Зміїв	Готвальд
686932	Злинка
686937	Злазне
686956	Зимогірʼя	Зимогірʼя|Черкаське|Черкаський Брід
686966	Житомирська область	Житомирщина
686967	Житомир	Жито́мир
686970	Жванець
686978	Журжевичі
686992	Журавно
687009	Журавка
687021	Жуляни
687036	Жуків
687049	Вергунський район	Жовтневий район
687050	Соборний район	Жовтневий район
687051	Покровський район	Жовтневий район
687052	Олександрівський район	Жовтневий район
687053	Центральний район	Жовтневий район
687055	Соломʼянський район	Соломʼянка
687065	Благодатне
687086	Квітневе	Жидівці|Жовтневе|Квітневе
687088	Єзупіль	Жовтень
687090	Петровірівка	Жовтень
687093	Жовква	Жулкев
687114	Жмеринський район
687116	Жмеринка
687124	Житомирський район	Житомирський район
687155	Заводське	Цукровий
687158	Жидачівський район
687191	Желябовка
687196	Жовті Води	Жовта Ріка
687231	Жденієво
687242	Жашківський район
687245	Жашків
687256	Стара Жадова
687277	Згурівка
687290	Зіньківський район
687292	Зіньків
687392	Зеленодольськ
687431	Здолбунівський район
687432	Здолбунів
687433	Здовбиця
687448	Зборівський район	Зборівщина
687449	Зборів
687453	Збаразький район	Збаражський район
687455	Збараж
687466	Заздрість
687503	Заводський район	Павло-Кічкас
687504	Заводський район
687510	Завидово
687526	Завалля	Завалля
687556	Кароліно-Бугаз	Кароліна-Бугаз
687557	Затока
687562	Затишшя
687575	Заставнівський район
687578	Заставна
687585	Зашків
687602	Камчик	Камчик
687618	Зарудинці	Зарудинці
687645	Заріччя
687646	Заріччя
687651	Зарічний район
687652	Зарічне	Погост Зарічний
687657	Зарічненський район	Зарічнянський район|Морочновський район|Морочнівський район
687699	Запорізька область
687700	Запоріжжя	Олександрівськ|Олександрівський посад
687726	Заозерне
687739	Чермалик
687747	Замостянський район
687787	Залізці	Заложці
687790	Залізний Порт
687793	Залізничний район
687796	Залізничне	20 -річчя Жовтня
687797	Залізничне
687824	Залісне
687826	Заліщики
687841	Закупне
687869	Закарпатська область
687872	Загвіздя
687901	Загнітків
687905	Загаття
687931	Зачепилівський район
687933	Зачепилівка
687965	Заболотів
687997	Південне	Південне|Южне
688052	Юрківка
688077	Юнаківка
688079	Юліївка	Юльївка
688105	Євпаторія	Євпато́рія|Евпаторія|Ґезлев
688127	Єрки
688148	Єнакієве	Єнакієво
688152	Ємилівка	Ємилівка
688153	Ємільчинський район	Емільчинський район
688154	Ємільчине	Ємільчино|Емільчине|Межирічка|Мільчин
688188	Єлизавето-Миколаївка	Єлизавето-Миколаївка
688191	Гайдамацьке
688220	Єланецький район
688284	Яворівський район
688288	Яворів
688342	Ясногородка
688361	Яськи
688365	Ясіня	Керешмез
688369	Ясинуватський район
688373	Ясинувата
688440	Ярмолинці
688442	Ярмолинецький район
688498	Ямпільський район	Ямпільський район
688499	Ямпільський район	Ямпільський район
688501	Ямпіль
688505	Ямпіль
688512	Ямниця	Гурко Стефанія
688531	Ялта	Ялта
688532	Ялта	Ялта
688533	Ялта
688586	Яготинський район
688587	Яготин
688600	Стара Ягільниця
688602	Ягільниця	Ягольниця
688618	Язловець	Язлівець|Язлівці
688625	Яблунів	Яблонів
688637	Яблуниця
688663	Вищетарасівка
688671	Висоцьк
688679	Високе
688689	Високопілля	Кронау
688690	Високопільський район	Фріц-Геккертівський район
688696	Високий
688717	Вишково
688721	Вишгородський район
688723	Вишгород
688724	Вишевичі
688746	Виноградів	Севлюш
688749	Вилок
688750	Вилкове	Вилково|Вілкове|Вілково
688758	Вигурівщина-Троєщина	Вигурівщина|Вигурівщина Троєщина|Виґурівщина|Виґурівщина Троєщина|Виґурівщина-Троєщина|Троєщина
688768	Вигода
688805	Введенка
688846	Врадіївка	Велика Врадіївка
688847	Врадіївський район
688857	Вознесенський район
688860	Вознесенськ
688865	Вознесенка
688878	Воютичі
688896	Войнилів
688904	Катирлез	Во́йкове|Кидирлез
688907	Благодарівка
688952	Восход	Джемієт
688956	Ворзель	Кичеєве
688961	Ворожба
688968	Ворошиловський район	Ворошиловський район Донецька|Ворошилівський район
689003	Вороновиця
689006	Воронове	Воронове
689017	Вороньків
689036	Ворокомле
689037	Ворохта
689064	Волинська область	Волинська обл.
689104	Воловецький район
689106	Воловець
689119	Волоська Балаклія
689144	Волока
689151	Микільське	Володарське|Микільське|Нікольське|Старомикільске|Хутір Гладкий
689152	Хорошівський район	Володарськ-Волинський район|Володарський район|Володарсько-Волинський район|Кутузівський район
689154	Нікольський район	Володарський район
689157	Володарка	Володарев
689158	Волочиський район
689159	Волочиськ
689180	Вільнянський район	Червоноармійський район
689190	Просяна
689196	Волноваський район
689198	Волноваха
689200	Вільногірськ
689301	Вовчанський район
689302	Вовчанські Хутори
689304	Вовчанськ
689307	Воїнка	Воїнка
689321	Водяне	Водяне
689330	Водяна Балка
689370	Владівка	Владівка
689377	Володимир-Волинський район
689378	Володимир	Володимир-Волинський
689427	Володимирецький район
689428	Володимирець
689431	Визирка
689434	Вижниця
689457	Витачів
689487	Вишневе	Вишневе
689488	Вишневе
689500	Вишнівчик
689501	Вишнівчик
689530	Виноградівський район
689531	Виноградове	Чалбаси
689532	Виноградове
689543	Виноградівка
689555	Виноград
689558	Вінниця
689559	Вінницька область	Брацлавщина|Віниччина|Вінницької області|Вінницькій області|Вінничина|Вінниччина|Поділля|Східне Поділля
689560	Вінницький район
689564	Винники
689568	Віньковецький район	Затонський район
689595	Віліне
689717	Веселинове
689736	Веселе	Нововесела
689742	Веселівський район
689751	Веселинівський район
689757	Весела Тарасівка
689800	Віролюбівка
689808	Верхівцеве
689811	Верхівня
689814	Верховинський район
689817	Верховина	Жабʼє
689830	Верхня Сироватка
689834	Верхня Рожанка
689846	Верхня Краснянка
689854	Верхня Білка
689857	Верхнячка	Яворовець
689860	Верхній Ясенів	Ясенів Горішній
689864	Верхній Студений
689868	Верхній Рогачик
689891	Верхнє Водяне
689892	Верхнє Синьовидне	Синевідсько Вижне
689906	Верхньорогачицький район
689914	Верхньодніпровський район	Верхнє-Дніпровський район
689916	Верхньодніпровськ
689940	Верещиця
689945	Веренчанка
689965	Вербове
689993	Вербляни
690009	Вербівка
690032	Вендичани
690035	Великоплоске	Великоплоске
690038	Велика Михайлівка
690040	Великий Бичків
690059	Велике Мішкове	Велике Мішкове
690066	Велика Вісь
690074	Великописарівський район
690075	Великоновосілківський район	Великоянисольський район
690076	Великомихайлівський район	Велико-Михайлівський район
690078	Великолепетиський район
690082	Великодолинське	Аккарж|Велика Акаржа|Велика Аккаржа|Велика Вокаржа|Грос-Лібенталь|Грослібенталь|Ґрос-Лібенталь
690083	Великобурлуцький район
690085	Великоберезнянський район
690086	Великобагачанський район	Велико-Багачанський район|Велико-Богацький район
690089	Великоолександрівський район
690106	Великий Раковець
690132	Великий Ключів
690147	Великі Сорочинці	Вели́кі Соро́чинці
690155	Великі Мости
690158	Великі Лучки	Nagylucska
690163	Великі Кринки	Великі Кринки
690164	Великі Коровинці
690165	Великі Копані
690169	Великі Канівці
690184	Великі Бірки
690189	Великий Дальник
690193	Великий Бурлук
690197	Великий Березний	Nagyberezna
690203	Велика Знамʼянка	Велика Знамʼянка
690208	Велика Виска	Виське
690230	Велика Писарівка
690231	Велика Павлівка
690247	Велика Лепетиха
690253	Велика Копаня
690266	Велика Димерка
690267	Велика Добронь
690273	Велика Бурімка
690281	Велика Білозерка
690285	Велика Багачка	Багачка
690288	Велика Олександрівка	Велика Олександрівка
690312	Багачеве
690335	Васищеве	Дмитрівське
690337	Василівський район
690348	Василівка
690395	Василівка
690396	Василівка
690405	Васильківський район	Васильківський район
690406	Васильківський район
690412	Васильків
690428	Вашківці
690434	Вари
690435	Варвинський район
690469	Варва
690485	Вапнярка
690506	Валківський район
690509	Валки
690524	Боково-Хрустальне	Вахрушеве
690544	Батьово	Батьу|Узлове
690545	Узин	Темберщина|Узениця
690548	Ужгород	Унґвар
690549	Ужгородський район
690556	Уютне
690571	Утківка
690579	Устя-Зелене
690595	Устинівський район
690600	Устинівка
690604	Устилуг
690610	Усть-Чорна
690615	Лазарівка
690617	Успенівка
690629	Успенка	Успенка
690630	Успенка
690648	Усатове	Усатове
690650	Урич
690673	Урало-Кавказ
690679	Нижні Петрівці
690680	Уніж
690686	Уманський район
690688	Умань	Гумань
690691	Благовіщенський район	Грушківський район|Данилівський район|Ульяновський район
690713	Благовіщенське	Грушківський висілок|Ульяновка
690745	Уличне
690756	Уланів
690771	Українськ
690773	Українка	Українка
690789	Українка	Курци|Курчи|Українка
690804	Угринів
690814	Угнів
690816	Угля	Уґля
690819	Партизанське
690820	Углове	Аджи-Болат
690822	Вуглегірськ	Хацапетівка|Хацепетівка
690823	Вугледар
690845	Колодязне
690854	Тиврівський район
690855	Тиврів
690871	Тисменицький район	Івано-Франківський район
690873	Тисмениця
690875	Тисменичани
690890	Тинне
690896	Десна
690904	Тячівський район
690906	Тячів	Течеу-Мік|Тячево
690908	Твіржа
690933	Турʼя Пасіка
690957	Турківський район
690960	Турка
690962	Турійський район
690985	Турбів
691015	Тульчинський район
691016	Тульчин
691019	Тухля
691035	Олешківський район	Цюрупинський район
691051	Цибулівка
691052	Циблі
691062	Цвіткове
691084	Циркуни
691096	Цибулеве	Цибулів
691097	Цибулів	Сорочин
691105	Цетуля
691126	Центральний район
691130	Центрально-Міський район	Центральноміський район
691131	Центрально-Міський район	Центральноміський район
691132	Центрально-Міський район
691154	Царичанський район
691155	Царичанка
691179	Трускавець
691189	Труд-Куток
691251	Тростянецький район	Тростянецький район
691252	Тростянецький район	Тростянецький район
691255	Тростянець
691294	Троїцький район	Троїцький район
691305	Трипілля
691331	Трьохізбенка	Трьохізбенка
691336	Требухів	Требухів
691355	Тошківка
691365	Торканівка
691374	Чистякове	Торез
691384	Топори
691393	Тополі
691420	Томашпільський район
691422	Томашпіль
691428	Томашгород
691431	Томаківський район
691435	Томаківка
691444	Товсте	Тлусте
691467	Токмацький район	Велико-Токмацький район|Великотокмацький район
691469	Токмак	Великий Токмак
691495	Тлумацький район	Тлумачський район
691497	Тлумач	Товмач
691506	Тисів
691510	Тишківка	Тишківка
691526	Тимошівка
691536	Тимченки
691540	Тимки
691577	Тетіївський район
691578	Тетіїв	Тимошня
691603	Терпіння
691606	Терни	Терни
691628	Тернівка	Тернівка
691639	Тернувате
691648	Тернопільський район
691649	Тернопільська область	Тарнопольська область|Тарнопільська область|Тернопільщина
691650	Тернопіль	Ternopilʼ|Тарнополь|Тарнопіль|Тернополь
691663	Тересва
691685	Теремки	Теремки-1|Теремки-2|Теремки-3|Теремки-I|Теремки-II|Теремки-III
691692	Теребовлянський район	Теребовлянщина|Трембовлянський район
691693	Теребовля	Теребовель|Теребовль|Трембовля
691705	Ірміно	Ірміне|Петрівка|Теплогорськ|Теплогірськ
691707	Теплицький район
691708	Теплик
691713	Теофіпольський район
691715	Теофіполь
691740	Бойківський район	Тельманівський район
691741	Бойківське
691803	Татарбунари
691804	Татарбунарський район
691820	Бессарабське	Тарутине
691821	Тарутинський район
691823	Таратутине
691863	Тарасівка
691902	Таращанський район
691904	Тараща
691915	Тараканів
691920	Сари-Баш
691934	Талове
691936	Тальне
691937	Тальнівський район
691941	Талалаївський район	Великобубнівський район
691943	Талалаївка
691999	Сіверськодонецьк	Сєверодонецьк
692006	Сичавка	Ізмаїлівка|Олександрівка|Тишковка|село імені лейтенанта Шмідта
692008	Сянки
692016	Святогірськ	Банно-Тетянівка|Святогі́рськ|Святогірське
692036	Свобода
692039	Світязь
692043	Дружба
692052	Свірж
692086	Світловодський район	Кремгесівський район|Ново-Георгіївський район|Новогеоргіївський район
692087	Світловодськ	Кремгес|Табурище|Хрущов
692093	Світлодарськ
692095	Світличне
692102	Свеса
692105	Довжанськ	Свердловськ
692117	Сватівський район
692118	Сватове	Новокатеринослав|Сватова Лучка
692122	Сваричів	Сваричів
692126	Свалявський район
692129	Свалява
692135	Центральний район	Суворовський район
692136	Пересипський район	Суворовський район
692138	Катлабуг	Катлабуг|Суворове
692146	Сутиски
692150	Суслівці
692152	Сусково
692158	Сушки
692175	Сурсько-Михайлівка
692194	Суми	Су́ми
692195	Сумський район	Сумський район
692196	Сумська область	Сумщина
692233	Суховоля	Суховоля
692254	Суходільськ	Верхньодуванне|Верхнє-Дуванне|Дуванне
692301	Судова Вишня
692315	Судак	Судак
692316	Сучевени
692317	Суботці
692352	Студенок
692369	Стрийський район	Стрийщина
692372	Стрий
692410	Строгонівка
692433	Стрільцівка
692465	Страбичово
692468	Стіжківське
692485	Сторожниця
692486	Сторожинецький район
692487	Сторожинець
692531	Стецева
692534	Стерегуще
692561	Степне	Степне )
692577	Степанівка
692580	Степанівка
692604	Степанівка	Степанівка [ред. • ред. код] М
692615	Степань
692632	Стебник
692637	Стеблівка	Салдобош
692638	Стеблів
692644	Стайки
692648	Ставрове
692671	Ставищенський район
692674	Ставище
692702	Старий Самбір	Staryi Sambir
692703	Старий Салтів
692709	Старий Мерчик
692713	Старий Крим	Старий Крим
692714	Старий Крим
692719	Клесів
692727	Старі Яриловичі	Старе Село
692737	Старі Петрівці
692741	Старі Маяки
692742	Старі Кути
692749	Старі Богородчани
692757	Чарторийськ	Старий Чорторийськ|Чорторийськ
692775	Старе Село
692779	Старе Давидково
692783	Старовижівський район	Седлищенський район|Седлищівський район
692790	Старосинявський район
692802	Старосамбірський район
692816	Старокостянтинівський район	Старо-Костянтинівський район
692818	Старокостянтинів	Старий Костянтинів|Старкон
692819	Старокозаче
692823	Староміський район
692827	Старобогданівка
692828	Старобешівський район
692829	Старобешеве	Бешеве|Старо-Бешів
692830	Старобільський район
692832	Старобільськ	Старобельськ|Старобільське
692844	Старичі	Старичі
692856	Стара Вижівка	Вижба|Стара Вижва
692860	Стара Ушиця	Ушиця
692866	Стара Синява
692872	Стара Рафалівка
692881	Стара Некрасівка
692944	Станіслав	Станіслав
692953	Станиця Луганська	Городок Луганський|Станично-Луганське
692954	Станично-Луганський район
692975	Кадіївка	Серго|Стаханов|Стаханів|Шубінка
693001	Середнє Водяне
693002	Середнє	Середнє
693009	Срібнянський район
693010	Срібне
693028	Спаське
693044	Спас
693057	Ханжонківський район	Радянський район|Совєтський район
693058	Совєтський район	Совєтський район
693078	Соснове	Людвипіль|Соснове
693099	Сосницький район
693100	Сосниця
693176	Солотвино
693178	Солотвин	Краснополь|Солотвина
693181	Солонянський район
693193	Солонка
693194	Солоницівка	Сінолицівка
693208	Солоха
693218	Сонячногірське
693226	Солоне Озеро
693231	Солоне	Новоселівка
693272	Соколине
693284	Сокиряни	Секурени|Секуряни
693285	Сокирниця	Сокирниця
693300	Сокальський район
693301	Сокаль
693303	Софіївський район
693325	Софіївка	Софіївка
693354	Соболівка
693362	Снятинський район
693365	Снятин
693377	Снігурівський район
693379	Снігурівка
693381	Сніжне	Сніжне́
693453	Смілянський район
693457	Сміла
693468	Словʼянськ	Словʼянське|Словенськ|Солеванськ|Тавр|Тор
693469	Словʼяносербськ
693472	Словечне
693510	Слобідка	Слобідка
693546	Слобода
693572	Словʼянський район
693575	Словʼяносербський район	Словʼяносербський район
693580	Славутський район
693581	Славута	Slavuta|Славутин
693582	Славсько	Славське
693598	Слатине
693613	Сквирський район
693615	Сквира
693657	Сколівський район	Сколiвщина
693658	Сколе
693679	Східниця
693684	Скелівка
693700	Скалат
693701	Скала-Подільська	Скала|Скала-над-Збручем
693707	Скадовський район
693709	Скадовськ
693789	Синевирська Поляна
693791	Синевир	Синевир
693793	Синельниківський район
693796	Синельникове
693803	Сімферопольський район
693805	Сімферополь	Ак-Мечеть|Акмесджит|Акмєсджит|Симферополь|Симферопіль|Сімферопіль
693809	Сімеїз
693871	Шумський район	Шумщина
693913	Шрамківка
693915	Шпильчина
693918	Шполянський район
693920	Шпола
693923	Шпиків
693939	Шосткинський район
693942	Шостка	Шосткінська міська рада
693953	Шолохове
693995	Шкло
694009	Шишацький район
694013	Шишаки
694015	Ширяївський район
694016	Ширяєве
694023	Широке
694025	Широке
694034	Широківський район
694036	Широколанівка	Карла Лібкнехта|Ландава|Ландау
694073	Шипинці
694119	Шевченківський район
694120	Шевченківський район	Шевченківський район
694121	Шевченківський район	Шевченківський район
694137	Шевченкове
694140	Шевченкове	Керелівка|Кирилівка
694148	Шевченкове	Шевченкове
694152	Шевченкове	Шевченкове
694198	Шешори	Шешори
694213	Шепетівський район	Судилківський район
694216	Шепетівка
694266	Щурове
694271	Сновський район	Щорський район|Щорсівський район
694273	Сновськ	Щорс
694278	Щирець
694290	Щербинівка
694320	Щебетовка	Отузи|Щебетівка
694333	Шацьк	Шацьке|Шечко
694349	Шаргородський район
694350	Шаргород
694369	Шалигине
694376	Шаланки
694377	Шахтне
694380	Шахтарський район
694382	Шахтарськ	Катик|Шахтарське
694392	Шабо
694403	Сіверськ	Яма
694423	Севастополь	Ахтіар|Севастопіль
694427	Серпневе
694467	Сергіївка
694488	Середино-Будський район
694491	Середина-Буда
694494	Серебрянка	Сріблянка
694498	Серебрія
694548	Сенча
694558	Семиполки	Семиполки
694579	Сімейкине
694586	Семенівський район	Семенівський район
694587	Семенівський район	Семенівський район
694590	Семенівка
694603	Семенівка	Семенівка|Семенівка (Семенівський район
694620	Семенівка
694677	Селидове
694691	Сілець
694712	Сєдове	Крива Коса
694715	Седнів
694725	Щастя
694744	Савранський район
694745	Саврань
694750	Савинці	Савинці
694752	Савинці
694771	Сатанів
694789	Сари
694792	Сарни
694800	Сарненський район
694810	Саратський район
694812	Сарата
694863	Самбірський район
694864	Самбір
694867	Самари
694905	Сакський район
694907	Саксаганський район
694910	Саки	Саки
694917	Сахновщинський район
694919	Сахновщина
694934	Саджавка
694981	Сад
694992	Ржищів	Ржищев
695019	Рильськ
695026	Рихтичі
695052	Рибаківка
695053	Рибаче
695055	Ряська	Ряське
695061	Ряснопіль	Царегол|Ґіжицьке
695079	Ружинський район
695082	Ружин
695103	Русько-Орлівка	Русько-Орлівка
695104	Руська Поляна
695205	Рудно	Рудне
695221	Рудки
695274	Рубіжне
695298	Розвадів
695304	Розівка
695312	Рожнятівський район
695315	Рожнятів	Рожнітів
695320	Рожнів
695325	Рожищенський район
695326	Рожище
695334	Нове Поле
695342	Розділ
695344	Роздільна
695365	Рівне
695379	Ровеньки	Рівеньки
695402	Розтока
695439	Розкішна
695441	Розкішне
695459	Ропча
695463	Ромодан
695464	Ромни	Ромен
695466	Роменський район	Засульський район
695515	Рокосово
695516	Рокитне
695517	Рокитнівський район
695521	Рокитне	Рокитне
695558	Рогатинський район
695559	Рогатин
695561	Рогань	Велика Рогань
695569	Рогачі
695574	Родникове
695581	Родинське
695584	Родатичі
695592	Рівненська область	Ровенська область|Рівенщина|Рівненщина
695594	Рівне	Rivne|Ровно|Рівно
695619	Зоряне	Зоряне
695640	Решетилівський район
695643	Решетилівка
695651	Ріпкинський район
695653	Ріпки
695670	Рені
695695	Річки
695697	Річки
695699	Річка	Річка
695740	Роздольне
695741	Роздольненський район	Ак-Шеіський|Акшеїський
695745	Роздільнянський район	Роздільнянський район
695775	Рай
695781	Рава-Руська
695788	Ратнівський район	Ратновський район
695789	Ратне
695798	Розсипне
695821	Ралівка
695826	Раків Ліс
695834	Раковець
695844	Ракошино
695847	Рокитнянський район
695857	Рахівський район
695859	Рахів
695872	Рафалівка
695881	Франківський район	Франківський район
695911	Радомишльський район
695912	Радомишль	Радомисль
695933	Радехівський район
695935	Радехів
695937	Радча
695964	Пʼятихатський район	Саксаганський район
695965	Пʼятихатки
695970	Пʼятихатка
696006	Путивльський район
696008	Путивль	Путивель
696009	Путильський район
696017	Путила
696032	Пустомити
696033	Пустомитівський район	Сокольницький район
696050	Пуща-Водиця	Пуща Водиця
696061	Пуків
696127	Прудянка
696170	Пролетарський район	Пролетарський район Донецька
696200	Дяківці
696204	Приютівка
696218	Привілля
696231	Привільне
696262	Пришиб
696275	Приозерне
696280	Сартана	Приморське
696285	Приморський район
696286	Приморський район	Приморський район|Приморський район Одеси
696287	Приморський район	Приморський район
696292	Приморськ	Ногайськ
696294	Прилуцький район
696300	Прилісне
696302	Приколотне
696315	Придніпровський район
696333	Приазовський район
696336	Привороки
696348	Преображенка
696366	Стара Миколаївка
696377	Позняки
696399	Півче
696426	Потелич
696478	Порошково	Порошкове
696483	Пороги
696504	Попівці
696517	Попівка	Попівка
696526	Попівка
696539	Попівка
696556	Попільнянський район
696557	Попільня
696559	Попельнасте
696564	Попаснянський район	Лисичанський район
696566	Попасна	Імені Л. М. Кагановича
696575	Понизівка
696576	Понінка
696581	Помічна
696582	Поморяни|Поморянський замок	Замок в Поморянах
696602	Полянка
696605	Поляниця	Паляниця
696611	Поляна
696626	Полтва
696629	Полтавський район
696634	Полтавська область	Полтавщина
696643	Полтава
696659	Полонський район
696660	Полонне
696670	Пологівський район
696677	Пологи	Чубарівка
696707	Поліський район	Кагановицький район|Кагановичський район|Хабенський район|Хабнянський район
696718	Покровське
696738	Покровка
696741	Покровський район	Покровський район
696743	Покотилівка
696760	Погреби
696769	Погребищенський район
696771	Погребище
696800	Підріччя
696822	Підволочиський район	Підволочищина
696823	Підволочиськ
696824	Підвиноградів
696872	Подільський район
696877	Поділ
696881	Подобовець
696928	Підкамінь
696938	Підгірці
696943	Підгороднє	Підгороднє
696948	Підгородна	Підгородня
696966	Підгайці
696989	Підбуж
697006	Почаїв	Почаєв
697018	Побузьке
697035	Пнікут
697036	Пнівне
697038	Пнів
697115	Плавні
697124	Коктебель
697126	Плахтіївка
697135	Південне	Південне
697158	Піща
697164	Писарівщина
697182	Пирятинський район
697183	Пирятин
697230	Пилипець
697273	Петрівське
697287	Петровський район	Петрівський район
697288	Петрівський район
697325	Петрове	Петрове
697327	Пийтерфолво
697409	Петропілля
697410	Петропілля	Іванівка
697411	Петропілля
697414	Петропавлівський район
697418	Петропавлівська Борщагівка
697423	Петропавлівка
697450	Курісове	Курісо-Покровське|Курісово-Покровське|Петровське|Петрівка|Покровське
697455	Петриківка
697457	Петриків
697473	Петранка	Петранка
697516	Піщанський район
697530	Піщане	Піщане
697543	Піщана
697568	Первомайське	Джурчи
697570	Первомайський район	Первомайський район
697571	Первомайський район	Первомайський район
697572	Первомайський район	Первомайський район
697576	Златопіль	Лихачове|Первомайський
697592	Сокологірськ	Первомайка|Первомайськ|Петро-Марʼївка
697593	Первомайськ	Богопіль|Голта|Ольвіополь|Орлик|Первомайськ|Первомайськ-на-Бузі
697602	Миколаївка Перша
697606	Першотравневий район
697608	Кварцитне
697613	Мангуш
697614	Вишневе	Гасан-Аспага|Гасани|Першотравневе|Хасан-Аспага
697616	Шахтарське	Першотравенськ
697636	Переяслав-Хмельницький район	Переяславський район
697637	Переяслав	Переяслав-Хмельницький|Переяславль|Переяславль Південний|Переяславль Руський|Славія
697649	Перевальський район	Алчевський район|Ворошиловський район|Комунарський район
697650	Перевальськ
697653	Перевальне	Ангара
697671	Перещепине
697676	Пересічне	Пересічна
697692	Перемишляни
697693	Перемишлянський район
697729	Перекоп
697739	Перегонівка
697741	Перегінське	Перегінськ
697749	Перечинський район
697750	Перечин
697796	Печерський район
697802	Печеніжин
697803	Печеніги	Новобєлгород
697815	Паволоч	Поволоч
697817	Павлиш
697839	Павлівка	Тарабанівка
697841	Павлівка
697888	Павлоградський район
697889	Павлоград
697945	Пасічна
697953	Парутине	Іллінське|Парутин
697957	Рикове	Партизани
697960	Прохладне
698003	Лиманівка
698008	Пантаївка
698023	Панка
698092	Великі Озера	Великі Озера
698102	Озерне	Озерне
698107	Озерне
698110	Озерна	Єзерна
698129	Овруцький район
698131	Овруч	Вручий
698134	Овочеве
698136	Овідіопольський район
698138	Овідіополь
698142	Отинія	Балабанів|Отиня
698232	Острог	Острог Великий|Остріг
698235	Остриця
698247	Остер	Остер
698283	Осокорки
698316	Осипенко	Новоспасівка
698344	Оржицький район
698346	Оржиця	Оржиця
698347	Оржів	Оржівські хутори
698408	Оріхівський район
698428	Оріхів
698430	Ореанда
698431	Індустріальний район	Індустріальний район|Орджонікідзевський район
698432	Вознесенівський район	Орджонікідзевський район
698433	Лівобережний район	Орджонікідзевський район Маріуполя
698436	Покров	Орджонікідзе
698438	Кайгадор	Кайдагор|Орджонікідзе
698447	Оратівський район
698450	Оратів
698460	Опришки
698462	Опішня	Опішне
698477	Онуфріївський район	Онопріївський район
698479	Онуфріївка	Онуфрієвка
698483	Оноківці
698502	Олика
698510	Ольшанське
698511	Вільшанський район
698523	Вільшанка	Вільшанка
698534	Вільшана	Вільшана
698543	Вільхівці
698562	Вільхуватка
698570	Олишівка
698596	Олевський район
698597	Олевськ
698598	Олесько
698599	Олеськ
698606	Олешник
698625	Олександрія
698627	Олександрівка
698651	Вулиця Братів Зосим
698654	Новобаварський район	Жовтневий район
698655	Шевченківський район	Жовтневий район|Октябрський район
698690	Охотське
698738	Одеська область	Одеський регіон|Одещина
698740	Одеса	Качубіїв|Хаджибей
698765	Очаківський район
698770	Очаків	Дашів
698777	Обухівський район
698782	Обухів
698790	Оброшине	Оброшин|Оброшино
698803	Оболонь
698807	Ободівка
698825	Обертин
698832	Обава
698837	Нирків
698840	Нуйно
698852	Новий Яричів
698861	Новий Світ
698866	Новий Світ
698869	Новий Стародуб	Овнянка
698921	Нові Трояни
698927	Нові Санжари	Нові Сенжари
698929	Нові Петрівці
698943	Нові Білокоровичі
698953	Новий Буг	Куца Балка|Новопавлівка|Семенівка
698978	Новозаводський район
698981	Новоюрʼївка
698993	Берегуйфалу
698996	Нове Місто
699015	Нове Давидково
699033	Нововоронцовський район
699034	Нововоронцовка
699035	Нововолинськ
699041	Нововодолазький район
699061	Нововасилівка
699067	Новоушицький район
699072	Отарчик	Новоульянoвка
699073	Новоукраїнський район
699076	Варяж
699078	Новоукраїнка	Павлівськ
699101	Новотроїцький район
699179	Новоселівське
699266	Новоселицький район
699272	Новоселиця
699285	Новоселиця
699293	Новосанжарський район
699310	Новопсковський район
699311	Айдар	Айдар|Новопсков
699320	Новополтавка
699328	Новопокровка
699329	Новопокровка
699373	Новопавлівка
699391	Нововідрадне
699395	Новоодеський район
699402	Новомиколаївський район	Ново-Миколаївський район
699410	Новомиколаївка
699413	Новомиколаївка
699415	Новомиколаївка
699442	Новомосковський район
699445	Самар	Новомосковськ|Новоселиця|Самарчик|Самарь
699451	Новомиргородський район	Новомиргородщина
699453	Новомиргород	Новий Миргород|Ново-Миргород|Тресяги|Трисяги
699500	Новокрасне
699548	Новоіванівка
699553	Звягель	Возвягель|Звʼягель|Новгород-Волинський|Новоград-Волинський
699557	Новогродівка
699587	Новоград-Волинський район	Новоград-Волинський район
699607	Новофедорівка
699615	Новодружеськ
699620	Новодністровськ
699650	Новобузький район
699657	Новобогданівка
699674	Новоазовський район	Будьоннівський район
699675	Новоазовськ
699676	Новоайдарський район
699677	Новоайдар	Гайдарь|Новий Айдар
699680	Новоархангельськ	Новоархангельське
699682	Новоархангельський район
699706	Новоолексіївка
699746	Новиця	Новиця
699751	Нью-Йорк	Новгородське
699752	Новгород-Сіверський район
699753	Новгород-Сіверський	Но́вгород-Сі́верський
699754	Новгородківський район
699756	Камʼянець
699761	Нове Місто
699777	Нова Водолага
699790	Нова Слобода
699802	Нова Прага	Мурзинка
699809	Нова Оржиця
699811	Нова Одеса
699823	Нова Маячка
699839	Нова Каховка
699843	Нова Іванівка
699852	Новогригорівка
699875	Нові Червища
699882	Нова Борова	Борова Рудня
699887	Нова Басань
699899	Нова Ушиця	Літнівці
699915	Носівський район
699917	Носівка	Носівське староство
699933	Низи	Низи
699942	Ніжин	Ніжен
699956	Нижня Кринка
699963	Нижня Дуванка
699986	Нижні Сірогози
700002	Нижнє Селище	Нижнє Селище
700012	Нижньосірогозький район
700018	Нижньогірський район
700019	Нижньогірський	Сеїтлер
700049	Нікопольський район	Чкаловський район
700051	Нікополь	Микитин Перевіз|Микитин Ріг|Микитине|Словʼянськ|Словенськ
700082	Миколаївський район	Миколаївський район
700083	Миколаївський район	Миколаївський район
700084	Миколаївський район	Миколаївський район
700131	Миколаївка
700159	Миколаївка
700175	Миколаївка	Калаглія
700191	Микитівський район	Микитівський район
700218	Ніжинський район
700250	Невицьке
700261	Нетішин
700276	Жовківський район	Жолкевський район|Нестеровський район
700286	Нещеретове
700292	Нерубайське
700295	Нересниця
700316	Немирівський район
700321	Немирів
700322	Немирів
700341	Неліпино
700370	Недригайлівський район
700371	Недригайлів
700373	Недогарки
700391	Небилів	Небилів
700410	Наварія	Наварійське озеро
700416	Научний	Наукове
700445	Народицький район
700446	Народичі
700468	Нахімовський район
700487	Нагірне
700505	Надвірнянський район	Надворнянський район
700507	Надвірна
700513	Надлак
700550	Казантип|Мисове
700551	Щолкіне
700567	Миколаївська область	Миколаївщина
700568	Миколаїв	Миколаїв
700569	Миколаїв
700606	Муровані Курилівці	Мур Кур|Мур. Кур.
700607	Муроване
700608	Мурованокуриловецький район	Мур Кур район|Мур.-Кур. район|Муровано-Куриловецький район
700644	Мукачівський район
700646	Мукачево	Mukacheve|Мукачеве|Мукачів
700693	Мостиський район
700696	Мостиська
700700	Моспине
700708	Голосіївський район
700709	Салтівський район	Московський район|Салтівський район|Салтівський район Харкова|Сталінський район
700730	Мошни	Дудницьке
700737	Мощена
700750	Морське	Морське
700753	Моршин
700770	Морозів
700792	Монастириський район	Монастирищина
700793	Монастириська	Монастириськ
700794	Монастирищенський район	Монастирищівський район
700796	Монастирище
700829	Отаманівка	Молодогвардійськ
700831	Молодія
700834	Молодіжне
700848	Молочанськ	Гальбштадт
700918	Могилів-Подільський
700964	Млинів	Млинівські макарони|Муравиця
700967	Мліїв
700974	Мізоч
700977	Міусинськ
700997	Місхор
701010	Мирівка
701020	Миропілля
701031	Миронівка
701057	Мирний
701063	Мирне
701072	Миргородський район
701075	Миргород	Myrhorod|Місто-курорт Миргород
701078	Оболонський район
701091	Минай
701104	Мілове
701119	Микулинці	Микулинці
701147	Михайлівський район
701233	Михайлівка
701243	Михайлівка
701273	Михальча
701274	Мигове	Myhove
701275	Петрашівка
701276	Мигія	Мегея
701286	Міжводне
701291	Великі Межирічі	Великі Межиричі|Межиріч Корецький
701294	Чудей
701299	Міжгірʼя	Волове
701301	Міжгірський район	Міжгірщина
701305	Межова
701313	Мезенівка
701320	Метьолкіне|Метьолчине	Метьолкіне
701327	Мішково-Погорілове
701347	Мерефа
701354	Менський район
701360	Олексіївка	Мендиківці
701372	Мена	Місто Мена
701403	Мелітопольський район	Кизиярський район|Кизіярський район|Мелітопільщина
701404	Мелітополь	Киз-Яр|Новоолександрівка
701405	Меліоративне
701413	Мелекіне	Мелекине
701425	Меджибіж	Межибоже
701447	Медвідка
701466	Меденичі
701487	Мазанка	Санкт-Петербурзькі Мазанки
701533	Майданецьке
701560	Маяки
701588	Матвіївка
701619	Масандра
701634	Машівський район
701637	Машівка
701644	Маринин
701768	Маршинці
701792	Марківка
701794	Марківка
701802	Маркова
701804	Маркопіль
701822	Маріуполь	Жданов|Марік|Маріупіль|Маріюпіль
701838	Маріямпіль	Вовчків|Маріампіль
701845	Марʼїнка
701868	Марченки
701877	Манява
701883	Мануйлівка
701891	Маньківський район
701894	Маньківка
701905	Маневицький район	Маневичський район
701906	Маневичі
701912	Манченки
701947	Малий Маяк
701993	Малі Канівці
702049	Ярославове	Альт-Постталь|Малоярославець Другий
702050	Прикордонне	Малоярославець Перший|Прикордонне
702051	Маловисківський район
702061	Малоріченське
702072	Малокатеринівка	Краснокутівка
702073	Малокаховка
702091	Малинський район
702094	Новооржицьке
702103	Малинівка	Новоселівка|Туркенівка
702116	Малин
702147	Мала Виска
702153	Мала Токмачка
702173	Мала Рудка
702225	Мала Глуша
702229	Мала Добронь
702231	Мала Данилівка
702246	Мала Білозерка
702302	Маків
702309	Махлинець
702320	Макіївка
702322	Македони
702326	Макарівський район
702337	Макарів
702347	Байраки
702354	Магдалинівський район
702356	Магдалинівка
702398	Людвинівка
702399	Людвинівка
702417	Люботин
702420	Любомльський район
702421	Любомль
702459	Любимівка	Любимівка
702468	Любешівський район
702477	Любеч
702479	Любашівський район
702486	Любар
702491	Лисянка	Лисянка
702507	Лиса Гора
702526	Лящівка
702549	Львівська область	Львівщина
702550	Львів	Леополіс|Місто Лева
702557	Лужани
702562	Лутугинський район
702563	Лутугине	Лутугино|Лутугіне|Лутугіно
702569	Луцьк	Lutsʼk
702574	Лутовинівка
702612	Луків	Мацеїв
702657	Луганська область	Луганщина
702658	Луганськ	Ворошиловград|Луганське|Луганський завод
702679	Лугини	Лугин
702684	Луганське
702702	Лучка
702716	Лубʼянка
702723	Лубни	Лубни|Лубні
702724	Лубенський район	Лубенський район
702730	Лозовий Яр
702732	Лозівський район
702760	Лозова
702774	Лозуватка
702782	Лозно-Олександрівка
702834	Брустури	Лопухово|Лопухів
702844	Лопатин
702872	Лохвицький район
702874	Лохвиця
702878	Локачі
702898	Любашівка
702907	Лівадія	Ай-Ян|Лівадія
702910	Литвяки
702915	Литвинівка
702929	Літинський район
702931	Літин
702971	Лисичово
702972	Лисичанськ
702979	Лишнівка
702989	Липці
703008	Липовецький район
703015	Липова Долина
703017	Липняжка
703042	Липча
703061	Лиманське	Зельц|Зельці|Кандель
703071	Лиман
703079	Лихівка
703140	Літки	Великі Літки|Великі Літковичі|Літки|Літковичі
703141	Летичівський район
703142	Летичів
703144	Лісові Сорочинці
703155	Лісне
703156	Лісне	Лісне|Манзир
703210	Леонівка
703219	Поділля
703233	Ленінський район
703235	Холодногірський район	Ленінський район
703236	Галицький район
703237	Подільський район	Ленінський район
703238	Ленінський район
703239	Шевченківський район	Климівський район|Ленінський район|Ленінський район Луганська
703240	Подільський район
703241	Новокодацький район
703242	Шевченківський район
703243	Ленінський район
703244	Дніпровський район	Ленінський район
703245	Інгульський район
703261	Єди-Кую	Леніне|Сім Колодязів
703266	Святошинський район
703270	Леніна|Марія
703311	Лебедин	Лебедин
703317	Лазурне
703325	Лази
703328	Лазещина
703397	Ланівці
703409	Ландарі
703410	Ланчин
703428	Ладижин
703438	Ладан
703446	Київська область	Київ. обл.|Київська обл.|Київщина
703448	Київ
703455	Кваси
703460	Квасилів
703465	Кузнецово-Михайлівка
703489	Куйбишевський район
703494	Камянка	Більмак|Куйбишеве|Царекостянтинівка
703498	Албат	Куйбишеве
703514	Кути	Кути
703531	Кутківці
703537	Кутейникове|Попова Балка	Кутейникове
703555	Кушугум	Велика Катеринівка|Кушугумівка
703559	Кушниця
703586	Курпати
703596	Курортне
703625	Куренівка
703656	Купʼянськ	Купʼянка|Купенск|Купчинка
703667	Купичів
703671	Купеч
703685	Кунашівка
703706	Кулиничі
703713	Куликівка
703716	Куликів
703748	Куколівка
703789	Кучурган	Баден|Очеретівка|Страсбург
703838	Крижопільський район
703840	Крижопіль
703844	Крижанівка
703845	Кривий Ріг
703847	Грушівка
703849	Крюківський район
703883	Автономна Республіка Крим	АР Крим|АРК
703903	Крути
703949	Крукеничі
704000	Кролевець
704010	Криве Озеро
704028	Кривопілля
704055	Крива
704074	Кринична
704079	Кринички
704109	Хрестівка
704111	Хрестителеве
704118	Кріпенський
704130	Татарів
704138	Кремінна
704143	Кременець	Кремʼянець|Кременец
704147	Кременчук
704149	Кременчуцький район
704152	Крехів
704165	Кратова Говтва	Кратова Говтва
704166	Красятичі
704193	Липське
704202	Хрустальний	Красний Луч|Криндачівка
704204	Лиман	Красний Лиман
704207	Красний Кут	Красний Кут
704250	Олександрівка	Краснознамʼянка
704277	Красне
704288	Сонцівка
704290	Красне
704303	Красноторка
704335	Красносілка	Гюльдендорф|Гільдендорф|Кутузове|Кутузовка
704343	Краснопілля	Краснопілля
704353	Краснопільський район
704361	Красноперекопський район
704362	Яни Капу	Красноперекопськ
704363	Краснопавлівка
704376	Краснокутськ
704377	Краснокамʼянка	Кизилташ
704379	Красноїльськ
704381	Курман	Красногвардійське|Курман-Кемельчі
704383	Красногвардійський район
704384	Чечелівський район	Червоногвардійський район
704388	Берестин	Білевськ|Конград|Констянтиноград|Костянтиноград
704402	Тепле	Катеринодон
704403	Сорокине	Краснодон
704422	Покровськ	Красноармійськ
704451	Нова Каракуба	Гончариха|Красна Поляна|Нова Каракуба|Нова-Каракума|Ново-Каракуба
704469	Красна
704483	Красилівський район
704492	Красилів
704495	Красенівка
704508	Краматорськ	Краматорська
704513	Краковець
704525	Козова
704565	Кожанка
704569	Козельщинський район	Бригадирівський район
704570	Козельщина
704573	Козелець
704608	Ківшарівка
704613	Ковпаківський район
704617	Ковель
704632	Ковалівка	Ковалівка
704665	Горбова
704670	Коцюбинське	Берковець
704677	Подільський район	Бірзульський район|Котовський район
704678	Котовка	Котовське
704679	Подільськ	Бірзула|Котовськ
704697	Котловина
704705	Котельва
704707	Котелевський район
704720	Костюхнівка
704724	Костянтинівка	Костянтинівка
704730	Кострижівка
704732	Кострина
704737	Костопіль
704743	Костобобрів
704755	Косівський район
704759	Косівка
704764	Косів	Риків
704772	Космач
704773	Космач	Космач
704778	Косонь|Косоньська сільська громада
704802	Кошельово	Кошелево
704839	Корюківка
704858	Корсунь-Шевченківський	Ко́рсунь-Шевче́нківський|Корсунь
704881	Коротич	Коротич
704885	Коростишів
704901	Коростень
704915	Короп
704918	Корольовський район
704920	Королево
704949	Корнин
704952	Корніївка
704968	Корець	Корчеськ
704972	Кореїз
705005	Корабельний район	Корабельний район
705016	Копичинці
705034	Копайгород	Копа́йгород
705104	Костянтинівка
705115	Костянтинівка
705135	Конотоп	Conotopy|Конотополь|Конотопіль|Конотіп|Новоселиця|Новоселівці
705139	Конопляне
705183	Слобожанське
705186	Кальміуське
705188	Корабельний район	Комсомольський район
705198	Компаніївка
705204	Космічний район	Комунарський район
705222	Доброслав	Антоново-Кодинцеве|Комінтернове
705224	Слобідський район	Комінтернівський район
705252	Комарівка
705255	Комарівка
705265	Комарно	Комарне|Комарно
705389	Коломийський район	Коломийський район
705392	Коломия
705403	Коломак	Коломак
705431	Колоденка
705433	Колочава
705442	Кулевча
705462	Кольчино	Кольчине
705465	Софіївка
705489	Кодимський район	Крутянський район
705490	Камʼяний Міст
705493	Кодима
705494	Кодра	Кодра
705512	Кочеток
705524	Кобижча
705532	Кобилецька Поляна
705540	Коблеве
705542	Кобеляцький район
705544	Кобеляки
705560	Княжичі
705574	Козацька Слобода	Князе-Григорівка|Козацька Слобода
705599	Ключарки
705626	Клішківці	Клішкіуці
705634	Зруб-Комарівський
705660	Клевань
705673	Кленовий
705681	Клембівка
705689	Клавдієво-Тарасове
705705	Київський район
705706	Київський район
705707	Київський район	Київський район Донецька
705708	Київський район	Київський район|Київський район Одеси
705730	Ківерці
705735	Кіцмань
705796	Обухівка	Кіровське
705797	Хрестівка	Кіровське
705800	Кіровський район	Кіровський район
705801	Фортечний район
705802	Центральний район
705803	Грузький район	Кіровський район
705804	Кіровський район	Кіровський район
705808	Зарічне	Кірове|Кіровськ|Попівка
705809	Голубівка	Голубовський Рудник|Голубівський Рудник|Кіровськ
705811	Кіровоградська область	Кропивницька область|Кіровоградський регіон|Кіровоградщина
705812	Кропивницький	Єлиcаветград|Єлизаветград|Єлисаветград|Зиновʼєвськ|Зиновʼївськ|Зіновʼєвськ|Зіновʼївськ|Кіровоград|Лисаветград
705813	Кропивницький район
705854	Кириківка
705883	Кілія	Килія
705914	Хирів
706028	Хуторо-Губиниха
706066	Петропавлівка
706162	Хустський район
706165	Хуст
706200	Христинівка
706232	Хотів	Хотов
706244	Хотин
706271	Хоростків
706281	Хорошеве
706286	Хорольський район
706289	Хорол
706333	Холодна Балка
706335	Холми
706352	Ходорів
706368	Хмелів
706369	Хмельницький	Khmelʼnytsʼkyy|Проскурів|Хмельни́цький
706370	Хмельницька область	Камʼянець-Подільська область
706374	Хмільницький район
706375	Хмельницький район	Проскурівський район|Ружичнянський район
706380	Хмільник
706419	Хижки
706434	Химчин
706442	Херсонська область	Херсонщина
706448	Херсон	Херзон
706451	Ярівка
706464	Хащеве
706466	Харцизьк
706482	Харківська область	Харківщина
706483	Харків	Захарполіс|Харьків
706517	Керецьки
706524	Керч	Боспрор|Восперо|Воспро|Корчев|Корчів|Пантікапей
706526	Керамік
706546	Кегичівка
706569	Козятинський район
706571	Козятин
706580	Казанка
706596	Козачі Лагері
706604	Старі Кодаки	Старий Кодак|Старі Кайдаки
706612	Катюжанка
706616	Кацівелі
706634	Калинопіль	Калниболото|Кальниболото|Катеринопіль
706659	Каштанівка
706663	Кашперівка
706666	Кашперо-Миколаївка
706742	Кармазинівка
706747	Карлівський район
706749	Карлівка
706757	Соледар
706803	Карапиші
706850	Миронівка
706883	Капітанівка
706900	Канів
706914	Комиш-Зоря
706915	Комишня
706941	Комишуваха
706945	Комишани
706950	Камʼянець-Подільський	Камʼянець|Камʼянець-Подільськ|Камʼянець-на-Поділлі
706968	Камʼянське	Камʼянське
706987	Камʼяні Потоки	Камʼяні Потоки
706990	Камʼяний Брід	Камʼяний Брід
706999	Камʼяне
707002	Камʼяне
707007	Камʼянобрідський район	Камʼянобрідський район|Камброд|Камбрід
707025	Камінь-Каширський	Камінь Коширський|Камінь-Каширськ
707052	Камʼянка
707069	Камʼянка	Барабой|Камʼянка|Мангейм
707073	Камʼяниця
707098	Калуський район	Калушський район
707099	Калуш
707109	Кальник
707127	Калини
707130	Калинівський район
707155	Калинівка
707191	Кіндратівський район	Калінінський район
707192	Калінінський район
707198	Умют	Калініндорф|Калініне
707220	Калчева
707232	Каланчак
707244	Каховка	Іслам-Кермен
707245	Каїри
707249	Кагарлицький район
707251	Кагарлик
707257	Кадубівці
707281	Кача	Кача
707294	Ізяславський район
707296	Ізяслав	Ізяславль|Заслав|Новий Заслав
707299	Ізварине
707308	Ізмаїл	Сміл|Тучков
707311	Ізки
707313	Їжівці
707317	Іза
707364	Іванівка
707413	Яноші
707414	Іванівка
707435	Іванівка
707451	Іванівка	Мала Баранівка|Мале Баранове|Яновка|Янівка
707453	Іванівка
707465	Іванопіль	Янушпіль
707470	Івано-Франківська область	Івано-Франківщина|Станиславівська область|Станіславська область|Станіславщина
707471	Івано-Франківськ	Станиславів|Станіслав|Станіславів|Станїславів|Франик|Франківськ
707485	Іванківський район
707489	Іванків	Іванків
707529	Іспас
707557	Іршавський район	Іршавщина
707559	Іршава
707560	Іршанськ
707565	Ірпінь	Ірпінь
707568	Іркліїв
707572	Ірдинь
707587	Йорданешти
707594	Інзівка
707597	Інгулецький район
707679	Іловайськ
707681	Ільниця
707687	Іллірія	Іллірія
707688	Чорноморськ	Іллічівськ|Бугові Хутори
707695	Іллінці	Линці
707704	Іллінка
707706	Іллінецький район
707712	Кальміуський район
707744	Ічня	І́чня
707751	Городоцький район	Городоцький район
707752	Городок
707753	Горлівка
707756	Дачне	Гнилякове
707757	Глибока	Адинката
707758	Глухів
707769	Гвіздець
707770	Гвізд
707786	Гути
707818	Гута-Логанівська	Логанівська Гута|Логанівська Гутка
707840	Гусятин
707860	Гурзуф	Ґурзуф
707864	Гуріївка
707881	Гупалівка
707898	Гуляйполе
707914	Гукливий
707923	Губське
707926	Губків
707928	Губиниха
707981	Грушка
707993	Грушово
708057	Гришківці
708060	Гришине	Гришине
708082	Гримайлів
708096	Григорівка
708126	Грибівка
708176	Гребенів
708178	Гребінківський район
708181	Гребінка	Городище
708210	Градизьк	Городище
708241	Галабор
708248	Зміївський район	Готвальдовський район|Змієвський район
708251	Гостомель
708257	Гоща	Hoshcha
708273	Гірське
708277	Горщик	Горщик
708284	Ліснівка
708288	Горохівський район
708296	Горохів	Horokhiv
708313	Городок	Городок-Ягеллонський|Грудек
708318	Городнянський район
708320	Городня
708324	Городниця
708330	Городнє
708351	Городище
708353	Городище	Городище
708366	Городище
708378	Городенківський район
708380	Городенка
708392	Гірницький район	Гірницький район
708393	Гірник
708403	Горностаївка
708405	Горностаївка
708434	Горінчово
708467	Горбачі
708468	Горбачево-Михайлівка
708532	Голубівка	Голубівка
708545	Голубине	Galambos
708561	Головківка	Бешка
708565	Головки	Головки
708569	Головине	Головин|Головино
708585	Голованівськ
708597	Голосіїв	Голосієво
708613	Голоби
708632	Гола Пристань	Голий Перевіз|Гопри
708633	Зелений Гай
708638	Гоголів
708652	Годовиця
708663	Гнівань
708680	Долинівка	Гнилець|Долинівка
708695	Гнідин
708741	Глибочиця	Вацьків|Глибочиця
708752	Глобинський район
708753	Глобине	Маленький Кагамличок
708754	Глиняни
708778	Глиниця
708784	Глеваха
708802	Гладковицька Камʼянка	Камʼянка-Гладковицька
708839	Герца
708876	Генічеський район
708878	Генічеськ	Геничеське
708898	Гайворон
708899	Гайсинський район	Гайсинщина
708901	Гайсин
708951	Гать
708953	Гаспра
709013	Галузинці
709029	Галицький район
709034	Галич	Галич
709051	Гагарінський район	Гагарінський район
709052	Гадзинка	Гадзинки|Газинка|Газинки
709054	Гадяч	Га́дяч
709063	Фурманівка
709071	Захарівка
709074	Штормове
709075	Партеніт
709076	Немишлянський район	Немишлянський район|Немишлянський район Харкова|Фрунзенський район|Фрунзенський район Харкова
709082	Фрунзе	Фрунзе
709112	Форос
709114	Фонтанка
709144	Филенкове
709161	Феодосія	Ардабда|Кафа|Каффа|Кефе|Кеффе|Теодозія|Теодосія
709191	Федорівка
709223	Федорівка
709244	Фастівський район
709248	Фастів	Хвастів
709270	Есхар
709276	Енергодар
709295	Звенигород	Звенигород Галицький
709333	Джанкойський район
709334	Джанкой
709349	Шевченківський район	Дзержинський район
709350	Металургійний район	Дзержинський район
709351	Романівський район	Дзержинський район|Миропільський район
709352	Любимівка	Дзержинський
709353	Романів	Романів
709354	Торецьк	Дзержинськ|Щербинівка|Щербинівський рудник
709357	Дземброня
709366	Демня
709373	Димер
709399	Дворічна	Дворічна
709429	Дунаївці	Дунайгород
709432	Дунаєвецький район
709434	Дунаїв
709450	Дуліби
709465	Дудчани
709482	Дубрівка	Дубрівка|Дібрівка
709493	Дубровиця	Домбровиця
709503	Дубриничі
709516	Дубове	Дубове
709525	Дубівка
709540	Дубно
709546	Дубляни
709547	Дубляни	Дубляни
709584	Хутір-Михайлівський
709585	Дружба	Дружба
709586	Дружба
709587	Трибухівці	Трибухівці
709611	Дрогобич	Drohobycz|Дрогóбич
709630	Драгово	Драгове
709640	Драбівський район
709643	Драбів
709665	Довбиш	Довбишів Ставок|Мархлевськ
709700	Доробратово
709716	Донецька область	Донеччина
709717	Донецьк	Олександрівка|Сталін|Сталіне|Сталіно|Троцьк|Юзівка
709739	Доманівський район
709740	Доманівка
709755	Долина	Долина
709779	Долинський район	Долинський район
709780	Долинський район	Долинський район
709782	Долинська	Кефалівка|Кефаліне|Шевченкове
709786	Долинівка	Ґнаденталь
709808	Довге
709824	Довгинцівський район
709835	Докучаєвськ	Докучаївськ|Оленівські Карʼєри
709856	Добрянка
709869	Добре
709881	Добрівляни
709887	Добровеличківський район
709888	Добровеличківка	Ревуцьке
709892	Добротвір
709900	Добропілля	Марʼївка|Парасковіївка
709909	Добромиль
709929	Дніпропетровська область	Дніпропетровщина
709930	Дніпро	Дніпропетровськ|Катеринослав|Січеслав
709932	Камʼянське	Дніпродзержи́нськ|Камʼянське|Камʼянське́|Каменське
709937	Дністрівка
709940	Дніпряни	Британи
709954	Дніпровка	Дніпровка
709960	Дніпрорудне
709961	Дніпровський район	Дніпропетровський район
709983	Дмитрівка
710007	Дмитрівка
710032	Олександрійське	Олександрійське
710033	Дмитрівка
710035	Мирноград	Димитрів
710040	Диканський район
710041	Диканька
710049	Діброва	Діброва
710069	Деснянський район
710071	Десна
710096	Деріївка	Дереївський могильник
710098	Дергачі	Деркачі|Дерґачі
710123	Валя Кузьмина
710128	Деражнянський район
710129	Деражня
710140	Раухівка
710183	Демидівка
710202	Делятин	Делатин
710214	Дігтярі	Дігтярі
710229	Дебальцеве
710243	Давидівка
710260	Дашів
710261	Дашинка
710276	Дарницький район
710317	Дальник
710340	Чуйківка	Чуйківка
710341	Чутівський район
710342	Чутове
710368	Чулаківка
710374	Чугуїв
710376	Чугинка	Чугинка
710381	Чуднів
710399	Чортківський район	Чортківщина
710400	Чортків
710403	Чорнобиль
710408	Чоповичі
710409	Чоп
710415	Чомонин
710425	Чоколівка
710463	Чинадійово	Чинадаєве|Чинадієве
710473	Чигирин
710491	Чесники	Чесники
710502	Червоний Яр
710532	Заводське	Заводське|Червонозаводське
710533	Основʼянський район	Червонозаводський район
710534	Есмань
710536	Старе Село	Старе Село|Червоне
710538	Червоне
710548	Вознесенівка
710551	Берестовський район	Червоногвардійський район|Червоногвардійський район Макіївки
710552	Червоногригорівка	Красно-Григорівка|Красногригорівка|Чернишовка
710554	Шептицький	Кристинопіль|Христинопіль
710556	Пулини	Червоноармійськ
710563	Личаківський район	Личаківський район
710565	Радивилів	Радзивилів|Червоноармійськ
710587	Слобода	Змагайлівка|Секава|Царська Слобода|Цесарська Слобода|Червона Слобода
710607	Червеньово
710615	Чортомлик
710628	Чорний Острів
710652	Чернятин	Чернятин
710653	Чорнянка
710660	Черняхівка
710663	Черняхів	Черняхів
710667	Чорнухинський район
710668	Чорнушине	Чорнухине
710669	Чорнухи
710678	Чорнотисів
710681	Чорнорудка
710684	Чорнопілля
710687	Чорноморське	Ак-Мечеть|Акмечит|Акмечит-Ліман|Акмечіт
710690	Чорноморський район	Ак-Мечетський район
710698	Чорнолізці
710713	Чорнобаївський район
710715	Чорнобаївка
710716	Чорнобай
710718	Черніїв
710719	Чернівці	Черновиці|Черновіц|Черновіци
710720	Чернівецька область
710734	Чернігівська область	Чернігівської області
710735	Чернігів	Чернигів
710741	Чернівці	Чернівці
710746	Чернеччина
710755	Чернелиця
710759	Чернечий Яр
710791	Черкаси
710802	Черкаська область	Черкаський регіон|Черкащина
710820	Черепківці
710863	Чемеровецький район
710864	Чемерівці
710892	Чечельник
710915	Часів Яр
710935	Чаплинка
710940	Слобожанське	Слобожанське|Чапаєве
710947	Калинове	Жидівська Гребля|Чапаєвка
710949	Війтівка
710950	Воскресенка
710981	Битків
710987	Бистріївка	Бистріївка
710995	Бистриця	Бистриця|Рафайлова
711003	Бистрець
711016	Билбасівка
711024	Биківка
711103	Буськ
711105	Буштино	Буштина
711116	Буринь
711134	Бурштин	Бурштин
711206	Буковець	Буковець
711213	Буки
711221	Весняне
711225	Букачівці
711227	Бузьке
711245	Бугаївка
711268	Буди	Буди
711279	Борове
711306	Будьонівський район	Будьоновський район|Будьонівський район Донецька
711339	Бучмани
711348	Бучач
711350	Буча
711359	Брюховичі
711369	Брянка
711382	Брусилів
711386	Бровки Перші
711390	Бровари
711392	Броварський район
711398	Броска
711400	Брошнів-Осада
711416	Броди
711435	Брилівка
711443	Заводський район
711459	Брацлав
711487	Браїлів
711491	Брага
711506	Бойківщина
711515	Боярка	Боярка-Будаївка
711518	Бояни
711527	Нікіта
711536	Борзна
711562	Бортничі
711580	Борщівський район	Борщівщина
711587	Борщів	Borshchiv
711621	Борова
711623	Борова
711629	Боромля
711635	Бородянка
711637	Буджак	Бородіно
711639	Бородаївка
711658	Бориспільський район
711660	Бориспіль
711669	Борислав	Боріслав
711672	Бориня
711709	Бондаренкове
711745	Великі Будища
711752	Більшівці	Болшовці|Більшовці
711758	Великі Низгірці	Великі Низгурці
711764	Вінницькі Хутори
711786	Велика Рудка
711841	Болград
711850	Болехів
711867	Богуслав
711872	Богунський район	Богунія|Врангелівка
711887	Богородчани
711888	Богородчанський район
711894	Богодухів
711920	Богданівка	Богданівка
711933	Богданівка
711938	Богданівка	Концентраційний табір у Богданівці
711941	Інгулка
711952	Богдан
711975	Бадалово	Бодолів
711989	Бобринець	Малий Бобринець
711999	Бобровиця
712003	Бібрка	Бобрка
712005	Бобриця
712041	Близнюки	Близнюки
712050	Ближнє
712071	Великий Буялик
712091	Благодатне	Благодатне
712092	Благодатне
712131	Криничне
712160	Білгород-Дністровський	Ак-Керман|Аккерман|Білгород Дністровський
712165	Біла Церква	Юрʼєв|Юрʼїв
712181	Безіменне
712193	Безруки
712200	Безлюдівка
712248	Бершадський район
712250	Бершадь	Пилипонівка
712260	Берислав
712272	Березове
712273	Березове
712276	Березово
712300	Березівка
712312	Березівка
712313	Березівка
712332	Березне
712336	Березники
712339	Березнегувате	Березнеговате
712343	Березна
712349	Соборне	Березине|Село № 7
712374	Бережани
712387	Березанка	Александрфельд|Олександрфельд|Суворове|Тилігуло-Березанка
712389	Березань	Березань
712416	Берестечко
712423	Берегове	Берегово|Берегсас|Береґсас
712424	Берегівський район
712427	Берегове
712428	Берегове
712430	Берегомет	Берегомет
712441	Бердичів
712451	Бердянськ	Осипенко
712471	Белз	Бевз
712474	Білий Колодязь
712477	Білі Ослави
712488	Біляївка	Біляки|Біляївка|Головкова|Головківка
712508	Білозерка
712515	Біле
712521	Біловодськ
712541	Білоцерківський район
712559	Білопілля
712569	Білокуракине
712573	Білокоровичі
712576	Інкерман	Інкерман I|Білокамʼянськ
712584	Білогірський район	Білогірський район|Ляховецький район
712585	Білогірський район	Білогірський район|Карасубазарський район
712587	Білогірськ	Карасубазар
712588	Білогорівка
712602	Білки
712609	Білка	Білка
712613	Білицьке
712619	Білине
712656	Біла Криниця	Біла Криниця
712658	Біла Криниця	Біла Криниця
712667	Біла	Біла
712681	Бехтерщина
712682	Бехтери
712699	Бедевля
712715	Базалія	Базилія
712722	Байрак
712724	Байрачки
712745	Батурин
712754	Ботар	Братове|Братово
712773	Баштанівка	Баштанівка|Пички
712775	Баштанка
712786	Баришівський район
712787	Баришівка
712794	Барвінкове
712803	Барський район
712831	Баранівський район
712840	Баранівка
712861	Бар	Бар )
712871	Банилів
712879	Балясне
712882	Балтський район
712886	Балта	Юзефград|Юзефґрод|Юзефґруд
712887	Баловне
712895	Балки
712926	Балаклія	Балаклея
712927	Балаклавський район
712930	Балаклава
712967	Бахмач
712968	Бахчисарайський район
712969	Бахчисарай
712981	Багринівка
712988	Південний район	Баглійський район
712992	Багерове
713008	Шевченківський район
713038	Бабичівка
713049	Бабчинці
713055	Бабанка
713095	Айдар-Миколаївка	Айдар-Миколаївка
713101	Автозаводський район
713122	Авдіївка
713126	Аули
713143	Астраханка	Астраханка
713154	Асканія-Нова	Асканія Нова|Асканія-Нова|Біосферний заповідник «Асканія-Нова» імені Фрідріха Фальц-Фейна|Біосферний заповідник Асканія-Нова|Український Науково-Дослідний Інститут Тваринництва степових районів
713163	Арциз
713174	Бахмут	Артемівськ|Ба́хмут
713175	Кипуче	10-та|Артема|Артемівськ|Артьомовськ|Десята|Катеринівка|Шахта 10
713191	Артек	Артек
713203	Армянськ
713222	Арбузинка	Гарбузинка
713245	Апостолове
713257	Антрацитівський район
713259	Антрацит	Боково-Антрацит
713281	Антонівка
713316	Антоніни
713388	Андрушівський район
713389	Андрушівка
713424	Андріївка
713478	Андрієвичі
713502	Амвросіївський район
713504	Амвросіївка	Донецько-Амвросіївка
713506	Нижньодніпровський район	АНД|Амур-Нижньодніпровський район
713513	Алушта
713514	Алупка
713522	Алмазна	Ізюм
713583	Олександрівський район	Олександрівський район
713584	Олександрівський район	Олександрівський район
713588	Олександрівськ
713676	Олександрівка	Роксандрівка
713683	Олександрівка	Арнаутське|Арнаутіва
713703	Лісове|Олександрійський район	Кіровоград-25
713706	Олександрія
713716	Алчевськ	Алчевське|Ворошиловськ|Комунарськ
713738	Якимівський район
713743	Якимівка
713748	Охтирський район
713749	Охтирка
713784	Аджамка
793657	Малинівка	Малинівка
795235	Відяєво
795243	Снєжногорськ
795249	Мішуково
797083	Вишестеблієвська
797781	Нефтекумськ
798050	Калініна
798335	Перше Мая
798536	Рабочеостровськ
799311	Гузерипль
799386	Луткун
802078	Алагир
803021	Хамбі-Ірзі
804875	Завєтний
806134	Прокопенкове
806437	Бобрівка
806440	Байрак
808170	Дубове
809304	Бугаївка
810280	Центральний	селище Чорнухинського овочевого радгоспу
810327	Петро-Миколаївка
812476	Гроза
815857	Куровське
816171	Щепихіно
818076	Булатово
818109	Примєрний
818487	Воротинськ
818833	Краснознаменський
819091	Будаково
819112	Чупряково
819827	Розвилка
819954	Болтіно
824070	Бугри
824962	Тахтамукайський район
824990	Грайворонський район
824991	Красненський район
824992	Красноярузький район
824993	Гордієвський район
824994	Жирятинський район
824995	Злинковський район
825032	Красночетайський район
825033	Докузпаринський район
825034	Кумторкалинський район
825035	Коркмаскала
825097	Ельбруський район
825118	Міська округа Калінінград
825122	Велике Ісаково
825123	Мале Ісаково
825760	Южний
825785	Краснознамєнське
826294	Владимирська область
826309	Міський округ місто Махачкала
826558	Сурок
826995	Парца
826996	Ударний
826997	Леплей
827329	Павлово
827792	Атлашево
827990	Приволзький
828043	Леонтєвське
828055	Беліджі
828218	Заозерськ
828221	Мінькіно
828440	Перве Мая
828671	Паша
828955	Василево
829005	Лісний
829136	Трофімовська
829742	Соломоново
829745	Копашново
829788	Наркевичі	Ясне
829795	Таврійське	Жеребець|Кірове
830805	Бежтинська ділянка
830809	Дербент
830844	Трьохгорний
831129	Мирний
831130	Знаменськ
831137	Світлий
831265	Верхні Станівці
832394	Оріхове
834313	Хіттолово
840909	Двубратський
840987	Южний
841006	Кочубеївське
856673	Світлополянськ
856829	Путєвка
857689	Внуково
857690	Московський
858775	Ітум-Калінський район
860012	Окни	Красні Окни
862914	Атнинський район
862915	Кайбицький район
862916	Менделєєвський район
862917	Новошешминський район
862918	Тюлячинський район
862919	Ютазинський район
862920	міське поселення місто  Альметьєвськ
862923	Єлабузьке міське поселення
862932	Муніципальне утворення місто Буїнськ
863061	Усінськ
864018	Красний Комунар
864124	Павлівка
864132	Новокрасне
864874	Весела Балка
864875	Андрусова
865086	Таїрове
865087	Теплодар
865321	Ханкала
866053	Нові Лапсари
866055	Приладозький
866057	Молочний
866062	Іскатєлєй
866210	Цибанобалка
866267	Лермонтово
866986	Чинар
867425	Верхньобаканський
871870	Мурсалімкіно
874034	Галашки
875286	Бурнаково
875302	Боталово
1484871	Краснобродський
1484881	Біле
1484889	Зюзельський
1484892	Зирянське
1484893	Зирянський район
1484896	Зиряновський
1484943	Звіриноголовське
1484956	Зуділово
1484980	Зональний район
1484982	Зональне
1485023	Знаменський район
1485041	Зміїногорський район
1485042	Зміїногорськ
1485090	Журавльово
1485284	Зеленогорський
1485286	Зеленоборськ
1485310	Здвінський район
1485312	Здвінськ
1485323	Зайково
1485327	Заєльцівський район
1485333	Завʼяловський район
1485339	Завʼялово
1485354	Заводоуспенське
1485355	Заводоуковський район
1485357	Заводоуковськ
1485438	Зоринський район
1485439	Зоринськ
1485445	Зарічний
1485487	Заозерний
1485525	Залісовський округ
1485528	Залєсово
1485627	Южний
1485634	Южноуральськ
1485664	Юшала
1485712	Юргінське
1485713	Юргінський район
1485714	Юргінський район
1485718	Юргамиський район
1485721	Юргамиш
1485724	Юрга
1485846	Єткульський район
1485849	Єткуль
1485873	Єртарський
1485904	Єрмаковське
1485905	Єрмаковський район
1485994	Єнісейський район
1485997	Єнісейськ
1486030	Ємельяновський район
1486031	Ємельяново
1486039	Єманжелінськ
1486040	Єманжелинка
1486053	Єльцовський район
1486139	Єліново
1486160	Єлбань
1486164	Єланський
1486209	Єкатеринбург
1486214	Єгорʼєвський район
1486255	Яйський район
1486256	Яйлю
1486261	Яя
1486297	Яшкинський округ
1486298	Яшкино
1486321	Яр-Сале
1486340	Ярове
1486366	Ярковський район
1486369	Ярково
1486371	Ярково
1486461	Ямальський район
1486462	Ямало-Ненецький автономний округ
1486467	Ялуторовський район
1486468	Ялуторовськ
1486526	Ягуново
1486561	Іодро
1486677	Введенське
1486795	Восточний
1486861	Воронцовка
1486910	Воркута
1486913	Воргашор
1486980	Волчихинський район
1486983	Волчиха
1486984	Волчанськ
1487022	Власіха
1487074	Вишневогорськ
1487110	Вікуловський район
1487112	Вікулово
1487164	Веселоярськ
1487211	Верх-Уймон
1487214	Верх-Суєтка
1487219	Верхотурʼє
1487220	Верхотурський міський округ
1487241	Верх-Тула
1487260	Верхня Сисерть
1487272	Верхня Синячиха
1487277	Верхня Салда
1487281	Верхня Пишма
1487291	Верх-Неня
1487299	Верх-Марушка
1487389	Верх-Уймон
1487394	Верхній Уфалей
1487487	Верх-Бехтемір
1487504	Верх-Нейвінський
1487520	Верхнє Дуброво
1487548	Верхньосалдинський міський округ
1487569	Верх-Катунське
1487599	Верх-Чебула
1487613	Венгеровський район
1487615	Венгерово
1487759	Варненський район
1487764	Варна
1487781	Варгашинський район
1487784	Варгаші
1487858	Вагайський район
1487860	Вагай
1487880	Ужурський район
1487882	Ужур
1487907	Уйський район
1487920	Уярський район
1487922	Уяр
1487929	Увильди
1487930	Увельський район
1487933	Увельський
1487938	Уватський район
1487939	Уват
1487997	Усятське
1488030	Устьянка
1488048	Улаган
1488072	Усть-Тарацький район
1488074	Усть-Тарка
1488102	Усть-Сема
1488114	Усть-Пристанський район
1488130	Усть-Муни
1488166	Усть-Коксинський район
1488167	Усть-Кокса
1488185	Усть-Канський район
1488190	Усть-Кан
1488199	Усть-Калманський район
1488200	Усть-Калманка
1488205	Усть-Ішимський район
1488207	Усть-Іша
1488235	Усть-Чаришська Пристань
1488253	Зеленогорськ
1488258	Усть-Багаряк
1488271	Усть-Абаканський район
1488272	Усть-Абакан
1488414	Уренгой
1488429	Урай
1488464	Упоровський район
1488465	Упорово
1488496	Уліта
1488522	Мала Черга|Улусчерга
1488542	Улуг-Хемський кожуун
1488576	Улаганський район
1488632	Угловське
1488635	Угловський район
1488708	Убінське
1488709	Убінський район
1488735	Тюнгур
1488739	Тюменцевський район
1488741	Тюменцево
1488743	Тюменський район
1488747	Тюменська область
1488754	Тюмень
1488770	Тюхтетський район
1488774	Тюхтет
1488778	Тюкалінський район
1488780	Тюкалінськ
1488788	Тюбук
1488837	Тяжинський район
1488838	Тяжинський
1488873	Тива
1488901	Туруханський район
1488903	Туруханськ
1488919	Турочацький район
1488920	Турочак
1488921	Турнаєво
1488929	Туринський міський округ
1488931	Туринська Слобода
1488933	Туринськ
1488937	Тургояк
1488950	Туран
1489048	Туїм
1489055	Тугулимський міський округ
1489057	Тугулим
1489071	Туекта
1489111	Центральний район
1489125	Цементний
1489127	Цілинний район
1489128	Цілинний район
1489137	Цілинне
1489138	Цілинне
1489167	Трудармійський
1489209	Троїцьке
1489213	Троїцький район
1489214	Троїцький район
1489218	Троїцький
1489246	Троїцьк
1489264	Третьяковський район
1489368	Топтушка
1489378	Топольне
1489389	Топкинський район
1489394	Топки
1489397	Топчихинський район
1489398	Топчиха
1489419	Томський район
1489421	Томська область
1489425	Томськ
1489474	Толмачево
1489499	Тогур
1489502	Тогульський район
1489504	Тогул
1489505	Тогучинський район
1489508	Тогучин
1489515	Тоджинський кожуун
1489528	Тобольський район
1489530	Тобольськ
1489552	Тисульський район
1489554	Тисуль
1489597	Тімірязєвське
1489657	Тевризький район
1489684	Тес-Хемський кожуун
1489779	Теміртау
1489821	Тегульдетський район
1489822	Тегульдет
1489847	Тобелер
1489851	Тазівський район
1489853	Тазівський
1489863	Тайжина
1489868	Тайшетський район
1489870	Тайшет
1489879	Таймирський район
1489900	Тайгинка
1489907	Тайга
1489939	Тавричеський район
1489962	Тавда
1489966	Таватуй
1489996	Татарський район
1490003	Татарськ
1490033	Таштипський район
1490041	Таштагольський район
1490042	Таштагол
1490054	Ташара
1490055	Ташанта
1490057	Тасеєвський район
1490058	Тасеєво
1490067	Тарутино
1490074	Тарський район
1490085	Тарко-Сале
1490140	Тара
1490171	Тандинський кожуун
1490256	Талнах
1490259	Тальменський район
1490266	Тальменка
1490273	Талицький міський округ
1490281	Талиця
1490349	Таган
1490356	Табуни
1490357	Табунський район
1490364	Табори
1490366	Таборинський район
1490399	Сисертський район
1490402	Сисерть
1490450	Сичовка
1490496	Світлий
1490501	Світлий
1490516	Світлогорськ
1490518	Свєтлинський район
1490542	Свердловська область
1490549	Сузунський район
1490551	Сузун
1490590	Суг-Акси
1490591	Суслово
1490620	Сургутський район
1490624	Сургут
1490676	Сукпак
1490686	Сухий Лог
1490708	Сухолозький міський округ
1490711	Сухобузимське
1490712	Сухобузимський район
1490728	Суха Чемровка
1490776	Стуково
1490796	Стрежевий
1490913	Старий Тогул
1490962	Старопишминськ
1490966	Старопестерьово
1491004	Старобачати
1491006	Староалейське
1491025	Стара Суртайка
1491047	Старобілокуріха
1491055	Станціонно-Ояшинський
1491088	Зростки
1491159	Срєднєуральськ
1491197	Спаськ
1491215	Совхозний
1491219	Совєтське
1491226	Совєтський район
1491227	Совєтський район
1491230	Совєтський
1491251	Соусканіха
1491267	Сосьва
1491282	Сосновський район
1491291	Сосновоборськ
1491360	Сорськ
1491371	Сорокинський район
1491425	Солтонський район
1491428	Солтон
1491461	Солонешне
1491462	Солонешенський район
1491525	Сокур
1491535	Соколово
1491600	Снєжногорськ
1491633	Смоленське
1491634	Смоленський район
1491678	Слободо-Туринський район
1491704	Славгородське
1491705	Славгородський район
1491706	Славгород
1491718	Сладковський район
1491719	Сладково
1491953	Шушенське
1491954	Шушенський район
1491960	Шуришкарський район
1491977	Шумський
1491988	Шуміхинський район
1491999	Шумиха
1492009	Шульгін Лог
1492034	Шубьонка
1492146	Ширинський район
1492151	Шипуновський район
1492160	Шипуново
1492248	Шеркали
1492252	Шерегеш
1492254	Шербакульський район
1492281	Шелаболіха
1492290	Шегарський район
1492297	Шебалінський район
1492299	Шебаліно
1492326	Щучанський район
1492342	Щолкун
1492387	Шатровський район
1492388	Шатрово
1492400	Шариповський район
1492401	Шарипово
1492466	Шалинське
1492491	Шахи
1492499	Шагонар
1492514	Шадринський район
1492517	Шадринськ
1492536	Шабровський
1492565	Північно-Єнісейський район
1492566	Північно-Єнісейський
1492577	Сєвєрний район
1492589	Сєверний
1492607	Сєвєрне
1492637	Сєверка
1492638	Сєверка
1492651	Сетовка
1492663	Сєров
1492739	Сентелек
1492787	Семеновка
1492799	Семено-Красілово
1492822	Селезян
1492827	Новоселезньово
1492853	Седельниковський район
1492883	Сайдип
1492889	Саянський район
1492893	Саяногорськ
1492948	Сариг-Сеп
1493001	Саргази
1493005	Саргатський район
1493041	Сараса
1493044	Сарапулка
1493049	Саранпауль
1493083	Санниково
1493110	Самусь
1493162	Салим
1493197	Салехард
1493224	Салаїр
1493266	Сафакулевський район
1493268	Сафакулево
1493273	Совхозний
1493360	Рибінський район
1493414	Русько-Полянський район
1493423	Руська Поляна
1493457	Рудничний
1493458	Рудничний
1493465	Рубцовський район
1493467	Рубцовськ
1493511	Роза
1493563	Романовський район
1493577	Романово
1493622	Родинський район
1493623	Родино
1493645	Режівський міський округ
1493648	Реж
1493653	Реутинське
1493687	Рефтинський
1493721	Ребріхинський район
1493722	Ребріха
1493804	Розсказіха
1493867	Пишминський міський округ
1493870	Пишма
1493975	Пуштулім
1493994	Пуровський район
1494071	Просвіт
1494089	Промишленнівський округ
1494091	Промишленна
1494102	Пролетарка
1494111	Прокудське
1494112	Прокопʼєвський округ
1494114	Прокопʼєвськ
1494151	Приуральський район
1494157	Притобольний район
1494276	Пойковський
1494329	Поспєлихинський район
1494331	Поспеліха
1494337	Послідниково
1494406	Поповичі
1494456	Полисаєво
1494482	Полуночне
1494494	Полтавський район
1494500	Полтавка
1494512	Половинський район
1494523	Половинне
1494525	Половинне
1494573	Полевський
1494587	Полетаєво
1494603	Покровське
1494739	Підсосново
1494790	Підгорне
1494896	Платово
1494907	Пласт
1494949	Піонерський
1495014	Петуховський район
1495022	Петухово
1495101	Петропавловське
1495102	Петропавловський район
1495144	Петрокаменське
1495256	Первомайське
1495259	Первомайське
1495260	Первомайський
1495264	Первомайський район
1495265	Первомайський район
1495385	Пелим
1495439	Павловський район
1495448	Павловськ
1495477	Павлоградський район
1495488	Паутово
1495539	Партизанський район
1495561	Париж
1495583	Парабельський район
1495586	Парабель
1495612	Панкрушихінський район
1495613	Панкрушиха
1495626	Пангоди
1495727	Озеро-Куреєво
1495728	Озеро-Красілово
1495790	Овюрський кожуун
1495797	Овсянка
1495798	Овсово
1495812	Оус
1495974	Осінники
1496073	Орлик
1496096	Орджонікідзевський район
1496100	Ординське
1496101	Ординський район
1496129	Онгудайський район
1496130	Онгудай
1496141	Омутинський район
1496142	Омутинське
1496148	Омський район
1496152	Омська область
1496153	Омськ
1496259	Октябрський район
1496266	Октябрський район
1496327	Оконешніковський район
1496380	Одеське
1496381	Одеський район
1496391	Обуховське
1496421	Об
1496441	Нида
1496476	Нягань
1496503	Ноябрськ
1496511	Новий Уренгой
1496588	Нова Заїмка
1496632	Нововаршавський район
1496651	Новотиришкіно
1496742	Новосибірський район
1496745	Новосибірська область
1496747	Новосибірськ
1496769	Новоселівський район
1496862	Новопокровка
1496877	Новопестерьово
1496878	Новопіщане
1496946	Нова Михайловка
1496958	Новомихайловка
1496971	Новолялинський міський округ
1496976	Новолугове
1496989	Новокузнецький район
1496990	Новокузнецьк
1497095	Новогорний
1497163	Новоасбест
1497173	Новоалтайськ
1497210	Новоаганськ
1497215	Новиково
1497219	Новичихинський район
1497220	Новичиха
1497276	Нова Ляля
1497337	Норильськ
1497339	Норі
1497376	Нижня Тавда
1497384	Соузга
1497386	Нижня Синячиха
1497393	Нижня Салда
1497486	Комар
1497542	Нижньовартовський район
1497543	Нижньовартовськ
1497548	Нижньоудинський район
1497549	Нижньоудинськ
1497551	Нижньотавдинський район
1497563	Нижньоомський район
1497618	Нікольське
1497654	Ніколо-Павловське
1497728	Ніколаєвка
1497729	Ніколаєвка
1497736	Нікітинський
1497778	Нейво-Шайтанський
1497780	Нейво-Рудянка
1497795	Невʼянськ
1497866	Ненінка
1497899	Гальбштадт
1497916	Нефтеюганський район
1497917	Нефтеюганськ
1497930	Називаєвський район
1497973	Научний Городок
1498027	Налобіха
1498067	Нагорний
1498082	Надимський район
1498087	Надим
1498115	Миюта
1498129	Миски
1498161	Мужі
1498179	Муслюмово
1498204	Муромцевський район
1498205	Муромцево
1498248	Мундибаш
1498283	Мугир-Акси
1498313	Мотигінський район
1498314	Мотигіно
1498378	Москаленський район
1498386	Мошковський район
1498389	Мошково
1498399	Моряковський Затон
1498402	Мортка
1498456	Монетний
1498492	Молчановський район
1498493	Молчаново
1498497	Мухор-Черга
1498510	Мокроусовський район
1498549	Мохнатушка
1498589	Мочище
1498633	Мішкино
1498690	Мінусінський район
1498693	Мінусінськ
1498753	Михайловський район
1498775	Михайловське
1498887	Міаське
1498894	Міас
1498919	Міждуріченський
1498920	Междурєченськ
1499007	Мельниково
1499053	Мегіон
1499159	Маймінський район
1499163	Майма
1499244	Маслянинський район
1499247	Маслянино
1499276	Марʼянівський район
1499279	Марʼяновка
1499288	Мартюш
1499292	Мартиново
1499345	Маріїнськ
1499346	Маріїнський район
1499350	Маріїнськ
1499386	Манжерок
1499401	Манський район
1499425	Мамонтовський район
1499428	Мамонтово
1499457	Малий Яломан
1499668	Малишева
1499732	Малоугреньово
1499779	Малинове Озеро
1500033	Макушинський район
1500036	Макушино
1500093	Макаракський
1500252	Луговський
1500335	Лосиний
1500386	Локтівський район
1500399	Локосово
1500426	Лобва
1500468	Листвянський
1500532	Линьово
1500607	Лісосибірськ
1500614	Лісне
1500629	Лісниково
1500664	Ленінськ-Кузнецький район
1500665	Ленінськ-Кузнецький
1500740	Лебʼяжівський район
1500764	Лебʼяже
1500770	Лебʼяже
1500933	Лабитнангі
1500935	Лаборова
1500954	Кизилський кожуун
1500962	Кизил-Хай
1500973	Кизил
1500989	Китмановський район
1500990	Китманово
1500997	Киштим
1500998	Киштовський район
1501000	Киштовка
1501118	Кузедеєво
1501129	Куйбишевський район
1501141	Куйбишев
1501178	Кутопʼюган
1501253	Куртамиський район
1501255	Куртамиш
1501296	Жана-Аул
1501302	Курʼїнський район
1501312	Курганська область
1501321	Курган
1501347	Курай
1501354	Курагінський район
1501356	Курагіно
1501362	Купинський район
1501365	Купино
1501366	Купчегень
1501377	Кунгуртуг
1501399	Кунашацький район
1501402	Кунашак
1501429	Куминський
1501455	Кулундинський район
1501460	Кулунда
1501573	Кудряшовський
1501693	Крутіхинський район
1501706	Крутіха
1501795	Кривошиїно
1501803	Криводановка
1501876	Красний Яр
1501894	Красний Яр
1501925	Красний Октябр
1501972	Красний Боєць
1501988	Краснозерське
1501989	Краснозерський район
1502013	Красне
1502020	Красноярський край
1502026	Красноярськ
1502060	Красноуральськ
1502061	Краснотурʼїнськ
1502062	Краснотуранський район
1502063	Краснотуранськ
1502065	Краснощоковський район
1502066	Краснощоково
1502072	Красноселькупський район
1502091	Краснообськ
1502100	Красногвардійський
1502105	Красногорське
1502107	Красногорський район
1502112	Красногорський
1502113	Красногорський
1502125	Красноармійський район
1502191	Кропивинський округ
1502192	Кропивинський
1502206	Козульський район
1502257	Кожевниково
1502280	Коєлга
1502386	Косіхинський район
1502387	Косіха
1502421	Кош-Агацький район
1502422	Кош-Агач
1502536	Коркіно
1502603	Копєйськ
1502697	Кондинське
1502699	Кондинський район
1502725	Югорськ
1502750	Комуністичеський
1502815	Коливанський район
1502822	Коливань
1502847	Кольцово
1502862	Колпашево
1502993	Кокші
1503037	Кодинськ
1503053	Кочковський район
1503061	Кочки
1503080	Коченевський район
1503082	Коченево
1503153	Ключі
1503166	Ключівський район
1503169	Ключевськ
1503277	Кісельовськ
1503335	Кіровград
1503481	Хулімсунт
1503726	Харп
1503771	Ханти-Мансійський район
1503772	Ханти-Мансійськ
1503773	Ханти-Мансійський автономний округ — Югра
1503796	Хандагайти
1503834	Хакасія
1503856	Хабари
1503857	Хабарський район
1503861	Хабаровка
1503878	Кетовський район
1503879	Кетово
1503899	Кемеровський район
1503900	Кемеровська область
1503901	Кемерово
1503931	Кедрове
1504019	Казанське
1504020	Казанський район
1504075	Казачинське
1504076	Казачинський район
1504153	Каяшкан
1504189	Катунське
1504193	Усть-Катунь
1504199	Катково
1504208	Катайський район
1504212	Катайськ
1504250	Каслинський район
1504251	Каслі
1504317	Картали
1504318	Карталинський район
1504331	Карпунінський
1504343	Карпинськ
1504377	Каргатський район
1504380	Каргат
1504382	Каргасок
1504384	Каргапольський район
1504442	Каратузьке
1504443	Каратузький район
1504478	Карасуцький район
1504489	Карасук
1504590	Карагайла
1504624	Карабінка
1504636	Карабаш
1504681	Канський район
1504682	Канськ
1504716	Канашево
1504762	Камишловський район
1504769	Комишлов
1504816	Камлак
1504826	Каменськ-Уральський
1504832	Каменський міський округ
1504833	Каменський район
1504850	Мис Каменний
1504871	Камінь-на-Обі
1504907	Каменка
1504968	Калтай
1504972	Калтан
1504979	Калманський район
1504985	Калманка
1505003	Калиново
1505187	Каа-Хем
1505212	Ізумруд
1505227	Іжморський район
1505228	Іжморський
1505260	Івдель
1505383	Ітатський
1505424	Іскітимський район
1505429	Іскітим
1505438	Ісилькуль
1505447	Ішимський район
1505453	Ішим
1505466	Ісетське
1505468	Ісетський район
1505472	Ісеть
1505526	Ірбіт
1505529	Ірбейське
1505530	Ірбейський район
1505570	Іня
1505571	Іня
1505579	Інта
1505584	Інський
1505616	Інегень
1505915	Ільїнка
1505932	Іланський район
1505933	Іланський
1505946	Іковка
1505965	Ігрім
1505991	Ігарка
1505998	Ідринське
1505999	Ідринський район
1506073	Гурʼєвськ
1506107	Грязновське
1506131	Гришковка
1506192	Грамотеїно
1506217	Горскіно
1506244	Горний Щит
1506254	Горний
1506260	Горняк
1506268	Горноправдинськ
1506271	Горно-Алтайськ
1506272	Республіка Алтай
1506394	Плотниково
1506418	Гоньба
1506420	Голишмановський район
1506422	Голишманово
1506499	Глядянське
1506676	Гарі
1506712	Галкинське
1506810	Фірсово
1506909	Фадюшина
1506922	Евенкійський район
1506938	Ерзин
1506962	Елекмонар
1507035	Дзержинське
1507059	Дворіченськ
1507116	Дудінка
1507125	Дубровка
1507155	Дубровіно
1507221	Доволенський район
1507239	Дорогино
1507300	Долгодеревенське
1507374	Дмитрієвка
1507379	Дивногорськ
1507390	Діксон
1507488	Дегтярськ
1507564	Далматовський район
1507565	Далматово
1507611	Чуртан
1507634	Чунський район
1507636	Чунський
1507674	Чулимський район
1507679	Чулим
1507715	Чугунаш
1507741	Чойський район
1507745	Чоя
1507755	Чкаловський район
1507795	Чистоозерний район
1507801	Чистогорський
1507849	Чимеєво
1507895	Чибіт
1507924	Чесменський район
1507926	Чесма
1508054	Чорногорськ
1508060	Черницьк
1508150	Черга
1508155	Черепановський район
1508161	Черепаново
1508168	Черемиш
1508217	Черемшанка
1508230	Черемне
1508260	Новобірилюси
1508285	Чемал
1508290	Челябінська область
1508291	Челябінськ
1508338	Чебулинський округ
1508346	Чебаркульський район
1508350	Чебаркуль
1508407	Частоозерський район
1508427	Чаришське
1508428	Чаришський район
1508458	Чани
1508459	Чановський район
1508501	Чадан
1508517	Бистрий Істок
1508520	Бистрянка
1508527	Бистроістоцький район
1508589	Бутка
1508616	Бурсоль
1508628	Бурлинський район
1508636	Бурла
1508715	Буланаш
1508802	Бродокалмак
1508811	Бреди
1508812	Брединський район
1508918	Боровіха
1508943	Бородіно
1509031	Великий Яломан
1509484	Великоулуйський район
1509494	Большеріччя
1509505	Великомуртинський район
1509514	Квашнинське
1509819	Болотне
1509820	Болотнинський район
1509844	Богучани
1509845	Богучанський район
1509846	Боградський район
1509850	Боготольський район
1509852	Боготол
1509887	Богдановицький міський округ
1509888	Богданович
1509897	Богашово
1509929	Бобровський
1509955	Бобровка
1509958	Бобровка
1509987	Благовіщенський район
1509999	Благовіщенка
1510016	Бійський район
1510018	Бійськ
1510019	Бійка
1510041	Бірюсинськ
1510050	Бірюля
1510060	Бірилюський район
1510122	Бейський район
1510149	Бешенцево
1510198	Березівський район
1510203	Березовський
1510205	Березовський
1510214	Березово
1510255	Березівка
1510283	Березовка
1510344	Бердюзький район
1510350	Бердськ
1510370	Білий Яр
1510395	Біляші
1510421	Білозерське
1510450	Білоярський
1510451	Білоярський
1510469	Бєлово
1510491	Білорічка
1510502	Білокуриха
1510514	Білогорськ
1510601	Бехтемір-Аникіно
1510633	Базой
1510665	Баюновські Ключі
1510687	Байкитський район
1510689	Байкит
1510690	Бай-Хаак
1510697	Байкалово
1510708	Баєвський район
1510709	Баєво
1510736	Баян-Кол
1510779	Бастан
1510817	Барзас
1510821	Баришево
1510842	Барсово
1510853	Барнаул
1510899	Баранникова
1510911	Барабінський район
1510916	Барабінськ
1510924	Бараба
1510943	Баликча
1510996	Балахтинський район
1510998	Балахта
1511057	Бакчар
1511087	Баганський район
1511094	Баган
1511103	Бачатський
1511135	Азово
1511146	Азанка
1511205	Аять
1511217	Ая
1511300	Аскизький район
1511309	Асіно
1511329	Асбестовський
1511330	Асбест
1511361	Артишта
1511364	Артибаш
1511368	Артемовський
1511380	Аромашевський район
1511381	Аромашево
1511382	Армізонське
1511383	Армізонський район
1511424	Аргаяшський район
1511428	Аргаяш
1511466	Араміль
1511494	Анжеро-Судженськ
1511519	Антоньєвка
1511540	Антипино
1511646	Андра
1511674	Амурський
1511696	Амдерма
1511709	Алзамай
1511730	Алтайський район
1511731	Алтайський край
1511732	Алтайський край
1511736	Алтайське
1511752	Альменєвський район
1511780	Алейський район
1511783	Алейськ
1511846	Александровське
1511850	Александровський район
1511954	Алапаєвськ
1511997	Акташ
1512019	Аксарка
1512064	Ак-Довурак
1512086	Академгородок
1512101	Агіриш
1512102	Агінське
1512153	Адамовський район
1512163	Ачинський район
1512165	Ачинськ
1512205	Абаза
1512209	Абатський район
1512210	Абатське
1512216	Абанський район
1512218	Абан
1512236	Абакан
1512238	Абагур
1535879	Урськ
1535927	Чемальський район
1535928	Німецький національний район
1535929	Суєтський район
1535930	Шелаболіхинський район
1535931	Барнаульський міський округ
1536221	Полевський міський округ
1536289	Снєжинськ
1536529	Шувакіш
1536648	Істок
1536757	Приобʼє
1538634	Озерськ
1538635	Желєзногорськ
1538636	Новоуральськ
1538637	Сєвєрськ
1538640	Свободний
1538642	Сибірський
1539045	Малиновський
1539142	Нові Зорі
1539209	Губкінський
1539210	Пурпе
1539503	Скатинське
1539582	Іогач
1540356	Радужний
1540484	Кедровий
1540711	Муравленко
1540853	Тимирязевський
1540905	Рощино
1541359	Лянтор
1544583	Уйське
2012349	Красний Чикой
2012468	Златоустівськ
2012482	Зимінський район
2012484	Зима
2012510	Жирекен
2012529	Жиганський улус
2012530	Жиганськ
2012544	Жемчуг
2012557	Залізногорськ-Ілімський
2012570	Жатай
2012589	Зейський район
2012593	Зея
2012624	Завітінський район
2012626	Завітінськ
2012687	Занадворовка
2012700	Заларинський район
2012702	Заларі
2012726	Закаменський район
2012728	Закаменськ
2012734	Заіграєвський район
2012735	Заіграєво
2012779	Забайкальський район
2012780	Забайкальськ
2012874	Итик-Кюйоль
2012899	Иллимах
2012938	Єрофей Павлович
2012958	Єравнинський район
2013032	Катеринославка
2013159	Якутськ
2013162	Саха
2013174	Яковлівський район
2013209	Яблуново
2013216	Високогірний
2013225	Річка Видріно
2013226	Видріно
2013228	Вяземський район
2013229	Вяземський
2013270	Вознесенка
2013326	Волочаєвка-2
2013333	Волкове
2013348	Владивосток
2013375	Витим
2013392	Вілюйськ
2013399	Вихорівка
2013441	Вершино-Шахтамінський
2013442	Вершино-Дарасунський
2013459	Верх-Усуглі
2013462	Верхоянський улус
2013465	Верхоянськ
2013638	Верхньовілюйський улус
2013639	Верхньовілюйськ
2013652	Верхньобуреїнський район
2013781	Утулік
2013847	Усть-Янський улус
2013894	Усть-Ординський
2013917	Усть-Майський улус
2013923	Усть-Кут
2013942	Усть-Карськ
2013952	Усть-Ілімськ
2013986	Усть-Баргузин
2013999	Усть-Алданський улус
2014006	Уссурійськ
2014022	Усольє-Сибірське
2014025	Усольський район
2014038	Ушумун
2014078	Уруша
2014128	Урік
2014232	Верхній Умикей
2014369	Ульоти
2014372	Ульотівський район
2014399	Ульчський район
2014624	Удачний
2014694	Тирма
2014714	Тиндінський район
2014718	Тинда
2014743	Тигда
2014779	Турунтаєво
2014808	Турка
2014833	Тура
2014836	Тупик
2014864	Тункинський район
2014882	Тунгокоченський район
2014885	Тунгіро-Ольокминський район
2014922	Тулунський район
2014927	Тулун
2014966	Тугуро-Чуміканський район
2015002	Циммермановка
2015136	Тополево
2015174	Томпонський улус
2015179	Томмот
2015217	Токур
2015306	Тіксі
2015310	Фокіно
2015351	Тернейський район
2015352	Терней
2015455	Тавричанка
2015470	Татаурово
2015545	Тарбагатай
2015547	Тарбагатай
2015576	Танхой
2015607	Тамбовський район
2015608	Тамбовка
2015646	Талдан
2015686	Талакан
2015701	Таксимо
2015707	Тахтамигда
2015833	Свободний
2015840	Свободненський район
2015842	Свірськ
2015912	Сунтарський улус
2015913	Сунтар
2016007	Стойба
2016109	Сретенський район
2016110	Стрітенськ
2016170	Середньобіла
2016184	Спаський район
2016187	Спаськ-Дальній
2016205	Сотниково
2016216	Сосново-Озерське
2016277	Соловйовськ
2016304	Солнечний район
2016307	Солнечний
2016363	Софійськ
2016402	Смоляніново
2016405	Смоленка
2016411	Смідовицький район
2016412	Смідович
2016415	Слюдянський район
2016422	Слюдянка
2016430	Словʼянка
2016442	Сковородінський район
2016443	Сковородіно
2016477	Сіваки
2016532	Сінда
2016588	Сибірцево
2016650	Шкотовський район
2016680	Широкий
2016700	Шимановський район
2016701	Шимановськ
2016703	Шилкинський район
2016708	Шилка
2016756	Шелопугінський район
2016757	Шелопугіно
2016764	Шелехов
2016805	Шаралдай
2016907	Сєверомуйськ
2016909	Півнінчо-Байкальський район
2016910	Сєверобайкальськ
2016941	Серишевський район
2016942	Серишеве
2016977	Срібний Бір
2017042	Селіхіно
2017058	Селенгинський район
2017059	Селенгинськ
2017063	Селендума
2017066	Селемджинський район
2017128	Нижній Саянтуй
2017155	Саскилах
2017215	Сангар
2017409	Ромни
2017411	Ромненський район
2017451	Острів Рейнеке
2017452	Реттіховка
2017478	Роздольне
2017487	Райчихінськ
2017623	Приморський край
2017632	Приісковий
2017644	Прибайкальський район
2017645	Приаргунський округ
2017646	Приаргунськ
2017648	Приамурський
2017697	Пожарський район
2017705	Пояркове
2017728	Посьєт
2017824	Покровськ
2017847	Погранічний район
2017851	Пограничний
2017944	Петровськ-Забайкальський район
2017945	Петровськ-Забайкальський
2017979	Петропавлівка
2018021	Первомайський
2018069	Пеледуй
2018110	Партизанський район Приморського краю
2018116	Партизанськ
2018207	Ойок
2018214	Овсянка
2018281	Осинський район
2018365	Орловський
2018405	Хангаласький улус
2018427	Ононський район
2018436	Онохой
2018498	Оловʼянна
2018500	Оловяннінський район
2018527	Ольхонський район
2018541	Ольгинський район
2018553	Ольга
2018564	Оленьоцький улус
2018569	Олекминський улус
2018571	Олекминськ
2018606	Жовтневий округ
2018608	Октябрський район
2018609	Октябрський район
2018610	Октябрський район Приморського краю
2018629	Окинський район
2018630	Окіно-Ключі
2018662	Огоджа
2018719	Облучʼє
2018720	Облученський район
2018735	Нюрба
2018795	Нукутський район
2018811	Новий Заган
2018813	Новий Уоян
2018857	Новосисоєвка
2018859	Новосретенка
2018888	Новопокровка
2018896	Новопавловка
2018925	Новокручинінський
2018930	Новокіжингинськ
2018964	Новобурейське
2019009	Нова Брянь
2019118	Нижній Цасучей
2019135	Нижній Куранах
2019167	Нижній Бестях
2019199	Нижньоангарськ
2019242	Нікольськ
2019257	Ніколаєвський
2019266	Ніколаєвка
2019289	Ніжино
2019296	Невер
2019309	Нерюнгрі
2019322	Нерчинсько-Заводський район
2019323	Нерчинський Завод
2019324	Нерчинський район
2019326	Нерчинськ
2019388	Некрасовка
2019429	Наушки
2019483	Нанайський район
2019488	Намці
2019491	Намський улус
2019528	Находка
2019548	Надеждинський район
2019707	Мухоршибірський район
2019710	Мухоршибір
2019718	Мухен
2019756	Мотня
2019819	Монастирище
2019867	Мохсоголлох
2019884	Могзон
2019887	Могойтуйський район
2019892	Могойтуй
2019909	Могочинський район
2019912	Могоча
2019935	Многовершинний
2019936	Многоудобноє
2019945	Мишельовка
2019951	Мирний
2019952	Мирнинський улус
2019985	Михайлівський район
2019986	Михайлівський район
2020117	Мазановський район
2020121	Майя
2020302	Мамсько-Чуйський район
2020559	Маккавієво
2020589	Магдагачинський район
2020591	Магдагачі
2020595	Маган
2020644	Ляличі
2020687	Лучки
2020689	Лучегорськ
2020707	Лондоко-завод
2020738	Литовко
2020744	Ліствянка
2020812	Лісозаводськ
2020824	Лермонтовка
2020838	Ленськ
2020841	Ленінське
2020845	Ленінський район
2020846	Ленінський район
2020847	Нюрбинський улус
2020848	Ленінський
2020871	Лебединий
2020883	Лазовський район
2021017	Кисил-Сир
2021029	Киринський район
2021031	Кирен
2021041	Кира
2021063	Кяхтинський район
2021066	Кяхта
2021094	Куйтун
2021185	Курумканський район
2021188	Курумкан
2021207	Курорт-Дарасун
2021343	Култук
2021370	Кульдур
2021434	Кудара-Сомон
2021617	Краснокаменський район
2021618	Краснокаменськ
2021766	Корфовський
2021792	Константіновський район
2021799	Константиновка
2021851	Комсомольськ-на-Амурі
2021908	Кокуй
2021940	Коболдо
2021954	Князе-Волконське
2021980	Ключевський
2021992	Кличка
2022001	Кіжингинський район
2022003	Кіжинга
2022059	Кіровський район Приморського краю
2022082	Кіренський район
2022083	Кіренськ
2022129	Кічера
2022143	Хужир
2022174	Хурба
2022288	Хорольський район
2022289	Хороль
2022301	Хоринський район
2022304	Хоринськ
2022317	Хор
2022331	Хонхолой
2022369	Холтосон
2022394	Холбон
2022454	Хінганськ
2022461	Хілоцький район
2022463	Хілок
2022584	Хасанський район
2022586	Хасан
2022887	Хабаровський район
2022888	Хабаровський край
2022890	Хабаровськ
2022899	Кежемський район
2023094	Каримське
2023095	Каримський район
2023225	Каменськ
2023226	Камінь-Риболов
2023283	Калганський район
2023286	Калга
2023295	Каларський округ
2023298	Калангуй
2023324	Кадая
2023349	Кабанський район
2023350	Кабанськ
2023360	Ізвестковий
2023377	Іволгинськ
2023386	Івановський район
2023425	Ітака
2023427	Істок
2023464	Іркутський район
2023468	Іркутська область
2023469	Іркутськ
2023584	Імені Поліни Осипенко
2023634	Ілька
2023655	Ільїнка
2023773	Гутай
2023778	Гусине Озеро
2023782	Гусиноозерськ
2023795	Гурське
2023852	Новогрудініна
2023920	Горний
2023943	Горін
2024122	Газімурський Завод
2024124	Газімуро-Заводський район
2024153	Гашей
2024340	Есе-Хайя
2024461	Екімчан
2024464	Ехірит-Булагатський район
2024574	Джидинський район
2024579	Джида
2024810	Дульдургинський район
2024812	Дульдурга
2024848	Дровʼяна
2024893	Домна
2025095	Давенда
2025099	Даурія
2025121	Дарасун
2025158	Дальнєрєченський район Приморського краю
2025159	Дальнєрєченськ
2025256	Чумікан
2025261	Чульман
2025285	Чугуївський район
2025286	Чугуївка
2025332	Читинський район
2025339	Чита
2025391	Чикой
2025455	Чернишевський район
2025456	Чернишевський
2025458	Чернишевськ
2025460	Чернишовка
2025486	Чернігівський район
2025489	Чернігівка
2025526	Черемховський район
2025527	Черемхово
2025579	Чегдомин
2025630	Чара
2025691	Чагда
2025915	Бурейський район
2025917	Бурея
2026023	Букачача
2026054	Будулан
2026092	Братський район
2026126	Борзя
2026128	Борзинський район
2026160	Борогонци
2026278	Великий Куналей
2026303	Великий Камінь
2026403	Велика Тура
2026543	Боханський район
2026544	Бохан
2026583	Бодайбо
2026584	Бодайбинський район
2026607	Благовєщенський район
2026609	Благовєщенськ
2026618	Благодатне
2026639	Єврейська автономна область
2026641	Біробіджанський район
2026643	Біробіджан
2026657	Біракан
2026659	Біра
2026663	Білютай
2026693	Бікінський район
2026696	Бікін
2026705	Бичурський район
2026708	Бичура
2026718	Безіменний
2026777	Беркакіт
2026786	Березовий
2026861	Бердігестях
2026893	Бєлогорський район
2026895	Бєлогорськ
2026979	Байкальськ
2027002	Баянгол
2027003	Баяндаївський район
2027004	Баяндай
2027013	Баунтовський евенкійський район
2027042	Батагай-Алита
2027044	Батагай
2027104	Баргузинський район
2027109	Баргузин
2027142	Барабаш
2027162	Бальзой
2027173	Баляга
2027182	Балейський район
2027184	Балей
2027198	Балаганськ
2027244	Багдарин
2027275	Бада
2027276	Бабушкін
2027277	Бабсьтово
2027296	Айхал
2027316	Аян
2027373	Атамановка
2027456	Артем
2027464	Аршан
2027468	Арсеньєв
2027485	Архаринський район
2027487	Архара
2027549	Арбагар
2027594	Анучинський район
2027596	Анучино
2027667	Ангарськ
2027729	Анабарський улус
2027740	Амурзет
2027744	Амурський район
2027748	Амурська область
2027749	Амурськ
2027779	Амгинський улус
2027786	Амга
2027806	Амазар
2027905	Таттинський улус
2027933	Александровський Завод
2027942	Александрово-Заводський район
2027964	Алданський улус
2027968	Алдан
2027984	Аларський район
2028024	Акшинський район
2028028	Акша
2028078	Агінське
2028079	Агінський район
2028094	Агінський Бурятський округ
2028149	Аблатукан
2028158	Абагайтуй
2028164	Депутатський
2047258	Новий Ургал
2050912	Іволгинський район
2050913	Тарбагатайський район
2050914	Муйський район
2050915	Бурятія
2050918	Ангарський міський округ
2050919	Балаганський район
2050920	Шелеховський район
2051471	Дальнєгорськ
2051523	Братськ
2055166	Саянськ
2055811	Янчукан
2055815	Куанда
2055822	Нова Чара
2056520	Українка
2056752	Хабаровськ II
2118647	Вілючинськ
2119283	Зирянка
2119370	Завіти Ілліча
2119441	Южно-Сахалінськ
2119443	Южно-Курильський район
2119447	Южно-Курильськ
2119537	Єлізовський район
2119538	Єлізово
2119626	Ягодне
2119629	Ягоднинський район
2119640	Яблочне
2119641	Взморʼє
2119645	Вивєнка
2119701	Восток
2119711	Восточне
2119872	Верхньоколимський улус
2119929	Ванінський район
2119932	Ваніно
2119962	Вал
2119964	Вахрушев
2120047	Усть-Омчуг
2120048	Усть-Нера
2120058	Усть-Камчатський район
2120062	Усть-Большерецький район
2120257	Углезаводськ
2120259	Углегорський район
2120261	Углегорськ
2120271	Ударне
2120334	Тимовське
2120335	Тимовський район
2120400	Тунгор
2120452	Троїцьке
2120528	Томарінський район
2120530	Томарі
2120591	Тилічики
2120593	Тихменево
2120608	Тигільський район
2120612	Тигіль
2120639	Тенькинський район
2120864	Сусуман
2120865	Сусуманський район
2121024	Середньоколимський улус
2121025	Середньоколимськ
2121026	Середньоканський район
2121033	Спорне
2121048	Совєтсько-Гаванський район
2121052	Совєтська Гавань
2121103	Сокіл
2121113	Соболевський район
2121125	Смирниховський район
2121126	Смирних
2121197	Синегорʼє
2121198	Сінегорськ
2121281	Широкий
2121324	Шебуніно
2121367	Шахтьорськ
2121373	Сеймчан
2121383	Сєверо-Курильський район
2121385	Сєверо-Курильськ
2121386	Північно-Евенський район
2121529	Сахалінська область
2121874	Правда
2121906	Поронайський район
2121909	Поронайськ
2122090	Певек
2122104	Петропавловськ-Камчатський
2122180	Пенжинський район
2122229	Паратунка
2122256	Палатка
2122262	Палана
2122293	Озерновський
2122308	Оймяконський улус
2122311	Оймякон
2122334	Отрада
2122389	Оссора
2122414	Оротукан
2122490	Омсукчанський район
2122518	Олюторський район
2122529	Ольський район
2122574	Ола
2122603	Охотський район
2122605	Охотськ
2122610	Охінський район
2122614	Оха
2122748	Новиково
2122782	Ноглицький район
2122783	Ноглики
2122843	Нікольське
2122850	Ніколаєвськ-на-Амурі
2122851	Ніколаєвський район
2122860	Нижньоколимський улус
2122891	Невельський район
2122894	Невельськ
2123100	Мяунджа
2123220	Момський улус
2123277	Мільковський район
2123292	Мгачі
2123371	Майський
2123605	Макаровський район
2123614	Макаров
2123621	Маго
2123627	Магаданська область
2123628	Магадан
2123688	Лососіна
2123805	Леонідово
2123836	Лазарєв
2123978	Курильський район
2123979	Курильськ
2124187	Красногорськ
2124282	Корсаковський район
2124286	Корсаков
2124440	Ключі
2124611	Холодний
2124615	Холмськ
2124956	Катангли
2124988	Карагінський район
2125034	Камʼянське
2125072	Камчатський край
2125472	Горнозаводськ
2125620	Гатка
2125626	Гастелло
2125693	Евенськ
2125711	Ессо
2125801	Ехабі
2125913	Дуе
2125945	Долинськ
2126018	Де-Кастрі
2126025	Дебін
2126099	Чукотський автономний округ
2126123	Чокурдах
2126250	Чехов
2126275	Чаунський район
2126347	Бистринський район
2126359	Биков
2126407	Бурхала
2126493	Бошняково
2126638	Богородське
2126681	Білібінський район
2126682	Білібіно
2126785	Біла Гора
2126838	Бараниха
2126993	Атласово
2127149	Анівський район
2127154	Аніва
2127198	Анадирський район
2127202	Анадир
2127257	Аллаїховський улус
2127270	Алеутський район
2127281	Александровськ-Сахалінський район
2127282	Александровськ-Сахалінський
2127365	Абийський улус
2130918	Кадикчан
2131995	Аннинські Мінеральні Води
2609894	Янтарний
2609901	Мамоново
2609904	Донське
2609906	Балтійськ
4031533	Уелен
4031572	Провіденський район
4031574	Провіденія
4031625	Лоріно
4031637	Лаврентія
4031694	Іультинський район
4031725	Енурміно
4031742	Егвекінот
4031750	Чукотський район
6268245	Пікколово
6268270	Бор
6268329	Новосергієвка
6269121	Гражданка
6283519	Лісний
6283567	Березовка
6283717	Логовське
6283719	Правда
6313621	Магас
6315390	Васьково
6417422	Ізмайлово
6417459	Краснознаменськ
6417541	Мирний
6417635	Зарєчьє
6417876	Нагорне
6418052	Поведники
6418054	Здравниця
6418650	Боярське
6418827	Биково
6418879	Афанасово
6418889	Боровиця
6420951	Рубіхіно
6422231	Вороніно
6423258	Щеликово
6559559	Горішні Плавні	Комсомольськ
6608142	Ботусино
6608329	Борисово
6608654	Бубново
6610370	Чисті Бори
6610734	Зоря
6610738	Первомайське
6610749	Мальцева Курʼя
6610752	Боровий
6610785	Верх-Обський
6610796	Образцовка
6610800	Красний Маяк
6621563	Шевченківський район
6640354	Стан-Бехтемір
6641869	Ціолковський
6641986	Лаврово
6677912	Малопургинський район
6695196	Приозерський район
6695198	Центральний район Сочі
6695202	Лазаревський район
6695754	Когалим
6696686	Пить-Ях
6696767	Лангепас
6697077	Київський
6698375	Демечі
6698616	Яйлю
6724144	Шовкопляси
6853140	Лісний
6864933	Новий Городок
6930055	Муромцево
6930327	Славутич
6930544	Розгірче	Розгирче
6930874	Малокурильське
6931086	Пересвєт
6986274	Лазарівка
7021003	Ізумрудне
7025405	Новоозерне
7034948	Прибережне
7035124	Володимирівка
7039160	Шкільне
7042341	Улибишево
7044287	Старий Алтинжар
7044299	Алтинжар
7080666	Заноги
7092950	Угли
7117883	Зарваниця
7117885	Радужний
7280677	Дениші
7287775	Нижньосортимський
7289676	Покачі
7290697	Ізлучинськ
7303363	Джейрахський район
7303714	Четфалва	Четово
7303923	Степове	Степове
7427596	Марусине
7442441	Октябрський
7453280	Верх-Бійськ
7458389	Кусак
7523882	Наумово
7525990	Південноукраїнськ	Южноукраїнськ
7536147	Сінгапай
7536152	Стаїще
7585522	Іскіно
7585554	Стуколкіно
7601828	Ногінськ-9
7606562	Градниці
7687757	Цигулі
7750617	Політотдєл
7779061	Забайкальський край
7893534	Масліха
7896555	Саган-Нур
8051463	Задовга
8063866	Гаївка
8145289	Ворошиловський район
8224892	Дальзаводське
8243822	Циганівці
8243855	Малі Селменці
8244758	Чабанівка
8245265	Кайданово
8245852	Тисаашвань
8247710	Грибівці
8248326	Павшино
8250815	Карпати
8253005	Гетен
8274140	Міжлісне	Новий Вербовець|Пушкіно
8275170	Балажер
8275283	Притисянське
8299506	Новофрязіно
8299507	Ново
8305525	Скнятине
8309981	Бережесть	Бережесть
8331526	Біла Церква
8335370	Михалково
8341919	Вараш	Кузнецовськ
8377491	Іскорость	Красний
8385965	Батьківщина	Батьківщина
8389106	Репище
8410751	Утьос
8424039	Павлівка
8425605	Бендюга	Биндюга
8435600	Садгірський район
8441963	Франівка
8449683	Феодосійська міська рада	Велика Феодосія|Феодосійська міськрада
8449684	Сімферопольська міська рада	Сімферопольська міськрада
8449685	Сакська міська рада	Сакська міськрада
8449687	Ялтинська міська рада	Велика Ялта|Ялтинська міськрада
8449688	Алуштинська міська рада	Алуштинська міськрада|Велика Алушта
8449689	Армянська міська рада	Армянська міськрада
8449690	Джанкойська міська рада	Джанкойська міськрада
8449691	Євпаторійська міська рада	Євпаторійська міськрада
8449692	Керченська міська рада	Керченська міськрада
8449693	Красноперекопська міська рада	Красноперекопська міськрада
8459163	Берегове	Берегове|Заріччя
8465556	Дуга	Дуга
8468653	Кремидівка
8468661	Унів
8468666	Нові Стрілища	Нові Стрілиська|Нові Стріличі|Стреліски-Нові
8468684	Надрічне	Дрищів
8468687	Куликів	Куликів
8468688	Глинськ	Глинськ
8468710	Дерганівка
8468729	Заклад
8468750	Українка
8468752	Дуброва
8468760	Новояворівськ	Янтарне
8468968	Червоне
8476326	Єлівка	Елівка
8504651	Софіївська Борщагівка
8504665	Мотовилівка
8504779	Крюківщина
8504959	Санкт-Петербург-Фінляндський
8505053	Східне Дегуніно
8505058	Бубнище
8505059	Онишківці
8516167	Горенка	Папірня
8519882	Хотянівка
8519915	Биківня	Биківня
8519952	Чабани
8520167	Деснянський район	Ватутінський район|Деснянський район Києва|Деснянський район м. Києва|Деснянський район міста Києва
8520891	Східний адміністративний округ
8520892	Новомосковський адміністративний округ
8520893	Троїцький адміністративний округ
8521318	Адміралтейський район
8521319	Колпінський район
8521321	Курортний район
8521322	Петродворцовий район
8521323	Пушкінський район Санкт-Петербурга
8521324	Центральний район
8521509	Кучаків
8524551	Проліски
8526612	Підлісся
8555634	Шлях
8604483	Благовєщенська
8604623	Овсяниково
8617246	Евено-Битантайський улус
8617247	Вілюйський улус
8628997	Сканово
8630647	Бухалове
8675153	Підосинки
8693025	Дніпровський район	Дніпровський район
8695977	Горянщина
8695983	Онацьки
8696018	Трояни
8696019	Судівка
8696021	Лани
8696029	Веселівка
8696991	Проні
8697049	Кардашівка
8697062	Олефірщина
8697069	Кононенки
8719203	Широке
8725192	Попівка
8725195	Сохацька Балка
8725197	Борисівка
8725198	Одарюківка
8725200	Петренки
8725205	Кучерівка
8729606	Єрківці
8998638	Іванівка
8999050	Краснокамʼянка
9030644	Алчевська міська рада
9030653	Брянківська міськрада	Брянківська міська рада
9030655	Кіровська міська рада	Кіровська міська рада|Кіровська міська рада Луганської області|Кіровська міськрада|Кіровська міськрада Луганської області
9030660	Краснодонська міська рада	Краснодонська міськрада
9030664	Первомайська міська рада	Первомайська міська рада|Первомайська міськрада
9030668	Довжанський район	Свердловський район
9030670	Стахановська міська рада	Стахановська міськрада
9030686	Торезька міська рада	Торезька міськрада
9030689	Ясинуватська міська рада
9030980	Докучаєвська міська рада	Докучаєвська міськрада
9036888	Селище радгоспу Петровський
9072681	Пермська область
9072992	Драбове-Барятинське
9101597	Лозівська міська рада	Лозівська міськрада
9112939	Тернівська міська рада
9112940	Першотравенська міська рада
9113825	Стінки
9114137	Ягідне	Ягідне
9114284	Харківська міська рада	Харківська міськрада
9114317	Чугуївська міська рада	Чугуївська міськрада
9114637	Новотошківське
9115479	Печенізький район
9115610	Люботинська міська рада	Люботинська міськрада
9130025	Бердянська міська рада	Бердянська міськрада
9130026	Мелітопольська міська рада
9130027	Великобілозерський район
9130028	Енергодарська міська рада	Енергодарська міськрада
9130138	Токмацька міська рада
9133385	Розівський район
9133386	Хортицький район
9133387	Запорізький район
9194082	Охтирська міська рада
9194084	Купʼянська міська рада	Купʼянська міськрада
9194204	Златопільська міська рада
9194269	Нікопольська міська рада
9195395	Полтавська міська рада
9195607	Синельниківська міська рада
9195608	Самарівська міська рада
9195899	Дніпровська міська рада	Дніпро|Дніпропетровська міська рада
9197248	Камʼянська міська рада	Дніпродзержинська міська рада|Камʼянська міська рада
9197250	Петриківський район
9197254	Ізюмська міська рада
9197278	Лебединська міська рада	Лебединська міськрада
9199541	Павлоградська міська рада
9199653	Коломацький район
9199695	Юрʼївський район
9199696	Глухівська міська рада
9199697	Сумська міська рада	Сумська міськрада
9199698	Покровська міська рада	Орджонікідзевська міська рада|Покровська міська рада
9199699	Вільногірська міська рада
9199822	Курово
9287851	Володимир-Волинська міська рада
9287853	Ковельська міська рада|Ковельський район	Ковельська міськрада
9287950	Луцька міська рада
9288591	Вараська міська рада
9289908	Шацький район
9289932	Нововолинська міська рада
9289933	Демидівський район
9289934	Дубенська міська рада
9289935	Млинівський район
9289947	Острозька міська рада|Острозький район	Острожський район
9289988	Рівненська міська рада|Рівненський район	Ровенський район
9290217	Рождественське
9290334	Стрийська міська рада
9290337	Бакаївка
9290342	Моршинська міська рада
9290363	Самбірська міська рада
9290369	Дрогобицька міська рада	Дрогобицька міськрада
9290402	Бориславська міська рада	Бориславська міськрада
9290406	Трускавецька міська рада
9290573	Зорівка
9290734	Сихівський район	Сихівський район
9290763	Шептицька міська рада	Червоноградська міськрада
9290764	Новороздільська міська рада
9291195	Хустська міська рада
9291259	Берегівська міська рада
9291276	Ужгородська міська рада
9291277	Чопська міська рада
9291358	Мукачівська міська рада
9389124	Синьково
9389126	Автополігон
9389393	Єрьомино
9522667	Калуська міська рада
9523736	Івано-Франківська міська рада	Івано-Франківська міськрада|Міська рада Івано-Франківська
9524094	Яремчанська міська рада	Яремчанська міськрада
9524095	Болехівська міська рада	Болехівська міськрада|Болехівський район
9524109	Бурштинська міська рада
9526267	Чортківська міська рада
9526273	Тернопільська міська рада
9526278	Заліщицький район
9526289	Підгаєцький район	Підгаєччина
9532774	Хмельницька міська рада
9532860	Славутська міська рада
9532887	Старокостянтинівська міська рада
9532888	Шепетівська міська рада
9532892	Камʼянець-Подільська міська рада
9532955	Нетішинська міська рада
9533117	Орільське
9533118	Слобожанське
9635330	Новодністровська міська рада
9637102	Чернівецька міська рада
9637195	Герцаївський район
9639576	Вінницька міська рада	Вінницька міськрада
9640165	Могилів-Подільська міська рада
9640174	Жмеринська міська рада
9640241	Козятинська міська рада
9640641	Чернівецький район
9640642	Ладижинська міська рада
9640643	Хмільницька міська рада
9640803	Новоград-Волинська міська рада	Новоград-Волинська сільська рада
9640806	Житомирська міська рада
9640807	Бердичівська міська рада
9640829	Коростенська міська рада
9640830	Малинська міська рада
9642483	Брусилівський район
9644315	Обухівська міська рада
9644319	Переяслав-Хмельницька міська рада	Переяслав-Хмельницька міськрада
9644342	Васильківська міська рада
9644955	Бориспільська міська рада
9644965	Білоцерківська міська рада
9644966	Фастівська міська рада
9644967	Ржищівська міська рада
9644968	Броварська міська рада	Броварська міськрада
9644994	Ірпінська міська рада
9644996	Згурівський район	Турівський район
9644997	Березанська міська рада
9644999	Славутицька міська рада
9794385	Капустино
9795250	Семенково
9806316	Чернігівська міська рада
9806344	Ніжинська міська рада
9806345	Новгород-Сіверська міська рада
9806494	Прилуцька міська рада
9807848	Шосткинська міська рада
9808693	Роменська міська рада
9808694	Конотопська міська рада	Конотопська міськрада|Міська рада Конотопа|Міськрада Конотопа
9808863	Уманська міська рада
9808867	Смілянська міська рада	Смілянська міськрада
9809490	Золотоніська міська рада	Золотоніська міськрада
9811351	Черкаська міська рада	Черкаська міськрада
9811441	Канівська міська рада
9812967	Багачевська міська рада
9813766	Знамʼянська міська рада	Знамʼянська міськрада
9815163	Олександрійська міська рада	Олександрійська міська Рада|Олександрійська міськрада
9815215	Світловодська міська рада	Світловодська міськрада
9815237	Кропивницька міська рада
9819571	Одеська міська громада
9821289	Первомайська міська рада	Первомайська міськрада
9821290	Вознесенська міська рада
9821291	Очаківська міська рада
9821705	Южноукраїнська міська рада
9827992	Горшково
9855472	Лучинське
9864787	Києво-Святошинський район
9877155	Кременчуцька міська рада
9877729	Миргородська міська рада
9877730	Горішньоплавнівська міська рада	Горішньоплавнівська міськрада|Комсомольська міська рада
9878697	Лубенська міська рада
9880180	Криворізька міська рада	Криворізька міськрада
9880181	Жовтоводська міська рада
9880191	Марганецька міська рада
9881948	Арбат
9881949	Басманний район
9881950	Хамовники
9881952	Міщанський
9881953	Пресненський
9881955	Тверський район Москви
9881957	Якиманка
9881958	Замоскворіччя
9881959	Аеропорт
9881960	Біговий
9881961	Дмитровський
9881962	Головинський
9881963	Хорошовський
9881964	Ховріно
9881965	Коптєво
9881967	Лівобережний
9881968	Молжаніновський
9881970	Сокіл
9881971	Тимирязевський
9881973	Войковський
9881975	Олексіївський
9881976	Алтуфʼєвський
9881977	Бабушкінський
9881978	Бібірево
9881979	Бутирський
9881980	Ліанозово
9881983	Лосиноострівський
9881984	Марфіно
9881985	Марʼїна Роща
9881987	Отрадне
9882944	Ростокіне
9882945	Північне Медведково
9882946	Північний
9882947	Свіблово
9882948	Ярославський
9882953	Косіно-Ухтомський
9882960	Сокольники
9882962	Східне Ізмайлово
9882965	Кузьминки
9882986	Південнопортовий
9882998	Чертаново Північне
9882999	Чертаново Центральне
9883000	Чертаново Південне
9883009	Царицино
9883011	Академічний район
9883012	Черемушки
9883013	Гагарінський
9883014	Коньково
9883015	Котловка
9883016	Ломоносовський
9883017	Обручевський
9883018	Північне Бутово
9883019	Теплий Стан
9883020	Ясенево
9883021	Південне Бутово
9883022	Зюзіно
9883030	Крилатське
9883031	Кунцевський район
9883036	Раменки
9883060	Строгіно
9955848	Орево
9972860	Ковригино
9983688	Чорноморське
9983712	Авангард
9983758	Лиманка	Мізікевича
9997505	Івано-Миколаївка
9997869	Калаглія
10048831	Бритівка
10103927	Ольявідово
10172759	Мамаєвський
10172822	Авіаторське
10182645	Сиваш
10344513	Вороновська
10350239	Розквіт
10630029	Татищево
10830840	Вакуленчук	Великі Коровинці-2
10951578	Мирне	Мирне
11077847	Михайлівка
11115218	Тютюнники
11115519	Клюшники
11139464	Стінки
11149565	Нива Трудова
11152093	Діброва
11153095	Ліснівська сільська рада
11153636	Сахарна Головка
11177670	Широке
11189102	Туристичеський Пансіонат «Клязмінське водохранилище»
11205174	Балтачевський район
11205330	Красночикойський район
11205331	Новоорловськ
11205483	Лескенський район
11205600	Ізносковський район
11205689	Бізяєво
11237590	Гурʼєвський округ
11237597	Станове
11238183	Ногайський район
11238302	Березівський район
11238668	Кадошкінський район
11238669	Кандалакський район
11280178	Іннополіс
11497259	Смотрич
11497624	Курчалоєвський район
11566277	Полігон
11778463	Хорошів	Володарськ|Володарськ-Волинський|Горошки|Кутузове
11805249	Новокальчеве
11817987	Тарасівці
11873872	Нові Ляди
11875462	Потіївська сільська  громада
11875606	Зарєччя
11876529	Городок	Городок|Макарів-1
11905954	Баранівська міська громада
11906264	Іршанська селищна громада
11994409	Мала Піца
12047213	Івановка
12070601	Авазбакеєва
12129174	Біле	Біле
12156370	Припруття
12156374	Драниця
12156376	Думени
12156419	Владична
12156558	Заводське
12188613	Шелестове	Шелестово
12216975	Согласіє
12216976	Хвощі
12217455	Нова
12240920	Нова Миколаївка|Стара Миколаївка
12253652	Брод
12500938	Олексіївка	Олексіївка
12503567	Новики
12531611	Єфремовський район
12625552	Іллінський район
12625827	Муравленковський міський округ
12625828	Лабитнангський міський округ
12662540	Вільча
13118887	Агрономічне
13526778	Лісовий масив	Лісовий|Лісовий масив
13526872	Троєщина	Село Троєщина
